urn,draw_count,total_drawn_dai
0xfd3a18443a3459bc77b11a00fab995b917928d6b,7,433.0
0x2aa417172eae53e47e5777d2009b0f89e08c3680,1,20.0
0x17667545b0ffd126924f238399aaa541de0e47bf,670,120507.27965505606
0x47740fc73094d9518a4a5ee33fd326389141dab4,47,6580.1652095
0xb0bc48fd3acab3a4815cb8c5719d5044a706927b,263,1373088.15
0x6828ead985d5fcb552429fead7334f278c9fd907,9,5879.147859119999
0x19c158b42f5565c9fd4782b18494ddad68004cc2,4,256000.0
0x1189b83de4c19010c77310fd54bc00f408c09d46,739,47628761.151349634
0x3d9c6d2468e6623ef06f0da3600d8cfae68e2ec5,33,1010823.06452814
0xf17de415e182548d00c5ad4da40762a4d731a50d,1,20.0
0x9bc80bf048c88e999fd702cfe5db6df4257364ec,29,336753.0
0x5be5ae6001a7c806e9d2eff419cce65fa3dd5c6a,2,210.0
0x4021ff95c09520982707c7c963a76b3a058f3b76,1,16000.0
0x4a9f52bcfa2636f4759fb2af5291e9b820cf7f18,1,22.0
0x35507b544d54a8c1c2080bcf5e6a6f40fe533afd,391,421649.7409666474
0xc94a0e175e61b773211fcdc1f56ccd586be78474,13,6130.0
0x3438d1b8359829219628dee2592b1ddc1a3c18d5,2,5700.0
0xa81698b6757131a5088c0c220e4a2bf6a427bd0e,7,25221.0
0xddc8d2957e3dd57d1a096b9ed46a28bd481974f9,14,309.620727
0x47a9419dc88c59342b42c35af78d9c83052f55d0,4,400.0
0x329330e2a0b094c95f6c4ed49b87a0eae10ddff6,3,455.0
0x35f5bc25f263e1ddb16200ff87664004e0e30f7b,1,2200.0
0x9c942c589ff2a9c1cb0c90ae7eedecbcabbbc389,21,381.242509
0xcbc86c49f789ce1f77bc9a651643153d9fb84f93,1,20.0
0x9c557e62066b9dfb3795d14eb8c29bc6af450580,1,20.0
0x3502df29f57b48f75ca798d8b6f92dd825baf993,9,22965.0
0xbf5d87482efd16192a2b7af5bdebfb8760162080,2,345.0
0xeecc0d2c76401061583337e2a009dde20969207f,215,114715.805
0xc169e21cc0275a72e14f64f0838a1dd13d5c2629,188,42470.82416593964
0x205bce36251e4256e28d6f8a1e938ce33703f2a3,43,31874.72482411
0x6c6c28896cf05c7bb93bf2d8a4cdc1624b60c82b,48,27275.33440713
0x4793a0cd579804f2f9e3d43ce415683663bafc0a,65,40512.43961535904
0x5aeb2a597f2c2ec1e8587ff99225e32dfb722b36,30,18106.88872739
0x03fda3e8ff436163ebcf1a7412b5e0508a258989,1,50.0
0xa9eef9f4e5f70c847673f4d420e6f535a83c5bf0,147,118207.02978878867
0x2189818bf468f1f8abf5174c6fe7c3b7f35a404a,1,64.98
0x68d001bc6ddb4d84dff314dcc8bceebb64200a02,10,618.0
0xf0382471bdeeda4163357a3e5c2ffdfc9e26eba9,198,1368380.1055404055
0x2e43182599238624cb29f71ab57654b9dd828574,1,35.0
0xd59909a56f0e3cddd4910cc8e7fc6b4a5b61fc41,229,222437.80994676257
0x5f53213427e306e16c83aed4983306f44aff2e03,1,100.0
0x73e4b1034440aca93cd2ad8551cff52b59b3c170,5,460.0
0x76fd928a17c75ea12eaab3d3270e5ff82908d422,8,34600.0
0x3cd5e2700d55dab3fe4020fa4e370a0a52511f4b,6,18700.0
0x96c71b673c91bbdec65b5dc27f8f2f6d27c5a8a4,24,1280196.100271857
0xf190881750934376b0a757823d1743fa03cffcc4,5,297.8
0x1d92108e4690cb525e3eb2863596c544f2469dd0,3,23.0
0x78cfc38fe9616febf0ec9f7d8297d5ff65592f42,2,260.0
0xe52de0fef24ca7a1a9ea5763d21c8d90372cafdd,1,20.0
0xc9bc924425485a1e78c429a4fe8de5f932f503a7,14,83272.28
0x4ea4dcb80a1b613f1ffe30f3022703ed7258bbce,7,5700.0
0xc734c0afff409ae0d3472a1c27430291e94b2245,5,151.0
0xde7db5930869ca6ae6b80080d0076baef430a5d2,74,12057.901720670117
0xcd33f8daba13c57f570c47abc9558a91bd0aaeeb,1,130.0
0xf9084473ef2e1d3ea200d919e162a65fc3534dbd,1,58.0
0x1fb80b4a7dffa998c64734e2efedfc61436359f4,51,18972.27
0xd07a686535108f86e9a6afa0cbc53c446ee1a132,11,166264.70799999998
0x286ae2a571d89304801a8364b4ddceb2ba9d6144,19,93883.27815594849
0x5c14762620c9e4bd6b17dcae433f56dc806e38b8,1,15901.471627517149
0xb74f4a9a2000080d404371fe7816e0c573250fa8,43,4893910.0
0x88fab5cca46a843844f0f27449a9fa8ce3e59119,38,2976479.0
0xd84530bc6b8aac93a768682810808b023016c5b6,21,161000.0
0x207defa2ce050ddfc8f45b5db78941cfbe2f447d,12,63400.0
0x6750743f8025515abb650948f35da5f9adfe10d2,33,338136548.7334201
0xabd2ecbecbec994a308f5523cb39f73981a14824,7,167.0
0x4764e823ffc9195db4843210f6d86e30ba0f7afd,15,2770.0
0xefbe55cf3368511f6ef48604b5e843a520ecf124,4,1625.0
0xbc55dcf73a935b5e8802ac160f376e10a1c7b7ab,2,25.0
0x319ea8da352ed56e499c68c037b1b38f38f2c970,5,3130.0
0x5d8d0392fcce0f7603a68984cdbd735d92a17961,9,4504.0
0x432b7f90e6d695064c8e0f95b17696ffd721e9e5,20,88850.0
0x74c82139006af01023f3234e648221b5269c837b,43,22906.25
0x7affc4176672d420ecc3fa96862505d5fba9721f,1,20.0
0x2adbf05cc9ab476a92e0cc1b03a61340de8aa08f,4,764947.527
0x8d50e8085461c684e7e585c350cb39272e35c1b2,8,1135.0
0xda3a0539bfbd4d491a06124705878d29fa451b3b,26,9706.0
0x3c34c12abf73eb0a7a8bd17d3e3d74a9488d9390,10,3355.0
0xb11c4bf76d267da49877e0258889d36202657384,15,144100.0
0xebd5418d460d509a708a8ca65ed873ee139dba6b,1,150000.0
0xd7110cd70264fc72b4828021ec6057b864131708,1,900.0
0x1d91b19a193740a3a14b3a2c89552f120ceed6e2,5,27550.0
0xcc344d365061193d187e33889ed6b693958a7a39,13,3675.0
0xcbd9099ef683ba9806c3be8a49f156110c4f91b6,17,21500.0
0x90acf2b287c3efcef8ee93a381cda1c1ee71c7ef,66,29838.0
0xa9dcc90e2c4fef00ba60d9f0e25aef5f374899a0,1,30.0
0xf30acef0bae8ec65aa688c17b0c51629488db5ee,25,55039.68525991964
0x152a355932d5c24a1948ac3991e13ad33d92017c,1,10000.0
0x00b636afcad38d4582374a9485e1c6260db19a84,13,8309.0
0x6cdc368fc46727ef2337e3203ff67eef05aecff5,1,50.0
0x791f77476a9ed68633b056e10a617747c9ba344b,2,1994.3556090432996
0x4d02550005c7ecef083f7f3540cbff062e4220f6,1,1000.0
0xce4298a7f3c480d2243f98d4acbaa8a40922c659,19,99961.66616349106
0x64b06dadd11cfdc4700148a860547eaa9cdc8858,13,978.7240805692413
0x3e7565d74a728a9a3e8683b5e43ebfabaccd94fa,1,20.0
0x6f7114e7fa3e3de1428e5fdc05027317552975d9,6,34530.0
0xa1cb2f7d4be8b9e622aaf1a967b2dd4a2b21c2cc,2,200.0
0xafa8b98fbe8cd224bff126979ccdd2378a286b11,18,36100.0
0x1d0c03d9e1a91fc9589ab7b5023e1ce206599988,16,6730.0
0xbb898e87edfebb4a09bf76eed71829f493dd61a6,6,108.0
0x51733615d2ba49044ad541b44d8a13645fadd65d,55,994028.1689296718
0x993b1f46ee12d8c3ff0a6e82fb644ec33cd383c9,30,109441.0
0xa8772c3569c729ece26ad8e2a13e09d7901f5227,3,155.0
0x0149511d3377e35305050b2efd6371aea0a29185,43,92163.3308794468
0x8c06d321b536ccdaa6f619674450f4406b1e656a,5,128700.0
0x0bb9d850a89b0af77f7193f5156039be3705ad3b,5,10000.0
0x69cc2c58ec7ef5f9b530c5cc2eb5ac2b5d80502d,18,8277.09
0xe165bbadc007d0e9825c6a0bdc2d4b75dd8fe845,4,2104.91
0x271f0b068737834885b9a8e5f31d64c89bd11474,16,40016.0
0x08814bf7c3a270d1093cafe03d10a39bee0fe2ee,14,3167.2799999999997
0x02daba2490e111133f248b6bb38125a89042b82c,2,696.0
0x393ce8ac42b1627f7363e47bf932bba05d5cd504,4,203.0
0x037ed0b60911b8a4c7f422018c9b1534a827ece3,4,4970.0
0xebbb5dd160fc3d329b3cf194746a784fcef5c236,8,53500.0
0x8896604c451f2cf3323f235c0082989ca965d294,1,2500.0
0x505746341b5d026983c7f827d90a6d01138ccaed,4,822.0
0x97b4c1fdbc72fcb475f1095d3a9c42bc003a3898,22,351099.0
0x0f264cf1dd5b1e4b458d36b831901bf2e40a3ba1,4,40705.0
0x86d99f765b4f81f7b5c206d9ce6efabd02cf9bd9,2,9750.0
0x33333fceb7feae85129a7db34416599f408d1595,2,3450.0
0x0480a8c55251d7c14b207807e615059cc8993059,53,145365.0
0xf1b75306b9bc67061f1e2663018a83c982ead3e7,10,51000.0
0x8634aae841cbb588e130ab61f2c43a2300c86311,1,300.0
0x4811eff727ea2dc34b56756942feac806ea47fc4,5,6800.0
0xf16208ae959668e8bb485cb4424453f7d8aaacb4,10,1057.0
0x6b55e8b654ea255d6d08f21ac8c47118bec87885,1,65.00918335128976
0xf436c66d2b3228b31bc1521b101aefdfe0d4a786,1,50.0
0x56ba15c0fe7a772dda9f227a43b1e6cd0561d425,35,461906.0
0x4a4d089096473d2f3e0b8232843c39ba9651827e,4,11000.0
0xc6223c8311ab219d1849febe4478b150957ef800,10,11620.0
0xfe7b00a5f4d23fae8e4895ee9b21207ea5a4c86b,1,20.0
0x5947e264f0ddcf2a5a2f15faa4f4dbe934e343d8,69,492496.0
0xa6a5c12f2296503fce7112c188b00fd55e41a024,18,8783.13
0xa618685844148c20bf0cf8ab313309d83d5f5d82,8,31180.0
0x815724ee5d3c5e15377f35d0a6644456b76c1c6f,19,25964127.0
0xa69494d3410ad6f8e4740678118e49cdaad36582,39,261120.0
0x1b44403855db39dc61a343c3e1a4a95a0c7d4299,131,23031.584424873727
0x5d7a11392e480c425e2ab23a7dc051db443ad7f4,3,795.0
0xdf80db7d3d2e6f401b03052fb10dd703bfe0bf57,59,1345880.2040779307
0x838858883f0e34f968e43206fa57177e428e5451,6,26557.0
0xf2ce60e2567b6cf77c2993eae5546f3ae9bcfa6c,4,155.5
0x9d361db54d1185d072e2792b5849a26beae2f16a,1,50.00036493288816
0x6a726834e46984a000cb45f1402d203944f9fd87,8,995.0
0xc2ef2fa8f6ec2f0c1b7bdf56bc7806db63b51c02,12,450484.3770104996
0xfd7660b6e70fefe9a4d73523d35c511bdbd7e1fc,34,930000.0
0x1ef3c2140127f74c7a21a6aa5807590a629a5806,64,424801.7911022649
0x675d9bd56ea6150df4d2ffe704555079dd9b5d7e,11,87100.0
0x312415274d6390b9c453d758bdc33381b87d00fd,1,180.0
0xf2fe5f096ce1a1408ae3a3c34e6e8b324ff3db25,40,6664.97042583
0xe9b32986d33c34bbdd9412a630320450d5f5e518,42,2468092.8024959746
0x3e841fff7498f5fd1eb06f46a668c9824946ead4,215,6679036.353832233
0x87a447989c3549416bf996f762d993ab8db74c40,39,15681641.68
0x70379909d4638fd8018857508b75293038c447f7,1,549.4987633396772
0xcd8ab994239c2c291ee8ec9fa80df241e50bc9e8,15,9324.0
0xda0d45501c31e45cc0a895d97055dc649bac4880,2,700.0
0x659a597eafd513c5f822fa2267add3a9f3fadf78,35,519056.8
0xadac0edef0d257bb5efe5f872e7b151e5ebcdd1e,17,1398.48981476
0xd72244f1bbf8b42f60460a9adf56bb34cacce4a9,79,1274960.831789148
0x79a721e219416b202145ab5ff309bd587a463cec,18,9460.85138921
0x24b200b2a79f76c9dbd7f913469c19bdcb3d35be,1,5000.0
0x6cb4a991f3d9fe750b544459c58164b306d9aca7,7,855.0
0x2323d692d06773d92c6ff44d0b73c26f29ab467b,1,180.0
0xe670aae4c54eaa6a10592fa3d47a477bca05a198,19,48386.15
0xbb8d1f530c679d60aa756c5aa6346b71324e3d4f,96,2316461.39611566
0xba979856a81ceec5f9f6773f89bc2bff24dd8c24,13,154200.0
0xfc888a710249162c4de2d13927c239d1019b31fc,6,1922.0
0xd5ab4a71de9e8e512963a7d51d57a61c05793e1a,1,1200.0
0xd506dd6f16eb7fc7074df25aaeca65f23754f394,58,68770.0
0xf7d8a9fe56e788084189f608149fce92f0989e6f,65,496040.0
0xa3f05e243308bc74261824bc58284ed174d8c9a3,43,4139.0
0x5c6dc4e8251a6d32c08ee0e664e6412a439670c2,4,800.0
0xc46bb7d52d549949bd29f5c7e2152df961d36610,14,3424500.0
0xfd92dbc841d14a565a473d83b525dc6f41714ea7,6,20000.0
0x4f72780c00b4b7907556f075d0b11fbca476d42e,3,15950.0
0xaf003d6cea12cc9a751130a5ce22a2c7146259a6,1,41.0
0x61b16022f60bbcd8b885e198fc876b290c35efe1,9,160845.0
0x4cf5965fff6f1391b71d1590970407d0986fcec4,25,105115.31925884516
0xf685e8b52caf5dfd13ad9a81c8cadfa95f672e90,4,49.0
0xffe77e495697a612beb030b07071e73a28c6c367,83,479842.0
0x681462ae728fe08d4df3c93372240fd4ce12c77b,8,706.0
0x3ceacdfc5c31b0efce9747f77ccd43878d393d11,33,40432.77882415176
0xcba93715e313f386b85ae308b55e0f6dd8013993,1,4811.468677000084
0x3cc27d092875b77f48ced384ba9c5fad576c9440,17,384447.5
0xef241ea2183e28a9f940dec775ca83e8b1211ec7,3,8400.0
0xcba79590001a5a49bb5a5058d79bf2b2d597a313,186,3434368.6944074826
0x65c81feca51d48feaee70e4ada082041b0e4e9bd,22,7778.13476943
0xa411258ee940de35a23ceff0672870dd786399b4,1,25.0
0x18433ced4e914a2e10975f6f1c20cfb3a9d74ac6,8,142681.0
0x1bed72787230aab48975275de8d78dec19bd1144,1,20.0
0x989179c31ae91f957fe3cec5649b802ad8486246,47,1321089.9345596402
0x4581ed9b7402c3a2601c6d1b0326d0d059f88b96,1,20.0
0x369cedbd69e698dd62d44ae6d4c79009388ab2bf,12,3399.3901478491057
0xf6b9b704b9a19d88174c848d6de8c4dd7527d458,1,20.0
0x82c3b72d1919d8bfc4df0f34669451d74e36f0f0,1,20.0
0xa1e1e0c419816eacb3342d14ac1518c24b63d2f9,1,20.0
0x8e8cf56c2984f06cde0a235b6cd5e2b79619d11d,1,5340.85768008411
0x7e3fa1f14dc2eb9aac1596c18acb16dba21bd3f2,4,3450.0
0xb6972383355cd790ecbad4a1962d03c179049e96,15,3390.0
0x044ed0ca9fc2321268cfb20c85f0a6194531b834,69,151396.29
0xaa8d363ba6f5e26dcf08e336b69dd6052e052c3c,1,100017.64253408532
0x046dd3047641073b6dcac19ba2dee7bc9b6fb5b1,1,6500.0
0x62bf08d189445c1c56b1ec8af72342073d839c5a,2,5020.0
0x2ba072a6ff2af80d2ce53e1cb8c6deb7b29b8607,6,1229.0
0x2ad0cf95b36cb1222202a2aad940881af83c3e83,5,1105.0
0x839a72e6fc222dd05d0616dc4e8dc6f4676df51b,202,104555.1
0xaebbb326976a51d62ae80e954ae58d2576b649cf,3,650.0
0xfa41eca0851bb9e217170250d135cdd28f525a38,7,12440.0
0x97651f48ae32ff83e133db76b874a4591adbc738,25,30558.0
0xcd0d2039182e134023a724043d96e1d19d17afe4,1,100.0
0x60cc24f984582315e8ee097f7585be28ed35d71d,4,810.0
0x4f49f81a968a9f96e501cba13ee292593917b81b,1,5218.825255265475
0x0380233cabc007a21216ab752b1562cd53cbfebf,86,9995804.879303936
0xf1fdafab266eb8b6fbce94fc01c845ec18e7e26f,2,11050.0
0x830f0069b86f26b362f860afa9870a7c1c5b9cd8,43,57097.979999999996
0x46937d4378e1758aa78a1071839a1610ac6fc6b2,5,222.0
0x99cd79140d44a81b8fbc8e52e045eed89de2aebb,130,74646.0818632611
0xb436a0d3d640ad8d867d3414231a08cc44ca4616,1,300.0
0xb119f3121bdbd02fdcbfd92c2337b30035b2e09a,2,346.21
0x94fad6028f8e92c61f3bd593612d346125d946c0,153,19681.81
0x39dd152d7e73777b15790a89854c88191ce0a1e8,29,9629.0
0x731a8e2865a5c8fb7812829f3391d1f834180c6e,1,10000.013075363404
0xb2585a5d2197ecc868ceb8cedddabeb290e1f60e,29,92250.0
0xd9b29c07543b76f185add2b4b9958d19409431e1,3,130.0
0x4b44659f1153229d6f2d8680c8bd991a4b6abf31,51,12497.123365548672
0x426b2c8ab461f5e580474aa4e845d119ca20d7f6,1,250.0
0x57d93ff83bb993bf1a337ac3f078d03413dc5f93,17,994930.0
0xbf60671dc5a0255ef700f58fe1dcb095dcd11b14,7,37850.12077393595
0xebaf3a6e466b2c22176b2a1d10874754823f699c,36,55295.844788460265
0x626dcb5345b6110b76d6f0170229e08b1eb1b244,14,7575.0
0xc047db7a9056a5733712abf80a0b91782f9204ab,4,179.97716879873138
0x9b50f9091e047e65552e75d42e482ca24e2f5870,1,20.0
0xfb18b8c6924cbc6d7a2113f6319bae3a1a9946bf,1,25.562009399810872
0xce80195be13cdc68c2150c7bc031b0b2233eee8d,25,2891177.7779585384
0x29969e6091bc6242e934f567874187ce24e967ee,15,34209.0
0xf9300dd6e255b59984ac53e9e2cab75dc530e915,23,7101.50177343
0x129040f3938edbe8d49e9c72237d45938fea98c3,2,16500.0
0x67268646e8c63273a5ec7a096797624e73c62d4d,2,30.0
0x8f98be6a04a22e7db674e4c41ee08c49ffa562ba,1,3111.1595375017287
0xbeff823cd5c9ca5a4c92419529f17b9890c0a8ad,45,338338.04336991324
0xda59a3c94aee1b3cd30e7f8c090c1e01c6c5f2df,1,25.17
0x81e78899411198d528b2b6682f563618d808f080,51,183313.8632767042
0x246a42d546c78b455206ee7d6d7f1c7e53781bc2,18,24300.0
0x1644ceb031d1c163cebf0ff75534faa47c77fdee,21,172182.72587652
0x1d9e9d75141c24250caf3f160bfc0090bbf2dde8,2,103.0
0x10986a2dd1fd6c61d4a02728899e6b3b689ac02e,1,579.3870311671882
0xecab9da45acd80216d32029de1da0c75d4b0721e,3,3400.0
0x977175662e5fe482da9078f58209d49fca541b64,1,40.0
0x19f76a779f9527b72705030fc26212c1de7f2d08,5,570.0
0x1184e224396cb5f08f77bdde3f0701dbfd6f18a5,11,34461.84529226
0x83eb9f21a6ba77f967481bad708da6068c1d214f,1,2325.0013676402486
0x0722aa48ab9307e0677c34cd1334f4d986140a51,77,29604.0
0x66b0866950a1bcaf966fc0f5391c843e0e3d0a01,2,65.0
0x9926275cfd54500ccd86b65eb499c1e7b68c0a4b,1,95.0
0xe21d6436dbeacd7ba03d98822f3cc9cff7f9054f,8,128037.08
0xf53ba8c136aa7ab9d905314413c29e0a2de2a16d,5,1300.0
0x6dec4f4102638fccea4751ea8654f6694ea80a7b,47,60050.0
0xbc12d1498e8b7ee3f079373f4f23f5a82298c92f,1,20.0
0xe508891f2beb686b7d49139af67721e38c9a4430,12,1180.0
0x379cdce09aab2a9c0714176c59823f5cc8095072,3,620.0
0xc0319cae67ff101b42a1c05ed8b214af5c367052,30,14349.923308084017
0x02ccfc0a5bbb1b3405cbd85a6c67baba7262ed01,176,669149.6739889648
0xb0b5f05b1fee699312302209a1fcc6a78d3bd906,3,2899.0
0x0ed3b765d78083cd313952f44c9b9f0f58c9e86a,2,2500.0
0xae34ad0913e4d2bbcfadad2870c8186918c50eeb,4,3030.0
0x6a9b48c5fdd3b5879b6820f59adf79cadb1e1b33,1,60.0
0xdde3a4c05df9629d448d254fcbc0dbda257f4bcf,1,40.28
0x94c814a0b63dd0148f5a897612c1aa1236458a08,31,1933.81
0xbb947407225165a0ff5cfe49e5f47901c12cd176,18,6745.88308901
0x75bbb0dd34bf6c7b457bc871ae0aa6ea3462abb5,1,4038.733905731031
0xc682f09616a0536a248b92d1a583069c2baf53c9,67,1307116.0
0x8c7a3654c7c9f9c7a3f1e5f47cb9237c81a72414,6,7334.35
0xab178466a4cba6a220ac0bee5f08a05a5c79e9f7,32,43881.0
0x3878aa9fb9c4953d8dacb38e7be75c48c509db8d,3,880.0
0x7441e6b0691529aa623c1fd1907df5c6f58dd450,117,20029450.292196505
0x8f34aa24623fb71118c62f7a45a679f0a7997964,5,2675.0
0x37158334c8b6d088ffe9e01a65c7717f359cc287,28,162590.66444383908
0xc1bf924455c164cd1e172873cf5752a63fa7b801,15,2695000.0
0xbc74097b1b141b95bfbd509c67a1bd1a5f3862b5,13,13850.0
0x2fe2fe380a1b9cd4bb2d22a24eee4c67d06cf7bf,20,3916.0
0x56ce81d84332e84af05f7b59a30e245e5cd8a3ba,53,2224013.0
0x1f5e115be1a97ee757de4c19e92041f9927b72c3,60,72176.65066698469
0x3a8bdd0605aa62ce051ceb767ed2924b5f032f19,4,565.41783981
0x5f449c423ce8db16f23e89d8dab56d7ed94716d2,24,444814.02599076205
0xf7695842f2a5ffd3a552d7434501f219f88522c4,8,781.0
0x3d12a5bccb4659a69d455ee3439d9b9c15e67813,1,64033.67798437143
0xc502ec08fd486136ced82ed61aaf44f556ad21cd,5,1502.0
0x28ae47a1b9ea38f55b8a4ae84fac47c15e73c1d4,7,2945.0
0xe5c09ed9b51e678d7214f9abf3a4eca72f7f2d8c,1,11.0
0x85760a57131ece2ad35bddf471c54a4d75df59de,99,162742000.0
0xac1d6e30a74ac3dcf8a4de1d2da9fb0d5b1edd7f,1,25.0
0x60eda7bf0a9fc763a4612e9f9405110d1a24102c,55,114365.0
0x0d3ff5e51b2f01e2b1f68b6169b180a11061d9ab,15,2201.33173588
0x85c7794fdf3a9a8b57260fc8c1e495236418f31a,7,58000.0
0x95832a82abcdb9e8839ef71b155370f75cfa0557,6,857.9807605442
0xd315027cd70744ec333249ffcbb59cf95a6536cb,59,309534.1404029133
0x66fabfac1fbfffd186603f1917ba2c7792fb944a,1,5000.0
0x6f99758c33ba21d62f783e70f800acabd05fe430,1,10000.0
0xc57b61b263b8014b1f1a1fbf8afcef1e5b1d13e4,53,24116.0
0xe9fe9560c583a5b2ee7ee22e9e36878a33882f9f,36,21804.0
0xfac69553a94617c90370aee84302a6e4b32c545a,20,264510.0
0x84146b01496483ba27c72600e7e4850dd360b7a2,1,25.0
0x7e65b51f71162979f92ccfbb6f84ef7c5def6c66,1,20.0
0x75cc9c36fd0e51c4dd26f99ef22016635dddd625,5,6565.0
0x44350db380c1b46619732fa06bcb23e6977f3c99,98,105266.51087412797
0x720b6e3988c6b772058b395d9ab86523fef990a8,9,40552.0
0x24240375dc17161955001a4a64fd788ce1c82fa5,6,225.0
0x966e78ce5cf9747faa68276672e2747bb7aa76a4,2,4004.4023292137877
0x82c87f044576eae49083287f6bbd3f10f05cd748,3,2500.0
0xb1badd1142ac0cf10164c31a55f00bd465a296e0,22,20967.0
0x7c4b5d22914804f66b5e5a0951498e91d14e54e0,137,1331930.56065891
0xb1b801b5c69f74da2c9f58bcd456772119071f50,17,19795.0
0x596d73f89872d2ae0d75cb652811c31467f1d3c6,11,2503.0
0x725461fa2ecd88e4ad5746069856a367dff12a70,29,18165.0
0xa53e866ce1774998dc75507093256f246c54400f,52,434700.0
0x0ff472c83cefcfc2a03ea6bd893a5ce987d3eabd,15,6659.86830202195
0x9e68d088d6f947306ce08daabe7cdea69bcb935a,20,60598.99960843922
0x8654b6299a4279f25fbf26b94985093f654444fb,8,427117.00832660974
0x97f0c6bae309efda4303038f91d89b2d0139fbb0,18,6599.0
0x01075c1c2caeda4697c21dfbb6c9897d0ed5ecc9,7,8867.8093496
0x4ab75a497b4ae386f3a409cdd803d69ce954d0f5,1,132467.2224941441
0x70f06dcfdb1ae54bfe8fd8073011bac9f7bec1e2,357,17898462.906365275
0xeb2948556a10338d275b91e05ea5ffdc1832410e,11,136200.0
0x9d66c5755cec65e74923a3c41b46f3512d496cd6,39,349272.52761485137
0x04797f3ff33173af156d2dc23421ff1bca0495be,4,170.9798094027098
0x7eddac2d4f9a71fe904b7467908946a2ff692ae3,71,238254.82
0x10e7dab546ac0c84a9c9bec6a523cc166577e5c0,33,148600.0
0x2a5a1f94d3eb76f80043ce25705abcdb5ff13d06,3,233.46
0xf0f41447746241fcc5a132c824dbc84ee142d84c,24,90090.0
0x73f7a53849f8fc54b0974547d449e282543a5cc8,22,117664.0
0xbc04a80aeae9e46413788e3019c9a339bf40ecd8,6,27300.0
0x3f62b4914c2e84a756f01532a379745068a24216,13,22956.58272795
0x8e839344c2305d99fe536a8dbf5b236f0646129e,84,503686.1310759183
0x7e373237a4a583d111e0b4f84dfc5674062f8610,86,753460.73791188
0x668c93cb270602e97cb009176898c326ae272f94,59,3333.122626201991
0x121a500e6a40f76a2f1858c692d896788ad4b54c,9,4895.0
0xe0b134332e52982fc07471329330e7f272d9dfd1,2,40.0
0x0a51894b929d1d4f9b82f8ca0c04af3cd03e913e,2,400.0
0xa0e24a4d175de7d7ac0157aa60d2adce52f7299a,77,1523044.11
0xd367db90e4dd9117094f3248f7470a6076aa8c97,7,18616.0
0xe9783698b3ad0923d38d3f95f0b75078a071d154,14,2398.332713380656
0xa2845c7dd6ef37a0f5b6a35f0009a485f20a6420,77,208797.85103669247
0x32c1f10267dbb9310e9ea7afff8c3f44f71ee9fb,4,8506.0109138
0x74dd6a2204597d7f33f5c0dfa3a6b36642fe82c6,77,190725.39449395603
0x538fa3b62ec669b10ab335c2897c636b51886b75,13,19700.0
0x6f524bc47d163d311743e4c66d7d4463a9bc40aa,1,11000.0
0x7cfe889a702d3856f81298737d7eb276897e85fc,34,380400.0
0xa3c26c1cf764b513fb2b195e3985eb45f72a037e,27,2476.9756671458435
0x0f23b495137621e314c4fb88de59e9ba58ccc6e6,1,120.0
0xf1af9876ba179b71d368904684b07de3534adfad,25,877792.36
0xc788da385543ccbda2908ae397b555b8976b8508,24,4780.0
0xd28e14c027aed481c4b7172cff521b4c1ba964a3,4,530.0
0xf88ff4a696a56473f77e2d59ef6f887cd951ccc9,117,5370464.692595773
0x3f4c5be0305267ed871cd988c851e9f181c047a8,68,4848432.6562302075
0xc57c032fddb4b2bdd649a37d94fee2c168ce69ea,76,1641380.6882766793
0x1bb6e6ae460f2d0850587b35b4ba70dee0ea8b4b,19,11684.87177417
0xcc3d91fad3d9b383837c6d87bf0f113f19caa4b7,13,1167.43188252
0x4bc1694e28b1725fdf951e2264cde099de0d3f35,1,5.0
0xc2697b46ea31470c580aa0f01cdc610901277fb0,3,3466.97600696425
0x7d2d307230ead65efae1d766b00233f93b4b33b4,2,888622.8283420468
0x081e1f00359b3455c1cd197048af9e171eb5696b,9,43715.0
0x1241d6d9e3b6f9b555a6523bfd3395ff66f04abd,9,147467.50255721933
0x0e839d8e1a5b074928652b9458c61d7d509bc774,4,934.0
0x025013e9f502ec0b8395521242ab4291c6cbb097,1,20.0
0x732a5b77ccb2f8114565612210005541696c1782,11,37150.0
0x27f2c6bf6a632b2ab4f81facdbf45d49f6ee4019,12,66700.0
0x5bb9ccbf2fed0b5c8a5ce435e13df45e9c82a543,104,591017.3412066634
0x39e2573fb5e91f882b11a5a4ec8d9421bfafb08e,1,368.15243061
0x3303d3346accf566aa7da1e6214df4c46b3cdd2f,106,26394.94793644
0x826b61237116e9ff9e9fdd8c311da31ae4559f30,10,81734.30513939
0x67eac41bb78b8879ce25a58baf26279b32eb38ea,26,9900.539918139999
0x0611286025b83b6227e44b548c57f6d656637d3e,4,699.69274963
0x801b5122b0b6c5e86890f32f1c8ffe004887865a,8,1033.3108472
0x70ecf41174da51aba09ebadd1fad5358e1d93d6a,12,100674.2438921
0x062386b0fc8184f1ee87e16a18f2b4011316b356,71,99500.87896513
0x24b841556054616417622f0de23b9bebe4799154,167,14343884.856072636
0xcde57a4548bb8748d5b9037a0ff35ad513d0dc44,1,20.0
0xf6622def3e9128516b07e547fdf4a4c40c5eb0f1,12,13500.0
0xf3198cab62a971d9ad312e11a1d373045ba4eced,38,615166.0
0x0ae73ec0d45313dac51e78072df6d560cfc577bd,39,689200.0
0x656f7ee5cc32df8a7439dd0c65c27daac13095e7,3,900.0
0x3e73242429ea4e822a31d6963d38018a046a37a0,11,38050.0
0x35ec62f7ba3f97d344010db0948d4f58cc5ba2df,101,34936.451402496736
0x86430a11835332a135c4d7bcfb18a602612d1630,1,160623.17534000718
0xe7425df69926a67c1bfd7c2732a53918a6a27bfb,1,180060.0322657329
0x64b0f3404fcccabb67f40847757f482ca941a7ad,1,255.0
0x6edc48a25a6ab74670545347135a7009cbec9dd3,199,12734546.283193365
0x0215d6734882d7266a52bbf10598de7212cfd6c9,31,49383.0
0x456ef33ac796caff7354e82df6c709a78b983db9,10,1470000.0
0xb01451bf4e9ba8df0f61f1414da2f0c8bf3cb10a,1,4129.6822974130855
0xf9768f1b0bfd69cb7a889ea416e9dada02159a64,8,3061.8
0x1d226537544342cb4b96bfe8b689a32931a7195e,4,9250.0
0xbf9c9f9e148638dce97152ab862dfee1626531ec,7,175000.0
0x75e7f9a56ed1fda5751a5fc679f4b6efb280f731,1,20.02506371703
0x57be2cb5f9151c12aa36a94719716a0dc3afcfc1,1,139.74
0x8f801f92511c7cebd2d30bab9e101fbc1167b559,1,40.0
0xa931a2773cad87dd8bac8114d1da5e42cc481ab6,7,258515.661
0xcf58eaa8fd2f0b1f17b7783dadaf746f9cf40241,15,77168.73295058147
0x6c75f903b793fca23db72877a5707a0b8e332b09,10,488653.5413150593
0x030dca96202389753c2ca0274223890ea95fe62e,1,60.0
0x1c5710de4ab720d6ee5aedda9926a72b0fb34b05,8,11828326.074870808
0x8711606ed94a392072099eae1be585371bce1cec,5,1900.0
0xec9847a2da478835036f2abd798a2c9b4adfbad7,15,2717.000241989369
0x4a89a3f6ce654d29caa734280ba38f7611c19b89,37,2603250.0
0x1c99a2c6dc8c38bb4fc009877a59fe5964455ed0,17,29529.7
0x4938e27981cccdf75dd0e4c6e4f4965b56c20e37,3,60.0
0x25196377eb4c58f908672aa488b24f94bd83ec12,1,2000.0
0x118403d36f67b051b9ad40e7e491d404d575fae8,9,3756.552798738213
0xa7290fac352c275c98e8e385cce6c81dd1f72e3f,6,13000.0
0x426aa54db6d57e8dce7bb1e64941ba9dc4ec2d79,41,158678.84309361
0xdd6a9f5a291484b8bb11b41c8059e758e123f243,3,270.0
0xb6aa24843d5c6daacbc1a828dbdb1b7d10fb22c5,1,3000.0
0x174b1e887879799a8d19641719294c5ddffbf688,2,3880.0
0x796e3007b954b3c8f7e1527321709f267eda02fb,14,5919.0
0x9d2958de29b2dcea98eae1fbf82de8f26b3fbbd4,10,33004.82945297844
0xd031ccdab08ada94ca88e6f0d4dd732f94f460f1,1,1500.0
0x055bc3d87595af01f25c04f0338ad3f73e8bec7e,47,184800.0
0x6da3f05ba1e247c20f4302f745992f06b344c9f5,2,120.0
0xe643268f50bebe8ebd27b6d0b230b3dbae863d2a,51,192831.6288581201
0x930c1f4c018f403d9c96893758070c7ddc653231,13,2580.0
0xa2652590e1c3b3d6bd1fa8eefb86ccc0f8060744,79,1200806.1647
0x26a8f4eeb6ad336f79a49f73309528612e1a893f,12,6958.527925903635
0x8491ce1216f8817e6a507fdf3b73127b3e9d0db6,3,63.0
0x6a92b16c46d2d1a9b4f92fc4f17b281acabe71b8,1,32.040989911807976
0xe7f4da68c85257868589360acfd27c0c1561fd73,1,200000.0
0x2530dc7ff1506b43c8d52e40b018cfbf09119f85,1,57.18
0x9764a227344c99277bbda2992b1b703fba7ad561,91,62885.0
0x7fe8ff88234e1a6d84676db9446d695f1392e965,1,29.0
0x9d25e7e8b19db0cb693d8b72a5314277666137f5,1,21.0
0x337d1fdd2db3327d23c4827ddf28eaee31c59f10,23,109781.6155542548
0x8f6482e6c31ff96d9e005967cb7b573757e07320,7,5600.0
0xa87daa87c287bfbf85d768f8be897ea87dbfa602,24,25559.0
0x1a40becdb6d643bc686fdae9a970358cd87bc5a3,26,4355.328138646202
0x330862e6192caddcac0ea49c8e6905a6bfe58419,53,131328.09304134102
0x2f199de14d14693acdf83d139edf16a352bc9e60,128,203879.6596823672
0x22aee35dc41dc811b1258335df30023642a90fa7,67,983280.0
0x3f1ab0825d403e5d87a4d710d685587321736c35,13,78140.0
0xca1adf581866aa018e1c9eaff8cc6ad1996da7de,33,19500.0
0x0a6f176615ea6bad851518000b89797622b28f7d,1,20.0
0xccf78bcdb20a61f1a7b054dc990ecc52f6c0863b,11,1885493.67
0x8368aac3c8917e1a23074ff036c34a8d070385b2,65,14227901.15
0xb0b4987243b4786edd9621156a58b61902cdecec,1,35.0
0x12791b5b2be5b1bc076811d5f0ee0775f6ba491e,2,583.0
0x89942f44dac91d94e368513fd1d915f09c536a2e,19,19150.0
0x89532bce03b0aa422571b2eb4eb27b503b812b23,23,1975.0
0xf43834389760bbcf76a28b49e9b14ebf15f23479,1,21.0
0x24bc46a4a2152d297a244a788f5775bb3db21371,4,14650.0
0xf592682b8c1e8e9bea27ae9f4da64370fff488e0,14,630.9950492750102
0x7d2e8605dcc89c29571e99ebd1428bf55963bcbe,2,35000.0
0xd02ea7952edb65452e7da1ce407fbaddc6742975,1,3500.0
0x9454ee1e6af7d00790241a00d232c6cc7bcfe402,9,14661.0
0x32a1e8023290cb6c63ccb80eec9c01fa36ff2c91,20,22980.039
0xe664574cb73a2d60211259dd721819ece404a5c6,2,950.0
0xe8f3da7fc6d454281416af67e590175eba9d71b2,11,437.48865448149513
0xe9a676dc9e2181d754e48e2cd4767e0446f54754,2,24.0
0x970ac584e4dd8a2a12f2a374c8fcfc2cc2dd31a6,3,7399.18851966
0xcc7bf7a9aa7b316b1a2f879bd48ba3c0a3e65b92,45,540750.47829627
0x7451395f8a9f3a0017c28fe7af0866d46fa0aa22,1,63.07648957
0x8cc04d06db5a93c9fe67ae99d3c78ac484435441,17,93000.0
0x0cbc0eb60aa37f63d7e759b4ac8214b336f3c5a2,14,3043.0
0x8a905152a0f35a68a011abfee5ba14892639ea9f,13,15285.046639289594
0x0e0da3c20f4e581b0e7704e4a210290121fc7734,1,42.214492101357735
0xf3b6d8541bc77edffd1ce4b80810ad04d9943313,15,17394.027000000002
0xca6bdf75205107d6b96683a4c208c50db908658c,1,149.87806339776688
0x4b8f1413e82ccf185cac73d51319ca4462630d90,59,117644.97296635197
0xf1e567aeeb777e602a705df74ab0de7dc591d860,10,417.75098793
0xe99e805c878e35afde821f6863de2a3f1dfd0677,19,139193.73721579
0xfdb69c2c26b48f63a6efd5dcd48480007940c757,170,1810826.283840938
0x10ca5b3b2b13ec854dbe7a545d59579e0a849c20,9,612.0516795999999
0x21a0b54274c5da1fabc340f88e5630ce58a0b529,1,60.9761217
0x8087fe4725fd05dc2353c530e9c7ee3b683fbf0d,1,30.0
0x09bf0d75778df995e557545277c1a118b7c7b945,14,3420.0
0x8ef6b41632c255efcb744c72666fe9f7fbc1b844,14,1178.39934563
0x862b9afbfe3d775446a1167e2f8b7fc464a988bc,17,13074.93
0xc2d81703bec017d7691cccffd93829c507060c4f,31,341560.0
0x00c0e2448d463cc47ab8eab35e6571700f442195,2,120.0
0x7fc445b78d45a6e43ce3002efa642599a01d1922,2,55.0
0xf5d0dedefaf4ea6a15c2075129c94283aa061ae4,1,48.0
0x7455241688617490d9af5e43d2f941cc931398c3,10,17268.0
0xc771530df6913a392da118c400af076c47126dc0,23,213091.0
0xacfe63aa007e2a504aecab0dba3c4ce4e9745814,1,100.0
0xdd680a835f6162d8539f4ec9cf5313f6229844d8,29,6134.0
0x24969a2f0813ca60e6dd8c76a07c5352fd3e4611,2,23.0
0x29f132c23ff1dada4020abb74908e26459fede5b,1,25000.0
0x0c24b10600a5ce4a12935d5f59d096564b847af6,1,90.0
0x204cba6475e3eacbc9febdde1ef9b5ffe81f8278,25,16232.46
0x602ef02392004cb843d47905779d71bd782f9cb8,1,25.0
0x24aef4d495d799d39939dabb07b9bae04f013b1e,8,25707.782483228944
0xdaf8138478a46df900943fb01c2669655842c055,1,50.0
0x6fabca0dc06dc864efae8aecff3de5bc432bc36f,3,400.0
0x74f2aa35db9e5c00ffb8413d14956f498ca1c21b,4,18045.0
0xe36899da8cc78f897a5987dcdf3ac3c91f6ca15b,12,167741.61882728332
0x9c19f824788c326f8f0e7f079fc3d2769b24c054,2,6066.015589765088
0xf9ac2b366acde0108eaab50f8fc6d304064c5482,14,43242.26787819542
0xd9230ced9c4ea7da4b1b5f0aea60a3824e266df9,17,44883.95822860909
0xb51706c14d60058c18938304eba52a6271598eb0,1,210094.85016257656
0x70ce8573fdac6cf99415018f5bbdb611f9492d26,9,8783147.451054426
0x04f1f8177777c271d7942aebd52fcd53e79411a6,14,199.0
0xbab5bf7838562f7ac8618bf6bf7603ff65ec6b8a,1,20.03
0xc6e023429737f9968ab4ec6c9449ed30f0c7c227,4,15000.0
0x1c967cb34ce6ad28989b47b06adfc844919e2300,2,43.0
0xfbbf74b4865e9bad88af1f1bf8a47d8acf0f84eb,1,50.0
0xfbf1208c3d1ae8f656650f9771e9a23b4c465c3e,2,850.0
0x1c4c030fb3ec6217f32c11073b585827fe594239,55,719018.12
0xb533b6196a23ac19ecedd17dfab3e62bb4b0ac91,2,500.0
0xf85534e2e3fde27bca722598a3d377d3577d0f5a,2,600.0
0xee6220a2514ba0249c0c1a60b905669e38075603,2,344.0
0xceeda2aafbddac84730fc7ffd16d387796f7d089,1,150.06296522537264
0x6e7c0feef1a99fbf3f94d29808568eee4e0f8942,10,568.1665
0xda351be9546505802bed9b9815be78db531316aa,1,92.75234535813271
0xb640a8e059b1c8e897c3a8bc2db6e96e59eb2299,25,198800.0
0xff339cbdf8e5f04efed6b2bae0f9a90773a54a65,9,14933.0
0x4f1a9fdab9a4a82e70b3a69e9a05eda2eeea8093,10,1381.85769294
0xfad8ceb955eee22d29d388be2a09ed692a45d4e4,11,35092.09631213
0xfd81ad0c03912a213e9b72b8a385d3c3038c5f59,8,9588.0
0x248bd729b7ace40e0e52125611d915b5881c080f,1,204.08221385899583
0x80a2c4cc5c8065299e39a338d770476b4710f2ff,1,60.0
0xaab951973ddd5ac781cfcefa7221bb79f08d9e62,8,7690.0
0x703052cfe2eaa5a5051c8287204410c3192493fd,1,728.5883085431678
0x788ce20e4232d0f42e5a229c07f66ba876488986,10,1212.0
0xdf63d11f09177c67d837d2b2a823119d6a8eb6ce,64,76056.0
0xdd085f73e65b64da50e41a7b8c41c16c63c51804,1,6655.0
0xa6330e11329d95ab1d224369f3684a5d36ec4f17,4,65620.0
0xb9fb426cdaf96fa1a9c3fc0bae6e72e8f191edbe,1,5000.0
0x19dd171ffddb3978a380c7e826ba39582f0601b0,1,32500.0
0x5edb3ab562ef7fb08e41d2538072eefab62fa6f8,14,7300.0
0x803c418fea81912a0f0b9abc77ed5dab2bd5eb0a,10,3677.032251837095
0x205c899781741434a60bb59cbdf6e0138edf3458,2,51.0
0x73d02b39f1bb3eaa025651d0de05f292e100df45,9,9450.0
0xe19682c01df6dc92747e9ddb7e013b3ec510c4c1,3,108.0
0x3ee5f8c6d1fc7ef9295aab87d5f60a8664ce5383,4,605.0
0xec8b233f9530e274b5ce548c7fb45c6e044bcdd3,25,23380.0717928
0xcec48613333c02f9770d469a61fb7bc1e145e8da,62,55578.67
0xd6bb81c3b830ac845f3be23a384077c084be10f7,5,47017.214575400445
0x03e4131109b16f73b3d064b7e1e61a61924422ed,4,13500.0
0x9c76b47d60bdc845b54c7ba06d721c7f3433bc35,33,18316.765217919383
0x885d5d2cef1d4814104105ba50eaf66c1848c738,5,870.0
0x880f9b9c1562f78a1b921e98d96de01c6fdc1452,7,4000.0
0x1dcf506bd3009bbc66b9f6b885a2f8dd602e1e42,5,7300.0
0xa65e1821d732b613229b4fb4722f53b6b66cd60b,34,788080.8
0xf789a0e23252fc0417608546515e5fbb60a5f392,2,120125.0
0x95890fb93f6f0b612d41c40ae8863de49389fcbd,7,7472.57325727
0x4ccbfbef0017bf14aad382af1bbe51a94ccc1106,13,262100.0
0x02a437df88980cf2c7924b351a711abd4b976d38,2,50.0
0xd8a38f5100df108a1d58a84d6b9db808bc55f24d,30,351530.0
0x78f8740649afcb585ac357f5c3185686ac7c4c52,5,2150.0
0xa554721a420d2bda56f4964e555ffb392ac798fd,142,385177.23
0x120a1343e42fda7e75e4cc827bfe0af89696fc0b,19,22231.5
0xca1598ad6ffbef5559919aca72aa3bb19cff53f7,46,60918.95122309
0x4607712789d5cbe25bf7cd20d0aede927fab0511,5,5148.0
0xdca59010938c94a3a0f19e8028f84b26f5459ea3,13,525.49
0x781cdb4e2c5a1b7cfdd4628b48a1fbd661af052c,13,6395.733526288497
0x7d0fe6381609847cac331e94249ffc99ebb0cd29,17,21551.0
0x0d2410688128a46e35f68fae65c4dded3f3a863d,82,151043.7368773452
0xe0cbb2e3f49f23c33956469d6905c7fefe4ce421,30,3361.7593035206814
0x8613982b3f8f57cbcdec67fb98c34a515e5bebbc,7,212522.11585449
0x614ce106ee4111be551233e5c2b611a3c8dea6d7,19,41982.01077532
0x3f23a2a19f2b545f1ab4b08fedf9681b439b075b,225,1789732.664131821
0xe542859a39274a91014a6bd230fb681f6728195d,2,5824.49502925
0x94d24e6aaf14447e3809de9623004f4e32ffb4ee,8,122812.03215096753
0x9cc71967fbd7c0dd63d1afe1afcc30a0c51d046e,1,20.0
0xe4a47e5345d2865c3e0c5a58fce23dfbe8c88ee9,49,354418.238174556
0x4e019df135aa2280363ec050228382f8af3cd3e8,5,10000.0
0x84019e04f22ab68d7d1711f0fa153b1afa561de8,1,1715.4089528666236
0x13b46e7a5d56cf9ffb31101905a48ec7e006f6a6,1,21.0
0x109f4c524619da715780e3564a32535f1b7f7178,2,41.0
0x610ef2bacb9c72c67cb679810e2aa281c2290a4d,5,1300.5
0x278f3ea799513085d7ddd8298dc38dfe7f53d420,4,375.0
0x9892c9755f94369dfdcd60941f7664ac8446536c,11,493696.65388094966
0x1e5f2465b3a32d78d5e341da9d240e25fe48a2af,8,51411.72857225173
0x4666588aa22ce9b7aa6e72366500c67480d3313a,80,434309.5865269087
0x8dd426b4dadab52a73505831a870b508283ddc94,55,46500.0
0x7bab155f16ea7ddcf1a5708d43735d6730f40022,2,4000.0
0xd0f70c0ff9dae7eddc99a1891c89703197fcec25,66,149500.0
0x82831c51375aab53ee894987e3bf71aefa35ec45,9,11860.0
0x29922f01209c712bcf842efcc487779abfd0c6a3,1,300.0
0x0684706e2515cfb24eb9fa884a32458d7d14a057,1,258494.46846971932
0xe950b28804d545103952c6e941bad4a3644cb491,1,20.0
0xcc541579415d8f0b53d52588e27a7655f926a1a3,1,201503.2701617869
0x992d1502c8870dc76717d5114dad3223ec3fff9f,1,161222.1047869637
0xa9fb45123f07b183b979a99145c890b7773d1dd3,1,128989.60154302152
0xa2598c4550391757a0b7c8d1bac66be4420f7596,1,103166.12399893164
0x6b8f05a8039e783a2f16cae30a84345b709d542f,1,289358.75356270466
0x3bd2a4614d670312bcdb10fd8a0a61363e83dbb3,1,47077.22837578715
0x88e7fbeaa45a859e1641495191774e8b54a690ef,1,76823.49899998143
0x9e64ce31c708d961b778266cb438e5c6b56ab5d8,3,2000.0
0x5c55d2d43c4acfed238fe5b47c19d0addf9c7fcb,7,2567000.0
0x02a4ecc1ce744e19865c03e83b41c569c00114c9,28,14486.17
0x82c23c0092483c6cf5b8e2500b4d130b5c260876,20,893000.01
0xd52219ba04ad899fc4b85bafa874c3965b9b3daf,1,2243.8737882222213
0xc90e413e1df60beeda098902ed1cacbc89661fcf,1,28.619
0x355c69715bcb70d8cde3eda46214e250cbbbb88e,5,540.0
0xbc7994e3c341d3b4ac12aa9d38e376c04279724a,10,6302.76470664
0xdaf6af7610d486a3f22404ad9c6e962592e592f0,1,20.98
0x73007bd6af5f0d704aeac29b08c543e913637b10,43,3582.3606305
0x2095c243837d6ede9c715d538beaabb1ce83511f,46,39246.14754621396
0x7336f3d1519052f7eff52b4fbf9e667509557bc6,180,5974694.088940434
0xf0181acaf2eb4e80e9d6c5e5d6025536359caee0,2,1540.1850347906793
0x47672993b6e1fe77b4e776c6fe2fff2a11ab20b1,17,120159.77
0xfbf557a2d598cf6616c24a7dd55e3414b0402753,2,3600.0
0x5f345ae554d9ee4a2605ed2d5d1aa05891516c41,1,20.0
0xfb17e72307c2bd7c62dee3daa97a8dd0d876d23e,66,383685.0
0x1d20988512128b89186487337710cd27c1a55bcf,3,12000.0
0x2e6049fdba404c607de0a8056a9fd4cd124c7885,1,20.0
0x4d3c1d57c774a920e1f7d12bd0677fa96de4bc2b,1,144.0
0xf8a2036ea9c77bad712dbca4dc2e855333569382,4,190.0
0x0a68cae8a5ae85b37d1318b7f1f5d8740ed56130,23,433.02579816532926
0x8afbc64af8549a1f21be8a5479980c11740fc61a,8,896.6574038
0x13cdc7dd4e9f3d602154ce1b240095d81df6508a,17,11340.06744464
0xa7ed0eee227e567ab090d01bccc411c79bea2140,1,31.4039
0x6fe3479ceece080cdbc4a5012382cc012d507233,2,8500.0
0x0e0dba0be83517373c9bb5c738d287d35ffb2ea5,5,20600.0
0xf315b2bb6d79e2d249e95c3f614628e54cb6904d,4,14500.0
0x365df9fb8d5e08c5a2fdbe341e560952b2f8af60,16,9957.298837938277
0xa4661e9b5e86fb5d42d842abad79309493d97c1d,3,21000.0
0x54dbd02637ee97662b01f9b29551cef42d339725,3,21000.0
0x2336ddf6c7ec245e5ff86048ce4b528e8b919727,3,21500.0
0xe8b84e37c98f13f0d413efc3a381b984e21275cd,2,3200.0
0x988c02a76c93bc856e22dae933806f85d97b9a10,15,71156.33790971234
0x31609fddf372491738d5f5fc31d7714d5e56fc35,2,310.43467244782755
0xbba9f7dffd56625f087e8c4f1a1397bcc09262e3,1,280.0
0x10b925f9e8ea04f4667135fd3ac91390f04b60bb,1,250.0
0x46bbd8dbc5c2ba0c8bb765fa861c6e372345300e,3,225.0
0x4ac16f678d06599c6bfa1491960e8dc997bcab31,5,125.0
0x817083efafade4b96ec169d0a801315eefeac44e,7,1198.08163588
0xea08080cafa8763a2d93b32d9e679b5c79393a6a,12,28100.0
0x3885e339ebbb486f002edaba47c46e83ddf9eec3,8,11438.0
0x825077ba48be34acb2cba6694b655f66c560463f,1,209.9800251114304
0x5f11ff9701a8998569586fb27aecbd93aeb62e86,67,131486.2
0x73babca4a1b313bd1865a937232a2c57e91f725d,1,25.0
0x4f6aebe021bb5efbae431be3b534bd7be926ab2f,1,1040.0103085481744
0x3a38a4cf469022e5ab94dfe0f63767d81f1cd520,13,2080.378562011098
0x20d8c70996a18d4ec1b2e7406ed65f3e71d88f2b,5,40162.7
0x0741ed16c045a7dce3637da1bedf3bc56481a74d,3,601.0
0x3ebe0b0d1edb3f4880bbb59163d2b3deb8d093d0,1,203000.0
0x6ff67a2a898f85aa63b463ccd5795979ab23c3c5,3,77.5
0x1c2d7ff78fa238871765cff2a0900c984c968f94,1,20.0
0x6cf7e0de67b15e9ef82f3a8bd05329fcf6e27dbc,1,20.0
0xc76b45d03d688ca47ef2795842fd88adae3b282f,6,486.78
0xf6eaa1af392f0f1e8ce2034d7ab119eda5e27ffc,7,7000.0
0x98ae315f5d5ee7b504d1703a44ac7d29b0ff1ce7,2,265.0
0xa6a1275e0a9e4c6651b1439d3117e541a85f62e4,1,60.0
0xc9879292a6e1c065172bd72ebd22486ab65f0e1c,1,2200.0
0xde5dd2f4a3857176aacb696ae373c2d55fa0f3db,2,55.0
0x5247d708002097ed0bc926c9548360a8de333201,1,40.0
0x154f5db579281afdddb0966ae02fe9377e99aacb,1,20.0
0xb41b5515e94bdc3b23dc41e813236e0215786d3e,1,20.0
0xb17316e9df5d400ae532434baf5b7b45565c03e3,7,19380.0
0x18c777c8cfad3d2b7816b1559a4abb7f9f5765c0,45,38572.66690697328
0xc3e2add5141cd92898d8584ef9ce1cd044d62570,1,100.0
0xf4fafd3ce295e35a48a2743c5ebf0d81fdca8e35,1,20.0
0x01f3034af1e2ba5647e98e275098fc29858e78ad,1,60.0
0xe1ad512277ee3df2765348ed1aeeb75ccd58f39b,12,426567.062106305
0x606a25ab110c8dd095c0b65ca8c35fa0ad0e2e74,11,488632.7729894567
0xc969024ddd1a6da79490c5ad749d5bfe94fee421,44,686777.94989612
0xd566a16c9c60966b239a98da3450784285985f52,1,148169.83038370305
0xaf3f355c78b71fc0c7f3f08c77bcfbcb7dd6f55d,1,1500.0
0x56a47b23ed2c766ff5ff48b929f961b4d7ce64e0,5,901.0
0xe26ac24804a79b28368b0a6baf534a6c92e596b9,2,493.0
0x617a0bab957352e97b57f5c0133fe4ad30416a28,1,230.0
0xfe7a7ef7bed282d13da6b5e5940e662e750454c6,1,180.0
0x2da4b25878a307c9bc1f9c0df7e3b3fed03b3744,1,20.0
0xd20a64a9ba9da7eeaac7d1feefb4c3c65dcd2551,6,1279.0
0x9549c9761da0dbdaaa41061003b01fc89a52a9c9,1,240.0
0xa1e8e9b340ae4e4f5ea3d1022691cab7249423c2,1,33.0
0x8e82f8e19b005f3397ea72303b52ca3a76580c61,32,153250.0
0x78dd82da7641db87b7646ca23f6d54a2c60ef49f,56,9649.000376970273
0x7a8a94cac359943c9648a2a6f461210672af5d6d,75,140165.3601234791
0x4a5b42a5451ebf77503b2f3dd324df143f4f195d,5,482.0
0xadf407c08ec4b046316439247f1ebc0dce99fc1c,3,9600.0
0x2a8ffba1297b21b64710a9affc9a228c2f09dde8,11,2755.0
0xf5e8c8cbb34497967b7694efa6fa0d71a9daa2be,2,2800.0
0x8d14542135519b3b72eb46dcd1c2a84e3759eac2,31,47089.56973536
0xe95347a12e4e9e9547d479c86a31fbd3b59d2f1b,1,101.0
0x944e7c8b4963f68f472ce1fec2fafc48d8ad042a,1,52.0
0x5099e018352942e0e9210cbc3fbbe4a06d0c667c,1,25.0
0x144fca05c19d2ffb8ebdb49bbc2c6f13b2650769,13,270272.0
0x58d4f95140c0d85dac88c1230a6469300edee7b8,5,1335.0
0x1b8143703f6671aa7b87cd27f1678adf110b32fe,1,20.51
0x9ebb3a30f5060aa3b9bed918436836dd5fefa5de,33,187648.5
0xd54a93f91a451262ad8ba43849a6af6bf3445f35,20,28071.85121786
0xeddc3c5afa1d7ddd59b0757bc294d1c3e2eacb07,1,200000.0
0x7b37e17139bf0dbd8a3d628d696ca3b956a50031,7,5500.0
0x93e235dc2c38dd6a9efc2a49094b9a158034cd28,1,20.0
0x571291431c75901b1a3c3b5a73cde92bc3607dc0,7,244000.0
0xaa31cbbd479dabb09e5c7e4f6291bba12117633f,16,456.5
0x3f947c86be93c483c660292629bccf0fb6ee4f47,5,13500.0
0xea00114a6e1eae8a101e46f8e953fc6cc7a08bc6,15,135835.0
0xf70307d9f4a0fdb2eb4f0a4d045d6040dfd2af3e,26,3333.32
0x97497a964bfc6797d640fc0bc31b6ba870ca58a3,3,13900.0
0xe0cd65484a092a511ac9229b75becf614cc05caa,6,35523.48
0x033c8518ff5d02dc9e9115e540946fd4b5d358b4,14,2501800.01
0xa4e98149b02c50d64f080cef2765c54eb7be1869,1,40.0
0x4bbb67e48e65323ee2d6b0b49396bbdd05bd4dfc,6,48400.0
0x48a904b5b769f3c213f0291a35b3552512ad7dae,2,6300.0
0x7c135931bf843ef30ee82343d3618783b33641bb,4,53386.7
0x4357825c1d1743dfa028a708fb700dc6712d19cf,1,20.0
0xc386497a2f05b8f6f2eccee7dbef902590df014d,4,2330.162228368
0x5abb2179124cf2248e480d161fb03ae9e985428c,1,500.0
0x3c3f0be558f87870b7078686af7fcf8fd89a04a6,2,700.0
0x20eb26b2265947580699164c09b17873d599e79e,4,2250.0
0x73d85ac18d83a117b34a50816ba5ce4b09e71d91,1,50.0
0x5be851b3f92da5a4f7cfc04b7486eb91abfa9fbf,1,3000.0
0x62ef3ecc15ccf6f1bdd73bfee2597101c9c9abea,1,200.0
0x45ec98befbcf6846f5e5653c4bbf62d6b363df94,1,20.0
0x7685858c617643f379f115bcdb130691247d8adf,7,23850.0
0xc2473df9fbae7df5fa45e87447b452ffec4bc550,1,21.42463172154696
0x89c5c9f7b848fcfc2bcf43cbbd8cc6b244adaeb4,8,9800.0
0x9fbc2440b03e43d29180425b7d219cf4cc2b874d,2,930.0
0x144606d472ed9c48d3f213f890ea02ba5232005d,11,13895.20968031739
0x79f273e03c13992c614b3fb92a7676704182b450,7,45000.0
0xef2d305f47a4f116b49b89815f1c189bb44a3536,8,2995.0
0x86f2196d1c8e56bb1b899e7834e0ec7266dfbfd5,2,30.0
0x4453917876ae82ee4cdcaf75bd373d46bfe3a396,1,400.0
0xf7bbc0cb54bbf8a771b59c1119052162a14a383e,1,26.0
0x4b2069275e701761488caf52fb7f36e809492afb,75,856643.7384152303
0x0c9d95adce56bdfb10c9799d19a8d77b7ac43279,5,2160.0
0x35448d4fe45fd4165fc2bf2620608217dd6058de,4,1483.0
0xc94f5a1f1158d4a748bee908e7e40bd0d1e9e63b,21,22342.0
0x58e06363c1d2e8e5299aa2003ed4c942fd0ad457,6,1800.0
0x0bd6c8c6c38f70bb4fb1dcc2a1580d650aa1c3c6,12,2346.41931799962
0xdd9ac40d7b0c2a69db9c571d08d266b4be898bb5,1,133.0
0x428414fa3e2d482c3fb2387e2e7c87847609f2b2,1,30.0
0x461f8de63192cf8cbf71a47b782131c6bbf6fc2d,4,2750.0
0x73785197b937c0bbeba3697f7480d06b9068ef77,181,2084528.067556971
0xe22e7c97d84272c078a4319991b1b0fc37fa8436,1,407.0
0x2cbca6173a8f600d2290e855faef31d0e67b0c83,6,598200.0
0x3a092e09cb4a543d2ce98d44ecda66c87f488545,36,131266.6727773103
0xe739065810a1a40be10b3554bd419ee02f68728d,13,3205.0
0xeca8e8aa3aab019ac9baeaba23a68dfef77fb78b,5,63227.0
0x43772c657d53f7afde9abb2b47e36fd887e5c15c,316,234845.0
0x0ebcb969bdce6a00f8ae8b2a3cc1a1431f2f97e5,2,600.0
0x0380aacc17fa0fcdf1bae9b8aa0010e857d7a02e,2,1100.0
0x534e90f2a9bafd800c2ca52746b0e4820cd21277,7,2900.0
0x23d7bff47e9a67e009e1dc2f5ebec2e763fbbf12,28,22336.01439185711
0x697a418c7abfdb2a984f44289b5e64b3bdd9d616,11,34518.5911135
0x582672ba4c6c7f13be2ee21437d997f509729323,12,553.79150912
0xaf2e41b08a60f9b86a7a710795714c0f0f231336,1,84.86674451104857
0xeec4d17348888d419f33905f37fdcc135a616172,6,903.0
0x816d98f352c9a3a18478b024380b431e0da4f2af,26,15169.305374656262
0x48c264e816f2d0c3d58d5947fe506f3f2656fbc3,3,1250.0
0x1aeceb470c60d498cedb953b954a815f404eb2eb,7,263.0
0xf2efd941ffc1baa5dca6b8a61e88b264da638927,1,240.0
0x2df3b01f812c4c587b94368a403a288e7ade81d4,11,3273.0
0x71dfe22af83044c33f29e4c3ce1083e65683685e,31,7756.99716286
0x606186a202215e19973cd4e62d73e868b7033fb5,37,410429.11070461
0x5494ddcf1c4cd41829594281688bbfec71f861e9,14,14589.26259695
0x0c6f675e457b4866ce59fc4ec886610363f3e8d0,39,10412.97
0x9cd98526d239de006f5e3a27fed3beaa2b4bef0c,1,20.0
0x59bb365bf4dad5e276422ff337217408d8509c0f,15,2799.13903836
0xd19a4919992ca1732761d93e7d1c76900d235b79,4,264.0
0x862b158c0cb06b17905df3f4e35484449fed0e99,28,5603.543883346653
0xe7aa4a1c19223d1e380d6ebce7cd6d25ef15b300,11,11002.0
0xf1119d4bf93976a1e66dd892d8721e2ee389c673,1,1.0
0x743fdb5b0ce1018e60ebae5e5f101a25dd4b9a8d,1,1000.0
0x59da04d3bb80ad2cfbd47aeb26bb219e219b9776,1,50.0
0x7fb61b209fae2871be634031af2fe934fcdb86fe,14,1017.0
0xd90aa78f271c80e3a3a461dc0b11242d791f7bb1,1,92.0
0xf51d3351ac403185155c03313eb1f630d9172116,1,155.0
0x018e6845847f4231dad8c3e47924a2ac2fe920b2,56,1451.0
0x938ee6fd1eab64f3f23f0b52c4a0f6f0133d6278,1,600.0
0xb79d676ee1a52b1f3a8d5f8cfb43f16204dca5cb,1,20.0
0x113dc38e8be72b15402566a80b03497c2e8bd74d,26,3272247.605
0xc78c5523739f1cdb9939a6f9168e7f8f9e44744e,16,8550.0
0xa4fe96244c22107a7f358078602417ddd46f7a91,1,300.0
0x9c562775bcaeae664eca5aee537e3f5b5519c120,1,20.0
0x68545bb0ec514e2fe9029ea2de057aa11d2ac929,2,100.0
0x31121d616242eb348918e1a7b899b61d12100eee,2,312.0
0x93a6e265dc77f03dce5506b33118f5f2e82c08b0,101,1589136.288857801
0x3fb26975bcac26641f9abe160eccd888aad0e40c,7,590.0
0x85e227c26459824abad43cd3a0c95b2de69e389b,5,410.0
0xcb6ee069de13f5cebe953502436d7a40b326de6b,2,782.8473120560304
0x586fdde0bf75608fe0a4bef7ea26e4f1d8b90185,4,6013.0
0x01f1d7f9ae42a504c9630643cfedf2ef1f4d376a,4,500.0
0x9a87e4b32c14c6cbbd3121a27c4d62af6edbf119,27,10012850.0
0xe063c94c32c5ba43607f18c849415ae909d3b87a,12,23500.0
0xfe082934d64897ac3b33bcef4fec49a2081cb7a5,1,1000.0
0x17317cf0af1fe833fb22209e6e63427ec0caef67,1,1471.295109527448
0xc047351d34caed51eb71557755e38a9d72171407,5,3080.0
0x201583409882d51d308a8c8f7d91fffbddc52937,2,150.0
0x882f06543cc0ebf15f1921f551eaef576cebe30b,1,20.0
0x06669313493a4e941ecc5b01f27d2925b19270b5,1,150.0
0x2a4e8a77998fbd6532ebdd5132c8c4ada645180b,1,55.0
0x8f78efb798231c67a7d9c30be9db8e29b96a652b,1,7000.0
0xcf3715dcde193be57a0e9cb34b94f3b2b897c16d,5,700.0
0xf2667902a6d31e3303ca62d20be3b04ba200bb51,7,125150.0
0xba97e04d7e4f2ac95e1121e7c925b9c7657ed324,6,7000.0
0x9c2302e7e54ed81f4a70a4edd848e00d48acbad1,4,4000.0
0x7adbe6de7888d8e1d7014f63da08b7bca3a168ba,1,20.0
0xa7d241180c42ed71c8f5b375c7e808c0751af228,1,133.92
0x4f7b39655127cbe13d419f840399169641ca5668,2,320.0
0x0464036af38b161badf603874c8b6d572d710f15,5,1220.0
0x5b79ac2b2c8ed540d2d57619acf9007d5d3e94b5,3,935.0
0xa67c9d0be3585679777bf5f4d11d2954493d6a07,3,100.0
0x2bf6ea038b87ab176da1c4c5d262e5b1b3adc291,57,79680.0
0x6b96138e5376b9dd6bbf7b14dbea40b9c9dccac5,5,91586.71947693
0xa04fd12d2d3b4ba8041905074e4d6c6cdee15f27,20,3730.0
0x13b43b5e3d204f640120faa8291765da0148b600,1,20.0
0x5775700f5563148db510034d70dbf64e9680bf77,2,176.5
0xf1f65ed51543e59234f25dee6f6f23b8c4b23553,3,1251.0
0x55d78c4dbfbdafc16cba86382467f6222162e9ee,1,45.0
0x2ce738fd8a80bf507c6ece33237869bfed7fa3eb,1,28.95530032
0xc8d27b44cdd02853b50acd763e628beb4af436cb,1,30.0
0x3c7b127a4e38cfe9f51a14fee34e3c93244fa12b,2,390.0
0x2226b99a62a42b3a22c654c68dcd2183cff4dc52,1,50.0
0xb86ec20110955584f98cc27b2f9a578d88801470,1,45.0
0x38f0c3beeaf34f01f6ce5ef588149f45c4e805c3,1,1337.6208593464155
0xf24e72785952ab6dca6b46d092f55c6732608c92,7,137600.0
0xa06784ecfcd75c62256de309f2939a3ee622477d,1,80.2466373702045
0xe42e08611159bbe0c5d30f53bee387100420b8c0,1,130.0
0xf8f5021f3f1e1bbdc563815bff36b9ca6572a498,10,54445.0
0x605f60f93326611a1d013bb2a568090551748bd8,4,615.0
0xccb68336d9fdb5004d12429d43ac3604c7b1d1f4,1,350.0
0x8107bdcc1385e6aec43c752f6c56d78746f53cff,14,183589.38851502334
0x9960b11f3e4843b3d4c4b4b90e770f97a4ae4938,3,92993.71791102999
0x85870d9f2b8d16b38914119e621009324d466193,10,973.95
0xee2a97527bbd651a5b469f4a4c2d9b7f12ee2b84,18,1246.57769919
0xfe0abb2dccfa761701ddbbcdf00c57660b7a9bc9,1,496.05558277853663
0x9613124ae2885fbfa2a38da7345066b574db5082,11,1545.7140079
0x028d66f09ca22979c5346908ffd897a0db8f8635,14,50175.34430703
0xd20ef8918bfad1311958920cf021a4a2a976dee4,1,50.0
0x6081705600844b73e807d5e25c2d678d90ef7118,1,1550.0
0x3848cd34818603aa769d1b3ba2a0d24e59006e73,5,13850.0
0xf7cfce7fc77eb0b547c1bd6f31033c4ddc10584a,1,20.0
0xbf2fc4a1981bff63bcd85205540d2249e99ecd38,2,350.0
0x19fbb170e2055a780d29444ef684e4fc926d10de,8,79.07900000000001
0x9fdcad9cc4d7abeb98407f405e9e89241dd197ee,5,54.079
0x46f425e4a4a51923d3fd468f8cb06bd1308835b7,1,30.0
0x231da5561a5b848481ebfc1c78de11b5eed32624,11,2640.0
0x38e997e1e2d9ce01efa092596582339156281174,3,335.0
0x6cfb9d9d8c332b3c1aec7290283d55e47bb1db48,5,1868.6496981384134
0x76d903f442813e55ecef25d9bca57014675144b6,73,685648.20885177
0xd0d016e4a43834b9bf0196fb8ce811276fb1aef5,2,20067.10393603965
0xcb0750e38ff8782108b5ce8c77a067e31242f068,42,22532.69684473127
0x4bd1bd630b1752abd50b4c4dc11631615e7fa042,1,600.0
0x066266f90f25d8c17cf2e0b3a1fef840e51c6c83,2,220.0
0x88d078cb11b3e288ef239a7fab221a7f7556a218,37,53112.24237430741
0xd02d330a962bea24fdce3d9f8697a09223dd4189,8,9055.0
0x3315889d6a2c71d861fe2e4d0a439ece82622cd1,1,40.0
0x4f503d0d1e82696491e1249193b0aac19271e0ca,1,250.0
0x96a8b0bb2dafdd43f05fa3d2478397ea81eb21b2,1,15.0
0x262ff86099b78d8005f5361ad9f0e17e8560cf03,3,1780.0
0x73af197128a8cca7d63c4cd806f3df229245ed8f,2,100.80837305561539
0x7b41bf00cadc69d7477a1ffafe549343339a0810,7,24695.0
0x41db30604bc78ccaaf18117495c8d6e0febe923b,15,11230.35
0x2c3d1efb348af469fca13a6ae8224705345a5959,5,9300.0
0x55563d7b6dc2b0bb13d5d8b7bb4700f781fd9e20,2,5200.0
0x1a13a13ac2de0b5054a599a263a5135b8f140d48,7,35.32996
0x7d1199e4c7e174e848c8656ce22e37ed37a8425f,4,4000.0
0xd95f51361b1c16bde605e14884b91adb8797303f,2,650.0
0xf7be0fdd57a7993bac4e7b4b14f5c7543804ce81,21,10829.0
0xfdb41e0f4da8870722d3f8626fd135a802d71824,14,12452.306621302701
0xe4495452d1d3f4223a9d012f759a9136dff491d7,1,292.2786466456781
0xf5e2aaafe27646152eab1dcc3e836f6894b75072,4,113.0
0x12fad015a8dd853a3d6d41e4e47856e103b157ed,27,139792.0
0x3394023a1bfacee3b6284eb3828356988ecda245,3,23.36
0x5f7f12fb6b52b185abbc3645af27c54716d47f57,4,80.0
0x2d54c35cb4ff23500190ec3eb9afa2ef00ec25a8,3,28497.644189582243
0x59c46c79fa6aec863f0a252d6b401310ec25977c,1,25.0
0x2babf33cedadbe0d6a9837f078ab5735179cd100,205,1826336.7530838964
0xc1a75bad1a0b9e4a081e9fc2c25d6ef75849b37f,7,2021.0
0xdf8cb46d9977abaab863981b116bb0da7583f425,16,1628.58508672
0xd55c7dfcf97c95692781daf286d397edc776233e,1,300.0
0xa7938443774d23a3df2f2277f3bf7034bb814f6d,1,73.0
0xebbb4a358b50caa2213e581132a6f978cf7dd440,48,136028.38175057952
0x2c060ca5f83860eb8d06f71b2b8bfc59c09d5de4,8,1322.82706976
0x259576beb0b46dd4cd537477a9249a9a3c973231,65,3576700.0
0xf60ac8e005d48edff0a36a4c55a245ec88762c95,11,71907.0
0xdc0b6dffcd37f68736eaef39527eb3c156236a14,8,4007.71834318
0x8751659f46e1065cc0bbf46204dc20ef8ce3232f,6,455.0
0x8347a3d2731e746dbc23795d2a8c5d669726570d,4,19000.0
0x7e1d9446e22b580c7b532fb534183a2763d3ae57,9,739.0
0xdc3ae7bee9587b0e7a829a57bf628fa9fb305ced,2,750.0
0x6e3f325b2d1ae47dc07a0b0ed35a85e43d978873,1,5000.0
0x85105be2269eb43c97fe30d1bf2bcd1f2b33b68c,1,59.55
0x0a97c50c9d21b821b4378dcb4b960d262b22b3e4,6,517000.0
0x77a782bb8b34f1321def7ce8eb2e13df3e79987b,30,24555.0
0x20fb61b6b875857e62083f946fa5647a3b428014,5,71000.0
0x537511daaf94f081f535bd245fb37395a86e102c,4,1240.0
0x0b0b1aa46e37a460a4a63706735839a83f3ace07,1,297.75
0x4ade8ec20f3cd5e70f3b30be74c147a6278e1469,16,41598.0
0x55edb22c82ee6ba713757c386bc70a738aed1b04,8,26830.0
0xc314314bccf4cbe3114c5052fd058484200c0f56,3,810.0
0x982dfa6ca7b222e8f7e1893d6dcb582800b57fa7,7,6830.0
0xe24eeaa7d77e9dcd34f0130efd28825eabd08d40,2,5800.0
0x590db8605ba561052cea05b3558cd02b89e8e439,1,500.0
0x9d45b0adfd25199d29fc502a3b1ff16725d98af4,14,49509.0
0x23557e6f88d2e9ecbaa34142e35e51a0fab8cb37,14,74932.97054753419
0x209d6b72ab6bcf75d6c43e0424fbbf9a825feafa,1,30.0
0xdf33f7a593ca688718c28ba129a9970885ac0e65,11,59800.0
0x12d7f0b0b6068ea382c9510f39a620ee52c43e8f,78,230495.4055882772
0x9ec955d0a17802a6083a6a87fa599a7f51f25ca3,2,645.0
0xf73e9726accacd362a380dede6b4bab8179766f0,32,28975.93129444
0xfb67d50371b66f4bec5574c570f50bbbf2affac0,50,46209.25
0xc17b8778e0bb1520e9aa255379f9f3968f185a60,1,30.0
0x7ab482804a6448eae3fe202547ae613ccc702181,21,380400.0
0x64cade1733f94b0d3c01a8cb738df97c21ff52d2,35,203651.0
0xef14ba0693447c8c9b6cf638c0cc667ba56a416e,24,15695.0
0x5fa0eae6fe0b2a1d516e1da6d6154f17bce50c61,1,2400.0
0xac0223e2f05e96541f8d0ba234e037478dd6e4dd,3,840000.0
0xa962c8dc0c087dbef20f259b60340d7b2fab912c,5,450.0
0xc3aecc8c412643f59aad2a15f980af2f7d9a7ab2,9,28000.0
0x8c726dd399032fc65bb0b88269965f42fa386264,11,13000.0
0xe1edc69046e0572d167f5ae62254b014b55180db,43,5822.9137364
0x0e4e6cb722e8f6b0366441514213eecfdae13b51,30,1032150.0
0x282e1f1fe8ddb9387854bfa16dd03f1f08a87869,1,1000.0
0xc75ad0f6f965257b712fb7f064cdb57348cfed9d,54,3054192.756530129
0xbb1eb8553ef02415fc17b56f2d429d758d5b2d6d,1,1000.0
0xb66a3d5e01d6f89b1d75ab218ec003a63dcc515b,18,29529.585297262638
0x8bdd813d71a27a554da52b1f11386e8e4d1186df,1,1750.0
0x8e66311567111d22ba9a24b3f65ba606faedfe64,13,46799.0
0x901cd2feea98dd41d6257fffd6776a6589ce8c20,14,326000.0
0x4426690046f7d19fcbfb1230e09a77b6fa3cfb59,1,8500.0
0xd3f28ff848fc02ad18300c55baf58840671bff08,16,512.52954793
0x13ca2b80e445e522b0c0a5feb54bf3cf7d0fb0b9,3,113.0
0x7e6b3ac7c1c323e8eee3cced477c4b5ae628574a,5,18286.0
0x8f77f450e7a8708994dc340c9123ebef05677d5d,1,1000.0
0xaebd4ee0f30bedc85615a1b899b4d09b59096170,5,54243.093291
0x7ee3665fccf6a23ee0e37dd8ce822c4b15e606fd,12,7940.0
0xa0eccfd901dcf7472db1f1c033c278967687a065,2,130.0
0x930832934a3324270bef53e6cf3ea4cc04c6f7b4,1,350.0
0xd4ff315dc83f4bd0e6789b57854a71fae65d0d72,2,719.0
0x1e54daca42faca9406a8121a31ea95ab35829904,10,134766.44319383
0x80dc8b22a8573c69f28718f6a41ee448c6847be3,9,4159.81648244
0xa2863b9eb883009398346fbdb2791834e8437c45,6,691945.46097555
0x4d149db1cb8748f1f261111c58f9e07435770a44,3,2481.192311883832
0x5442b8edd90fb39194114db32efc3231a944ed54,17,28195.0
0xc3c08ecb1a1e802605194aa6f42486529cd2e622,3,13000.0
0xb50ac224bf062675d3d75ad120590565345d5a35,2,126.0
0x3d1a2a35b987b3e1b9ed82ed6e0b5ce3b7dc3aad,4,3700.0
0xdd63ceead0f0e2425b6cdda137d06298ce5696b9,1,61342.18940974001
0x12e001599c0be5b0da61f1219a59c7b91a6c0d7c,90,107578.60309085
0xc91da098124e6c86d5d81a45d2b4267dd52e066c,15,4023.2111346733336
0x4d50f73fccb240aa2e04ce8c192fad63c4dcb561,4,9292.03487654
0x4df51384fb14587ed115cfb236f1d25c1d5937b5,71,26126.0
0xbc3bc251e9c384d7a0399958c03d8a8f1f2e295b,1,130.0
0xb98f93bf59a0aebb202e89fef5b39753ebcadfae,38,35714.87
0x28d694e453c7b362b7289f1e096d877faa5422e1,2,302.0
0xa0a6ae1a7878a3d0e642d1ba46cd4fae60bb5a83,1,20.0
0x0610886baa1a6f5b3e150e7676a195250fab65b7,3,17761.0
0x008fb60ea1010f6f751280ac8b4eaaef4e044a0d,8,1130.0
0xfda714e120660b27f50008e5912127b2ab618245,7,8534.18
0x4fc3f5d9849447e83239c58baa616392dbd685e5,1,200.0
0x9a4319ce1604dceed04ab2581fd470a15a25a850,7,13500.0
0x71f631447549aa66530695db32b6914ef39e7a7d,1,66.084
0x6ec0ffb1877c507723adb2fff55f0ad216e6e9d1,1,66.0
0x21db99f77e08542707e3e587f1b55965b3026376,2,10066.0
0x81aa280f8d0856b008398d7e49888ef1e5b5e96c,1,10.0
0x1efcc1a0906888ee8fda1d4a93fbb3b165fa6008,1,10.0
0x5c24500e07e9155d2fa86a7c4d09471012d65c63,1,100.0
0xdbdd50223b96e67437a833ecba8c2fd8aea1ccf1,1,76.99392517644084
0xe9b356a24869b6757552b238bb17a0343a288282,2,30.0
0x2da47b59061ecbf3b7941347d58fdbba9a14f624,2,3800.0
0xa7445ce85b337b93e0e9d54c4a1786e3eb53a34b,7,3416.0
0xb0126a4bbf8c9e10c5cd96adee7638cee3db4624,36,61575.83954110853
0x442820f11d2da838114e5d9684df0ccaa3c847e8,6,5585.0
0xf7a9599a7bd5092d113034f99dbf0c9f14da3982,7,20109.0
0x2e330424fe874d71ba910eb6a1e1574099976fb3,1,1100.0
0xf6fe92fcc8fa822d12c6ebfcce1052309baeba83,71,3928631.267119691
0x3d2a07d9bd55813abe148ab0ca0d4f89db6a62bc,6,10206.606345132266
0xb6fdb547e0c756cf5ad516be4b94f90dcfaec51a,1,1200.0
0xff71bf2771f5e4d62fb018660f27bf242d1808a4,1,100.0
0x327a0339e84c41a336010ff7b1b642e3d65f9982,2,5000.0
0x6d0499559b9a3a7b94e97befab87aaa95b42b61e,5,125000.0
0x047db6ce82ff5d0c552bd2bbc580ff3961b64475,20,8906.0
0x9a0b560ec6997b0bfac789e17af71f96d25cd84b,9,1873.62965952
0x294d466277aaee13e2a602c55a8eb64f7e790983,6,36283.095539458685
0xd8ec48a6825d0d2a403159a8123b2f2c4a8f61b6,16,58758.0
0x2cf3b230b0ceba9c86d718c912d67843043aa4db,26,1369787.0
0x167bb77ec75eb3b823d24e13a87445ac4f1e3439,1,148.0
0xf930345ebf879af0e3d672bf68af4496707deb75,54,2463611.2209195
0x55ff6f758357d61549c4423c70dccd5a59cb2717,55,265565.5848938908
0x632e9bfd52efa3d62ee6b6f63c8daf0fface9822,15,6371.81745816
0xe6d762d26bedbbcd87bba65e7ea9317d668ae9da,6,108.0
0xb157bfbf64dcb0cbe34b8c3744b567acc809b0ae,3,8400.0
0x9847f7812b065242eda3c92642cb0989a93edfea,12,49694.7
0xd51b41beecb894a53bd5b7efecfbd2227d6b956c,6,13465.0
0x1b6ae3b50477b22fcf1fde0b8ac8fd6725f13894,1,1113.0989838557634
0x6e5fa496ea78a6b77b59198af9898dc586628cc0,3,140.0
0x659fc7da4e3133681b58533549b28bf4dfcb64c3,29,32639.11433978
0xb6b5860bfc4fe7bf9b7399bda45554cfab6e048f,5,4850.0
0xbd5725de7046b9b358dea3339b6fded35d1fcfb9,8,573227.0
0x26653ecadc07a523d04626f7d9a930c2913ab3b1,9,110150.0
0xd17bab9354e7c363b0387a61eab9ec628070f93c,2,1000.0
0x76ead852e2bbf494a19af3cafb51c422fbc6015d,2,7525.0
0x75fbf57e9705d6c45d927f27533d756aa4ece0e0,8,4171.0
0x5dc72b85b55e2894a6fa829ada21f70dd0311d84,1,20.0
0xb3ca4118a17d3a56c6c0b0b9313580e0716a0fd3,4,40.0
0xd0c771b2648090f85243def9bddcf659a042d41e,2,1474.5373435371703
0xc83d133ce8331edf49ad50fd1e3e65dca51730a9,12,19726.0
0xc211e43acbc89954206783cd2e427baa79bc7978,7,64967.43117872902
0x3dae0d5f7eca4ef1571081d21958bc1d8767b8ed,3,564.0
0x74ef3123ce2ed9ee8cae009703e118fd37ad7880,4,4504.0
0x718a4ad9acbb6e8b245a20d605b5a38a84c345a4,17,10525.18
0xaea3010083e12f8113d13c87175b20bdeb8bbbd7,15,60410.0
0x7973cd2c54ee87a89a9d098f9a7fa1d26f698e3a,4,18500.0
0xef6184c30f67562a5bc4cf6a74bc951d28a26036,1,10.0
0xd1ded9fb5d5870465d7cb7584020fb5531e4bb0f,1,170.0
0x595aa53166e1e00dd9012a92a16f5fe090553ef9,4,381.0
0x8ec85d1b459618676d425bd689ebcdf9d2253d06,7,718.0
0x27892cd856c2a14adf20bd5e778005c9f2bea1b7,1,170.0
0x7d144e2ffba2f90dda467386f094c71bc52ff674,3,149000.0
0x70aa8db74d10983dbbb86fccff94b65c5d6c63f9,11,2205.44
0x141f29935250cd1ff546f4d23b8fa4c113d7dd68,3,845.0
0x594eaa37664efd01f39186678196586e1985a5b1,2,155.0
0x3bd662a3b5beb73786f13f5c5b0c5bd36ed10161,7,7100.013972084294
0x316407fe0e37eaf5495b963b844316ef2c529884,2,1800.0
0xfecf2f8e8e756d028cd1a15fc52f63a5381fad7d,17,24200.0
0x1f2763f1aad67065278520ce1b60db4eae61e91e,32,22546.23
0x158fb564483bb1d7bc52ba13a58888279b6b6a2d,38,52258.0
0xb52a0b2b30f5d9bc4fa637dd2dd2bd822771bb45,4,8500.0
0xf611344356abda454c44468fe1e350d7af57ad15,1,276.4328735806013
0x16c44e0a53e00eb6f5b0bb5a2922f41199c840bb,23,11350.0
0x1b3c432e2d56316d341ac70d64435beca4de1b61,3,278.0
0x8a18f7e57558cf32d10f6e29fcad37b1633c3b07,1,4400.878586798667
0xe871b6a2806a5922a911af14818addf2d1a2b77d,10,359.0
0xcc9d0c0fcdfb88f7e6e21d45dc3e831e399f32c4,1,970.0
0xaf3c350392421042a3478178d1d54704bb864978,1,6539.707481079506
0x4c0ed5e11491dff2abb3f8438734d0421a76db0f,6,14830.133900128592
0xe035ac89e698b467fb1ff30f83431f7c48eef4dd,3,129.89296734309406
0x058943072caa7270a0bbd53d934ccfd24e75ff77,1,129.0
0x60376d637479c7ba707b8c4a14e8438ead3bc7d1,1,50.0
0x95e153a484a8767b2e9a41a1b04cb549b75fea72,15,28938.52655244474
0x9ee581befcaeeb9eb85170dec57874cf89abb958,8,9305.0
0xcf5588ceaf18e88674fef3940f705d09cf5f7355,3,1800.0
0x0604b89e7abbb07ac3a0bf62258a528bb5d4c2d8,2,11153.0
0x274aa569fc2e92010512413ebc88e171ea8297dc,9,8890.0
0x081b32df13622ee44ad8d7463157f08e5760e4be,69,1952370.0
0x95d27828dd5616d9b78317cefca5eb53f4b7c65e,17,54430.0
0xc0af9477685be2396ddf662864dea8da15537144,1,66.49811925
0x4844df5c768724513bdbf1a0cf6d7fa4cc6fb982,13,255215.0
0x9de5cba6afd63a2490b219543b2a5c17775a2f0c,3,1070.0
0xf9931227e8881ebebd859380387756168bd5e1fb,2,6050.0
0xe1eea609ac4774a04b16364625e966db3cbda2d8,117,9599169.067913601
0x3afaeb7ebcea56ab32ced3ca47e6df8dcd6a91c8,1,2250.0
0xe8c6f9713b87b3a7fc03a3a4f57589a44f923cca,1,600.0
0xf98dbc72567abdbb9de24ba85492fee392f8eb14,2,4151.272334256537
0x4514b5f6775344b459faacbb97c5b4dd217f825d,3,600.0
0x7a08b51d9a6e44186c71732372b59e69a59fab76,43,35568.923793619935
0x9d9c3205c1a134e97301bf7aa3e2c4154da807b8,5,75100.0
0xfa8b272d39748cdf8fe55be8403bd6ec12f4370b,1,724.8730543555995
0x8fda2fc2fcca89609242db53b5ec8e2837eeef20,10,16901.26406948
0xca7f4881da8acb4c63b30be3439e4656f6889d74,7,1475.0
0xde65b45d8a9bc04bdb74f68688704ce64f42dc4c,4,398.0
0x64f937f0b1f7c0c013c8976c832be66cd0f99b99,49,7056.201393738844
0xd1a2a1f9bccc79ab3952533c0b170ac1ff58aa7b,2,35.08420542628368
0x1c86792484fc8a443d7d587f9ff26c43bd148ce1,1,63.0
0x30bd373cec97dd6283909ae30ae316860592fe54,8,2625.0
0x9c105da2a890252cfa9e008c601a68a386a53198,1,74.28212455623277
0x42bca7acba8c46516a953b8837e3e7344b5cdb7d,14,22169.489346402002
0xe400aa6517f432e1d1d49e2fa183c7cbf88399dd,11,262000.0
0xd5ce8d6f96082e9151e17b5f3a903c727c6abf75,2,2950.0
0x70da6ca01cbc18616899ca76aa6c5e883b80d8f5,15,7372.844862114311
0x2d5987e7b512d8e82d596696a5735ee7dfb9e46c,1,155.0
0x5eea6fff73d25416cbdc877e21f292c559de8137,1,160.72
0xc8d72961fd32dfb8b4d43c50efa4cbb25cc1c796,5,3500.420464203778
0x4ff6f77b5e1ea79f28b46a1d5824906952a71e06,2,70.37469960735388
0x67b6874da5640ab730ae2cc7d76e4e9b7ccc6371,2,107.14666666666665
0xcbe3c10aa5c7823b198a1d7c49db42c4dc214420,2,1400.0
0x19dd5ab0e21839b4e0508dc963ed6e7b75df8239,5,12940.013828252542
0xa22b46e11afd84dbfd6277f1c4f19a1c7e02eb5a,26,26000.273106964585
0x327dffef5b6080c6151b7dd8c39b1ac1d9e0bf32,1,131.8797716635515
0xa83dc4925bdc305a395e71f908b7aa00528ecfe4,2,24150.0
0xadb6df54206422ce5166bdbacbd0dae08db16284,7,2098.5
0xa16b403e6e1f5443bccd0b18e7fb84898c9ee507,8,600000.0
0x215e0dcf957117a30004339f22f6bc6dd72dfb04,1,250.0
0xd957e79c8e197812cfe0ddef804ab1e2d3c46b7e,9,10362.0
0xba7a590dc6305702fbb7513c7ab83dfc047adf2c,3,434.0
0xaabaff1a5e3284205667e6daf4b13e5e86e5621d,2,60.0
0x455f2b1f02ef95f6b2afa97a9f18a7c89eee5588,1,30.00379972654719
0x962d4e4cad24fda1a1263c4cef18c3ce5ec01094,21,787708.8204018114
0xfce8b56e0d4243ca253ce998b73ae3c5d4dd9dd4,1,268793.4075144224
0xe77ffc9130275cdbe0a0ee2974dd5eb693597bea,2,70000.0
0xc318dc667d92737624e1858af91fdb839e63d83f,1,100.0
0x2e69490a7a92b22b25d534e6a567369c8575b8e5,5,5440.0
0x33f908d2a6cc5d6455059be68f502f7464c1863f,1,150.0
0x2ae148fb0e24e040960ae48cc0e383426404f274,2,2297.630784204323
0xd175dfd88939ee702cb69e96f8bedaa2f93fbffa,43,21840219.044906043
0xadcd522892e0eff6c9ec9433794ae5673c2da5f1,6,837.0218175654736
0x3c088ab2cf0af0aa5bf6be5c4360913061958edd,120,1189845.99818195
0x605729ab483178f52a09ac32cd2e8bd641ffa416,105,60882090.0
0x16a05d25f04cfd6cfed2923355c2730734296d55,1,21.0
0x7d387aa54420fb5ac715c5a0cff08496547fb4e8,2,3250.0
0x46dcdbb1f34466e8f6389df4dea34fccdd02a216,5,20097.0
0x9367f65ee7f1b07c4b8bcd665db55be50e0981b8,21,29323.0
0xdfcfb62255e8cfd00c6d7a9bb9ba07245ae9ddd3,9,10900.0
0x537a8dadc9a83db6b3de6d190f9cb82478d9ef23,1,150.0
0xca5519d93b4d99bc74275dace6d2d42ead7d5874,1,6000.0
0x518820567d7c5cfbdb3b3de22dc2859563e14494,2,1500.0
0xa9eca67936e4d38e9ba5dc9eb324b9ce4f78ea1a,1,5000.0
0x039e98bc243431a15db030d2c4c0d362202564c0,5,1356.58
0x922c698f95e2f19700ae789f1644b4b5c0fc11c6,8,630.2151775956647
0x4d6e7a72a874588cd9b366882596a4b6e4e155b3,1,1000.0
0x8e2ffb32a5b42b4d0f692f0e8ab41aa9b1cba5e7,4,29650.0
0xb649d39d7f1570befe5352da097a8513b599313c,4,31000.0
0xf9e5a97820d4f6e067e07e643c260c9a0f45e461,1,11000.0
0x5f178e0651ca92b3fd4db0e72d4d50a2b3b2c3ed,1,20.0
0x6b22c219b3bbdaa48a37f43f723c5d5f29850181,38,18034475.826986447
0x29fe7210cc9d44c5a6695d622dd1cb108386db6d,2,4300.0
0x1627a9e90455d6e14ec5b1207ea7dc287db4beac,3,40750.0
0xc9ae3779d497dcc15f41758a093e88e1e20f0ad1,35,46861.13
0x19266061b332f6d13cfc8adeaa149d93f7cefcf1,2,4150.0
0xa2fc9c1805a9ebdf1c4f6dc2d57122fd6eb40583,6,31589.81471489791
0xabb47d4d376b89c422dc8897dbf0541d379e82db,4,4224.608041520427
0xd924e51a6bbf64abb079020850272bb82bdd85e6,5,1250.0
0xdb09a13fa1f640bac276b45ef271eb85ca1a001a,3,3186.69112992
0xe04afcd7cd1051d181d168179dab418b66cf3639,4,950000.0
0x74286779d59d10c74f8c3b6b069944b996432687,5,27500.0
0x4d7fc504f8da854b1ee1c2eee93b783561fc0c87,9,412936.0
0x322c48b33c4179eea5f1f99425741572154a511e,1,44.04397011841922
0x275c4e59931a22756dbf379d23f970359f09f39c,29,613618.7226223892
0x99d3d91e28f98aa02bfd238bdc87fbd046058b20,6,4390.91
0x786f8e9c1c992629a90960c5a8f105038e7ccfdb,47,415100.0
0x9ba18ee829d033491d13b7b4e7b9fe983858b344,1,700.0
0x629887c7dcaaf7ec9edf04b859ccfc96bebd4db1,41,49433.43404587
0x52e5ec473bd20c0945b2f41e07e1b069356e8af4,2,15000.0
0x3cd2e1fe3ab8e09c17055a153318a50f216f1ceb,10,161.50008097726123
0x26258f9cbf9529710e2c95377a6d7828055c863e,9,1005.0
0xe62b2ba6bd0cd4d217be87b72e47e889f6729635,4,400.0
0x9c7c068fd243013124c64446ba2e159f05599dbd,5,974.72712183
0x26868bdb32c60ecc1d5539d85ac299af25429307,14,266.02572299999997
0xe4830b3ba6a5b0c48a8c943bb313a6a9e667048b,11,53200.0
0x208e008d2279dfefc277bec133231a1b76dcba14,3,1087253.2740704503
0x9b5ddb53609867cd7583353978f495976fe1dc2d,2,2500.0
0xbaf02749d501dcd3a28d81077eb7c8126c4a4a31,1,27.62394469488515
0xccde21ba33953119664e51bc11b62231659eb952,5,27073.385872759456
0xd1ae2aa3fdec026ff8daf04ff7e18fb27e84e16b,1,50.0
0x777742b93babf51cdd79340c996013109e44f53b,1,8547.335614627535
0xcfcdb855c10ead39e275fca7e1aa4a46d64f9532,9,162.677662
0x0a4f126f3987b71ab755798871521d103a5fa853,5,1500.21
0xb72c7b127051e8ffd51e5590a6578a0cf98b2f1f,18,42520.12217760833
0x4c3121a19387b3fd81f06dc7c5c2c6e27e0cc463,2,750.0
0xa8cf528113cf2e6d3670faa21293e48627bb7f79,4,316.3
0x429075a597debcf20836c288f03e58cdd4d7f86f,2,781.0
0x5859a741ee62d03d9146aa617239b9e4024ce19e,4,3760.0
0xafa42dd66d40ad08acf157ef4afd820426f97297,1,25.000190831856933
0x143d6baaca3ac716fcf4ab5cb365896492d6c355,3,800.0
0xd6c43bd886cd2d19134f6044b51887e608f9b1cc,4,7900.0
0xc814f4736a6e689a96393920156ee03ab076b04b,4,5898.0
0xa476ce77c92f56af488d2f3a6949e9be33c8047c,8,1576010.0
0x6bb1edfa8b34f70b69f28d078e029c3bf0837db1,11,4540.0
0xa3343ebfda5a55bb4d1b498bc783caba82f21d78,2,393.0
0x974ea9ed14929e2717296f8d2b243393949b98b3,4,451.0
0xb53865176830787fc4ace1d687506d1573478a2c,5,2276.6825057062865
0xfa71111c31294d7443a3474004fa11e944bcd938,15,6939.94067002
0x0605fb9fd46b57538ab5d0dcc92a0566561dcdb5,14,135220.0
0x6bd42b1f788900f00a8a942d4f41a8e8ed9e84f8,8,5026.55402541
0xdd1616a092225087c4cdfacbe98c00824a1fc271,4,1130.0
0x4df29697bb54532a6396cf7e244ea5b1dd77e4d1,6,412.0
0xd901df8a99d2fad574a93f6809090969fb4925dc,8,21954.36119615861
0xcb915e7d4f2bf20f5e0148fecb66fbc9b710c728,1,35.0
0xa5350f5a94f4f044bfe1edfbc7732011385ee269,1,34.219982623211195
0x4acc6956807709f486e45a6612dac288d3d49f98,17,516.5
0x6435a316bfd7c02c6803d8755c8e5cba30dbf556,11,61369.0
0x4405f4ec2b4a15c2a6e6631340bd17a63306d62d,10,43250.0
0x1f278594fec015e9ff5348d71ac00d6aba2fb287,30,383262.52334950515
0x53557630b28b049f4bc8ff1c75199154bd726ddd,1,20.0
0x744a088a0a13c07d803a06a16d5c850bb6ed4754,20,126050.0
0xfa2ad3d6feebec9dde8353b479d4720c57d0e428,4,6483.734762345258
0xcc694ff238714fae7d6e703150ebf5b7ffe2a3ff,6,42000.0
0xde4fccaa48ba2054360f39430fbc07823767705d,13,16570.0
0x752117a86d81100e14485e35dc432ba3107c3a28,8,3192.0
0xa19a39614a33754e2288b9c11ae69ba16e6edd29,1,340.0
0xefcd25f81f36b91cea295ebf61bf195b161f45af,1,75.0
0x1c28bb7edc44d0a2b67ad2300bdb1193bcd6d6ac,2,400.0
0x62211ed1ea0fd720cc6443493aae787924665dca,3,449.0
0xe71a3cd03f4e89478630fa8570749f9b469fe594,3,408.0
0x6186efe170fdfbd2105017f3f7b9a51e471e1100,34,35449.2294834503
0x4f5a6d79422f3ec5c8ccddf541dc82cbfec99f0f,31,13585.68843184
0xeb558efa0734211c4f639bb4160843ec99f49a3a,27,20402.714553190002
0x0e7ba99512eac3764141960479f97045e1584593,1,7000.0
0xeb4476c4ec7b0a5de47ee33d921c08218ee671ac,7,1443500.0
0xf522fd3b0bc8eb0513a93c2867d46ef596fb0639,7,7794.1835479219135
0x45b14042f72680e9025a040786833f4862b62d1f,2,8300.0
0xce8fad2ded9bb94574ed1704eae8d1901b36d9c7,5,6600.0
0x2090c823c81d4f1a927fbf3c0a82b92ba9d2460d,7,2994.0
0x11d2578958600fb18d08bbaf6f6c704c6e80d9c1,4,1109.0
0xed4e41b1e459a520d62c950b2901407e52bc76c8,2,670.0
0x6242782e1785c289f0100c6f7c148cd7ccbb6f21,9,820.0587937622593
0xbdc61aa792a3307e2d9f139b29d94d9ca4a5be2d,1,100.0
0xa74264c4a8416ebdb3029c8380cb6968c2c373dd,25,12505000.0
0x1633b907a5464ac0a05832b0fccbc0c1728b009f,3,987.427230356
0x33f59c5921a4fba152a3ac9dc8a23e103f0f281e,2,4500.0
0x2e3e1b3b64d3ff56d2b0cdfb7ee744f4b153d544,13,2059.0
0xfa736966980210b4bf5195743c36f902f3ae6549,1,20.0
0x8800e23cf03b588a6b3c1a7fc66be5a0918f949c,37,4928.4410531
0x4104ce58e695bcfe6ddf62e73fb47aeb92b51e2e,1,650.0
0x904046932504e2b1537afc876807d9583e7c229c,6,13525.0
0xc217a87c5c4a9fd73158b393c2f5fc7cd6798b80,6,2161.0
0xdbaf3b1b8ffc544c369b279ba8742fe9332d9528,6,2791.9625229481035
0x6214f6ff020b03634a3ae7258ed10d99221e71f6,17,390430.0
0x91f7460ae913c7b7b654ae0ebdcbe2d4014c30f4,35,38316000.0
0xc1952e13a0857b438c4f240eb5d8df5c15cb7bb2,1,1500.0
0xa52dc9c95189ff67819e0122fd349e6ae07faaeb,9,2015.0
0x56e1733d315e0b44f7d01f15ec5d5bf475667427,3,975.0
0xcb87c9cef4d0c82484959dc98507aa2ad9cf18f3,7,45850.0
0xa02e1951b448da9ea40a3f167eebd023ee240f8f,1,11611.547778635131
0xbd76a15d15298da58d2a7d62305da77c0353f99a,16,20360.0
0xe3328ad73ac0c61b1ccc571810b596105cddcb27,1,615.647537172
0x1c4a684572bc6eec999c1886522241cb991dc1a7,3,925.0
0xa7054480b3a214aa37a5619286a57489ac9091ac,34,166971.2044223627
0x4bb869a9311b9eff6db9118213591f512486e0a0,22,24480.0
0x884ffbcc001f4cf5a88c80d4429163502fb2f16d,2,19.0
0xf4df1e2dffd80e650b44c0463530aade1ad6960d,1,10.0
0x8c91a92d0f2df8abf3cff23b80d13a8f63412afd,2,130.0
0x0f56f5305c201308675725875a7eb593a53f71e7,56,864243.777975921
0xeb634db2a11b323228ce0a4f4d75a614eece7d52,2,19510.13033364183
0x233a61a64aa447dca152206a0ee9d0e2f4802ede,7,29500.0
0x1e7488895a12c58a0dca53aa0700363636156e9e,17,31506.0
0xc64c4a8d3a783f5ddc1fcfd1fc7b9fea5b64f3e5,1,35.0
0xb1155e734d8835a2786eba39f04d326643fa0e64,1,5245.59666211314
0x667d8f18115761ea2bd72acef322be03c85f32d2,30,2521107.0300000003
0xdd17e560a7903f800b5e4780ec684564665a9f14,3,66.96000000000001
0x54831435123fb958b3a91e54a8534a43db14b3df,11,302327.0808635853
0xcab58bd87f5a0b4062583990a220af68f49d651c,8,137653.97567197724
0xffd492c0d0853b8dfc712076fbb77b80f564adf7,1,3000.0
0xcef93238c28c53cdcf24662ad7ab11bd8a49c4f0,9,76600.0
0xb43666b361f58793fafd4c4e643da4193aba611f,2,16977.987747195377
0x2db1af81c836769c6d966e9566a28cb8339681a5,4,3150.4788636
0x691fff09e18596ebfa32dc073d8104b89c53e86f,287,4996289.293258515
0x657961412e4aed0a9aeb44793a343515be4c02b1,1,25.0
0xde812ff21a09abbe48d0e5ea8a60fc1a602e7aca,8,5440.0
0x5d34b10eff32530cc316571aadf1391a0d5a5358,1,180.0
0xfda39a03864df2dbdd46b673c81ace88e6aad7fc,6,1445.0
0xa7eec5ced7cc1a20be138fecfb968ee0f088348e,25,6200.5384368404975
0xfa05254365d0d7ac6936d55e46745b72197153de,4,259.24699999999996
0x2bdeb3da00d2faafa62d86b7ca97c86e93c6b42b,1,250.0
0x2b3a284299388fbd10b8cfd37d333c65907be50e,20,107504.96532734987
0x537ef86f5a4a02be601d46cd705f827b0992bb15,18,27774.68617393345
0xc8ac72892a710c2c3016cd3c57befac31591a12d,7,2111.0
0xf53b1bd526ae826fcf71b53f9d2831690a67f43f,1,35.0
0x4eb53cc762352e9d9559ffc6ba8d5e8f46e63234,4,235.0
0xbbec8cf05223902abfa2696318a4ad5384539dff,3,1670.0
0xaad6d0a96aa07ac27fdf72111af14db77a1699a1,1,34.0
0xe949e0c11e598ec7298b6d0364a4b39af59db3a3,18,19851.45
0xed2f58708943ce39131bc3a6970e2ca9c3d3932f,19,26955.0
0x53106da64b46a0793f046789c6de44ebd1ce6ed9,2,230.0
0x45e6d74c005455beb7cd9bd2215666b1e033864e,2,244.0
0xd07031555aebd8a3693c3763bed68f412fe0c1ea,1,80.0
0x6ff48aa25d80917307900a3ca06392a24cd88aa2,2,109.05360174710438
0x51b012ae1b3d0f9e468b69e97221ac3d932e48ad,7,515.0
0x7ae403b3a75d2036f342a26b33c9d2de03c88f22,1,2876.308981618038
0x1597e6f7b66a6c31312def98e09593ea77f7c015,1,270.0
0xba9ecd48dba624ec9d1a6ce2ba33fcac0cca7b93,27,30960.0
0xb062e24cdbc8a21f5d65cf618c64677ed5b0a9f4,7,60000.0
0x7fba0c971389b3a31524d8e913adc64c84238e9c,131,4043754.3405569238
0x42d8a0ec36a566a5b65d268927b181886490a031,9,2950.0
0xca4b12f81fd4cb5ca8616d078025f6cbcaccddfd,1,1000.0206068584524
0x7ec404af8345c91ac46e83cccae158439011bafa,2,55.0
0x757c9fcb6d5803d39ebc2bdb82847a89f490cd04,1,8000.0
0x09084c32aabfb5305936db4e2fd4095715210387,4,55.00012900347449
0xbe8cc069c67b20738481eb452095fcca38aa36d1,2,355.0
0xfbd8fca4e9db05b77c6afdcb63844ceda2198d94,5,2050.0
0x74bf784a0b63cd2443f33d7f705b84b9797b0955,16,7345.273929594823
0x7a4e328975483f50f583ec761db9b400c6f59149,8,3370.0
0xbe46d43f29e18345d3313daf2d597ea59ddf7267,4,1550.0
0x03c8e2126718f3a9145036d38a9b6d961f9b1150,3,105.01
0x60d3ba7b737523bec560846c0fe7e9a4c9092e78,59,2190290.79139058
0x95ecd5a0158f03c891b0b69b2a043130f36894cb,3,5500.0
0xe471c73ba6d8beaa4b464e625bc619ebeaa73550,2,28.0
0xa0359991333f0488c5c791be82ae7387ef3cfea9,1,20.0
0xf754b9c76a40ab6c3385e87c53a8e4739de95076,1,24.0
0x5211fe5e79cf3ec6c67f9f0d0aa54a33f27e9a9a,14,30960.0
0x67158a30ca8a0a341938bfb24542cfaa5b0dbadc,1,2200.0
0x9455c990c0c17c81d38f6fbe92fb1f2f4fd1c87a,7,12425.0
0x77a28ca8dd7fbe193066020df8ef3bedc897c37a,2,80.0
0x6f906d6f41e7bfc03cbfcb92aa7d61c04c50175d,7,18773.0
0x19627da53447cf8f68ece35c7ea3308977a8d05f,1,20.0
0xe3316d2b50a6bbd469ea436c63646c32b8b63e61,4,8537.544564297179
0xcba1117f967b3b5a3b0ff9a5ea352e92b914536d,7,1268.0
0x70ef7f3efd384ca84a2c486eb152028f1e72616b,1,145.00022269061964
0xfdb11d7be56fda0554d97958441a225482f9cb44,1,20.0
0xf07c7bb471e26586a7622ab97ee8a87bf3a9f8fb,6,98.0
0xabad4f7f0ffd4a6dabe41aadf1e77fae567d1c63,2,60.0
0x778a6f3615c8435e25711d73d6a31c11984c6719,1,20.0
0x90406d978342a5861cd34fd08c68832a84ebb664,1,180000.0
0x88af6f36c8f2615ea7ab66bd6a35afdd4891bc8b,5,9500.0
0xa2c21bf3192739b75ab0768fe29a94c45f0e5e31,2,1300.0
0x919245b3cdc64fc7d3949eee4f9d8d061c0ff53a,1,21.0
0x9e4a925f26acc9256fa0e97c19b2a85411c9ac7f,6,8320.0
0xac3ab762ac4cfb075f7f58e05dbe58ae99e0f6df,4,330.0
0x8f00630c93a73108dcdc5ca1e02a424d21f37074,3,24.0
0xa30d9c552197e973c238db6cc191f9864fbd7632,5,3750.0
0x2347ec0af4b91de42e2b0b23d1c2fef4e1902037,1,1317.4770989378617
0x2ad665609740a930316423017a94cf8c240fa152,8,13519.979
0xa77495e5d70de9468272bd35464960e5be089aa4,11,4178.0
0x9632e76f08d1748d34fe8b5d9252ee337b4b2254,1,30.0
0xb28f21a9fdb06d910848e856f7fc384d0e9f901a,1,80.00734609190033
0xae47f09e36cba84bbf8579706347db64e2e38d67,5,67199.31349418759
0x79b4a2ed5fc7569bfcce1ac51c3fb24913201d51,5,59547.713153385936
0x1fd719025b168ce3a245c8d1ee65b9cf1ede26a2,10,15976.88252471964
0x1f4edc3f6567566cea296116d1556f08d8f16417,19,2527143.0
0x10c184e32d7d950b653943cd514782626fd1324a,20,43184.42
0xb038fc0987cc20d0fd2b70db61e2d59de56085bc,3,3270.0
0x21d9da907e18237c9092e4655b6dc42b6017ac3f,2,8000.0
0x61f4a89011cadf37bdc04dbc54789b4c923ee8e6,3,1520.0
0x66b28c12ac3eead8b6c2297b3bdacf6a3111bcb1,29,93050.0
0xf6bb4c462c34e47649c24282ea6ce799925cf32c,6,2660.0
0x801264f97dd47c4f082429465d5ccce13c928e3f,25,1890243.0
0x4dc5bf328261a7ba47659e8a68b409a69f9b47e1,2,2000.0
0x3c51bd7dc6d59309a51e6cc55db53aab04bfa7b5,3,43.04
0xe52c7253705c82a9653ed1749008a3aca4c69fbb,2,49.0
0x8fb8f9a5634bba0ae14f61900d544d05831f2883,15,26374.96871907
0x1991593b1cb7d08e45b649d07743f4129833ec12,3,40.002354483372955
0xd1f4f8856a848ab085d89a76abc70c411c1edc92,3,2723.470488410048
0xe1074e404b8b662577a7debaae0128c0d9b0fb04,3,600.0
0xf261aaf775857aa77d6cdc918cd39bec0c46739c,2,214.0
0xb0fa3f567fd048043ffa0e9dbb74381503fa53bb,2,17400.0
0xcd3a4336f6eb699c53802f88acd832b104108c6e,26,328350.0
0xf7d0890b686419407072e3a83f4b72f1e8e1c8d6,19,67803.06570061372
0xfdd753fdbcb058bbe5ab2a21ca935a8450276d61,1,276.7144498801763
0xadf9273f93eacdbd911b2c0725e75326b34fafa4,12,35414.07005121195
0xc439963d5de6aa1b32b6a6ecec7a238320587743,6,130.0
0x5af69f4055b59c796db24acb29ad5441cbaafbff,5,1535.0
0x469e5db0732482d385ab5d61e1e89a3c8e86edf5,1,40.0
0x8fef8dbfb9b9a312878558e4c3e00cc3169af48d,28,64235.0
0xbfdee0cf98e28d3d6e81d59f9c749734f6d147a8,5,2000.0
0xc19f7ed54b473bd2a9f270e8b207d06be1fb596e,10,4550.0
0xf987a4eea2a0adaa6dccee2c8bbb7c09a1b7b97b,3,335.0
0x67d344a93ee43383b7386c02bf68ec2a915e8ab7,23,16112.98499795
0x7f654d7ce58b37df3acf2d3367c53ca3c0bca3f5,1,50.0
0x99dd886a73931e119cb915eeef0264f92cb2b857,22,47582.0
0x8d2f8d00f6afaee51aa8dffba148179d4d69e95e,3,625.0
0x1822b2226130789b45af266d1b28ad19440fa403,3,247.86530565004088
0x1ae6bc2a92f1f884b89c81e26baed04cc420a06d,13,5745.13517886
0x4c52ff4639956400efe452d4efb0cbd1cfe98b84,1,550.0
0x41ba0ba94dd346350cd7b97ca4cbc34d8902fef8,20,7314.0
0xf3f8e9bc084d07bb30fb41295ba2db21a5b9dbfd,36,2558000.0
0xdaa5a9d0ed209bf96a71bc6c7b2a1dbfe31a1339,3,4548.0
0xfa168c64d6f9f57f741ac84315a108e068a6fc08,81,5396884.505291153
0x90100840ce7c5a6a995386cf0ec0d22cef411095,123,2243821.0446546944
0x07ca9b4bb43dc6f56b19a0da05e365f896215f11,1,850.0
0x18a5fa9711caf83a62e1ca28424b0c86d3b36124,4,3744.961093257617
0x7d93411c0c0ce41aebed81088632ccc5b41032eb,1,1000.0
0x4913112cfbddf4f9daa84152ac8978072d0cf82a,5,55415.0
0xb24bd5b9d2dd1393d39ceb8819c3826b0e877298,2,600.0
0x349f6b20bc1796dd0ef0110e25c195368967dfe5,1,60.0
0xfef6b37ee2a179fb4e889fa635236d6fe0d541bd,11,8782.898988609999
0x0a095d64da9cb49bdf20d14c8455d39573bac3ab,1,151.976619461179
0xb94fb0f6ad0508d77a919884c90fa5f8ab41dbd6,2,140.0
0x506745ab034b4803876cacf2ae72bf1518385917,1,336592.1313892956
0xb9a73c95f2e8b5600e58ce44258e7ddd4e9047da,7,17925.0
0x54c40076a332d3aa1f42f48d8fabf581d9174f5c,57,7581734.77009888
0x73de112d1162c8c5194a6dc49e94019aaf2b2087,40,64149.149636006296
0x4a1dc652aac0ca165ce675cc8e8906ca88566ae0,49,4173750.474674885
0x7f580b4d6f84e01e7e16b1dfe3e12ca5c8c7eddf,8,1300.0
0x829df7afb692278bc9a9ab1c630f11d952c580e1,10,690.0
0x964e3a67bfdbfa7726db58798116ff2570e7de4c,1,80.0
0x4df45a832803e83ace6649d77165b70698dd33d6,14,50800.0
0xc2ee4e1c74fcdd6e8d802206daec77392b474a83,3,300000.0
0x1b0835a0d2e79684679f67bc013e2517a8d87b4b,4,100000.0
0xc0fbdeb8ad30144bf3370abd33f3de121f37c6dd,1,50.0
0x34da44c69ed64f9f6670d1492b8cf8311a19713c,7,17600.0
0x6c355803ca6243e1c074bf1c6dd9e063a8bf5308,5,1185.0
0x2527434be8594ecad43de1d86ff2d58345ff4dbc,1,20.0
0x0ddaa49e7f6d083860d89b2e8830c86cbf8a25f8,8,4961.0
0x7e4077281cc5de366159630ed5e01ae29266549f,1,2200.0
0xaecf4e56abe65e00936c88f2bb6e713f882e87c9,1,500.0
0xc0d77fb12e1707c8f63dad5d9c12c7ff26ddb733,3,78.0
0x0f18fb8c19b21f780c29845974c05eac6f4b074a,1,5.0
0xbcae023ee0066e7b2a8fada92ae94cf567b575f3,1,20.0
0xbc0103ec08c7849cd49933f846cb8980d0196caa,1,1650.0
0x254f31f8a9b9337437ffe4d1f2e8c441f2787cef,6,930.0041753603057
0x5362488bfd2ba74a22289bd3b22721f7d3be3efe,6,10350.0
0x7091b70265be2ca671002d49d5b7e1232f57798b,3,21380.991867204324
0x882cd8b63b4b6cb5ca2bda899f6a8c968d66643e,35,942256.0
0x6612868af330c1304c9c2df4e877442d63c7e596,19,87590.0
0x67b0d4b948660b3594fe86de18c585b917fcd3db,7,31260.303191062245
0x06ee22664cd2947e7a805b91788aa2e24edd4992,10,1506263.2182757014
0x4804872c467686bd4fa5f72eb62de2a405396517,24,745372.066839138
0x5a8b8468269ccc21ca1f87aa50723e6be78860ae,1,22.07007877334023
0x5e9f30519902866ab9dcb182b7551741e80d9b72,5,18500.0
0xe16e508e7928d363932316b7b229d72d8092ded6,1,111.25333662212766
0x078e94ec7316bc3c407b38ef2b21e681f403728a,3,85.0
0xdcdbcaf523181a5a0fcf2c071ff45347bea03b7f,1,200.0
0xfb006e79cac6f2e4aa100bb292ed02114a916dff,10,789.35
0xec88425734f3296addf2e37e085ef0ee4ea16659,1,10700.0
0x0898c3b6d7cd22f5f2039a53440d7bdbfc09bdfc,21,39671.0
0x725998b7a72c6a88cf901c608b6d3b1acc045884,46,2575890.0
0x5edf93a1bad44ad88f4618a49837b10a708f32f5,1,500.0
0x205456d81e776d79ec407d696662185057112747,2,50.0
0x5cfc74c9b539f0f9211cee9ea1b69d8832a0ccd8,1,372.9131103045848
0x71a7b94feffb7686234fa9a64b4c4f94ef1b721d,6,217000.0
0xdb2b9686e622dc236cf7de7a11f1ee2598105dfc,42,565295.0165058431
0x0812a9e515bbd4d3dcd87859692cf2579c9a69b0,1,20.0
0xc6753bb3b8b6eb1a7a766665b49353c92e0395d1,14,592298.6692267427
0xf3926afd1ca8758df92708b2115133d1a5b9603e,1,2300.0
0xa307e9fa5a9d407a4f7806bcfbc8f48eee8f836e,1,50.0030967976673
0x30e9f3bb4271c20bc6dc85c1f454b24bed6114cf,13,2088.0
0x5ff0d141a7c7127eaec26f3c8b36ccb4558e4f62,2,160.00006510809771
0x271f9ba537dfbc101e948699c3db2beb0f92a14f,1,200.0
0x19ab4dcf56b07081d3f77e9d5e5fdb387123c663,1,20.0
0xc162257d1a0e2df75bcfd2475ec697d805abc265,5,1980.0
0x95a77d71f4b34fd37d15b3ffdf11a979e0fec5ad,142,27072366.361414086
0x911516f89388bd6efafda24d3a2a4b0b0e99a6a1,35,368053.0
0x31adc098d4a08d4f4b09d71d71099e14783f9bf1,1,60.0
0x9911a23a134afb2ee397a506a26ed32e1fc53281,1,252.08988393281032
0xab77b9f3f8e12b2d2d35f7da003462ea955a67bf,10,331.0
0x6ad2c74e72536bca475d1ac99a65290cfc9cac93,2,30.0
0x7411cd7e68ba303630bfece61ede0dfe57f7bd6d,1,50.0
0x6008b45ce46ca8d2c5730566748c0b8dc2a9f9b5,7,2250.0
0xb1eafd8ac675a643f96fe5ebcbcd492cc2f6a1ef,4,108000.0
0x555162ced9958e2b19e1b42b811ad96f20a7dda9,14,5645.0
0x8893b62d55b0a1e159bf47cf9d0e1d48d538c7ba,1,20.0
0x3eaa9c385b1f378c83a9a61fa630dcfc676a29c3,1,50.0
0xb2cd1329deb6c0b6384fe18cce6a0692b2beeef9,1,20.0
0xd1d1e9fec2af2ea29a7c033d50d3937c56f909b6,1,1680.0
0xa08f16ae5ab1e5235fd2280dc333766b8d6012ef,4,1747.0
0x3ad7ddaafb307f5b5aaf3ea0b2badefd5ecd45f8,49,1025934.2106697329
0xfeb5b8fc5dbc7bda88898fe56a4e502f2eda71a5,16,53536.687344756036
0x9faa1cf50f03e26cbdafa2bd9e7ab722f63ae02c,1,980.0
0xe9f222b9b2291774dc7f0b44866bab95b2268314,1,7000.0
0x9a49997466d2171dd6c36eeddb0ec143a80810a8,8,302.0
0xf3ec47523d74a4ee6911c64c96633cbb66d94408,1,811.3864706845249
0xece8ad147f404df2f716846a2001d08f1d545d89,5,30600.0
0x3c2f76ae76319bc808fd3aa2ec32efcbe41a0f41,1,20.0
0xca3027e97d16edc3797b93ed0c39affc12300978,1,20.0
0x41df35d727bde260488cfaa389a68465c389f1b3,6,36500.0
0x7e7a74be0ba55a58d6833e6664cafda02fa356ac,1,20.0
0x61b8623fb211bee6199b3fa36fa3480d2a81a0a2,1,20.0
0xc8529de595c3a41a71f76a1284eb88a9a8aff4b1,2,251.0
0x5cba4015dcede78c2fcb6b0928cddccea0ac20de,403,13755454.980971722
0x6b34a9461a142953136c482331bab80695946d04,2,65.0
0x956e6b8f622d440513e7930df0e2d7e85629f9e0,1,20.0
0xf0fc76dc9efb6002502e6ecb45508f72d96a494e,13,20819.86093275706
0x32e9f81960621f279b449683717f7fdcbdf248e5,3,32100.0
0xf6dcceda247627868d9575d95f0ce75d4211da2b,2,49.97499030053812
0x2432144bb4a9a657a1266515d3c1fd0ecdc7c85e,15,7678.93
0xb2ee40685a282ca3b766dd6e7183957b6ccfed5c,1,20.0
0xe4a6c7f67e25496d3903825544e73be8865caf95,2,3130.0
0x05cba5a2a8e1ff34f62fb3119b9e2b1f72e23552,1,20.0
0xa1b679d33709ee24888091388ebc9bb3a7d68f39,1,18000.0
0x28976859bce4c4199c768c571543e3b181890899,1,20.0
0xf48bfe0afac9ad7b8dd311ed0eb23b7d1fd6962c,94,2023306.0
0x462d029969c87130bea2b9ffeb5dc83efe13f2ae,2,280139.0
0x0ebe1f71c6134e5d61294bbbc1c5976c644202c1,2,772.3759032911819
0xd02d935efa098413d9d637fc6d563c775d631d2b,11,103861.0
0x8fe442808273f4f487276668c99a75a9706af21c,22,3894.0
0x5af3c5d9b61a06ef0c7807e970083db4276f11b1,20,9930.0
0xd1587eb4846d278d846596b1a1fcb5e8af55c4e2,3,1900.0
0xbc5448b2fb08bc2add4723e7fcc604b0b11e804a,50,1811162.59659468
0xe7cabee70d577e7b67eb3dd97797ea02fb5c46f5,1,20.0
0x1d44fcb36bb56403cbfb311ea262e954a5a62925,15,86300.0
0x97519280ef794af61c1ba59d1f8b0a8d807ff641,4,179000.0
0x4a79334611840716b84ea3c5174dbe8b880ae697,20,11815.0
0xa2c5243ec1dffb1e7ea8cf35cc497aff06516218,22,46774.5
0x295623dbf69bdb082b11995cdb3ef94810413d46,9,29022.92996330653
0x59f3d5bf137fc8878b69f24b12c30c10c894937a,2,19000.0
0x0f2f57cb138bb83b4c8a72427a6e60142d5eb410,3,6529.0
0xd9e29c37e7869f9d1d62a7e759e57e6f9eb38eef,1,20.0
0x7403e13551f1d5a9ea1ede3b7abdef66eccd18a8,1,25.0
0xdce3b904c808502c80f34012ea5b5694da8bb709,1,506506.5870122615
0x1591e2c86819eaab850c1da633552ce118d30d15,13,25060.0
0x5bd41cdbe29026361818fb7fdf92767f50408231,1,20.0
0xf696e0ffbf2fa192a193ab5592b4ad57a794adec,12,8520.0
0xbc24c110e91242832a345ce0c07325db7f44f59d,17,494081.54610563
0x0b1d85f417377d38843c7bd43040c7579ef3c911,1,20.0
0x158876eddaf8143ebfadfef579be52a955abddea,17,2785.353757761051
0xec9b6ae7bda498af30359f56ec98ed103fc79448,6,3975.0
0x5c812e5d160db98c60bc2b213d35b32b6f865360,8,9500.0
0xa30420440dd31e1736fdf71a74ff4ea660bdcc6e,1,60000.0
0xb50ec2c50a84ef3ed9f3ceb520821e9bc1974313,1,5.0
0x0b79517140a46c81c24e5720f1af44e2a797d7b7,2,5500.0
0x587575e41247ae579fa469bac5add5d90b36fecf,1,67.374
0x559b71e9fac8b149d24f9189a29edf1abb565008,1,20.0
0xabe5ab3a493f46fe07702e7e30a6c5550f41fc96,2,202.0
0x61e779281a4c20cb2e5da6511f2f7f7579cf8c55,1,3200.0
0xdf8a77b5611268b47f1e7b797f4ef19f65de9343,2,1400.0
0x6512a0a17940eda074b850ac62f17f80bd1dd7f0,1,270.0
0x2b525aeaf503af52a4d61790650ac1706dd01ac0,1,25.08930097736077
0xe2ab2aed1374ba3dc325d8dc3f271047a7a2659b,119,966825.569803892
0xcf7b315e890e1861c32a1dae2c49cce281a48ba3,20,16358.496910370006
0x615fe702d707d2d27f51e6636208bc58637a6ddf,16,32020.0
0x02eb237c51e065f3e6fb3ce962eccede2acb8a27,1,275817.7698812037
0xf6920769613663785c9aa08cef8e5f3ae65b23d4,1,40.0
0xaceb41fc8dfe2836bf23c87c44aa9d75469bc97c,1,5000.0
0xf68832f8a3118d0c9e073879140f876c2212f829,32,2815.0
0xc3e88f3a2337eb73cbe5d27366a9e1ffbc338158,46,122327.0
0x3443b614bc62bfbb9784f0e18cca1562b348176b,1,20.0
0x20a084a934312202593eb0d7b257cbe3661760d2,12,448000.0
0xbd2070b157e3abb27d3b9cdee972dcc770f19efc,1,100.0
0x3159ed2afb7e9db306f24a569c580ea869e8a516,1,854.0
0x998196490bb8f81d8540d91fe4968f711f74ee8e,2,175.0
0xe0f72f2209d9df27ff5c929db672a2c49302ff29,8,454.8203850593456
0x897066ec5fca6a9e1ce20384cb930415d7851526,4,10600.68
0xa58059ab5dda4b5bf166a4bb9d6df18c9c9b7766,1,301.06592382278626
0xf3b4a4923b096dce089d6c9208439570c204d8cc,1,2030.8052372744453
0x2a919c3d884369c2bdbdec5f3bed3c9f703be33c,7,7025.0
0xb2cdfa366bc621c5830e2551d9a8cdb020b031c0,7,5530.984560738322
0x7af89cf2b2624ac42d7e2a378c059610c5df89cd,11,511269.4473611395
0xcb2039b779c4c84f44551b50e3b11fdd5d86ff94,3,700.0
0xd787c836971e6ff2f5666657fab68d50e0cdecbf,1,1800.0
0x9b6e8fc65c96bc32d23f4cd418e07ca469d880bf,13,39987.22582705221
0x5337d99c14ed12b72363937fe1a6e46976d498b7,2,100.0
0xa001b82fb514ed3b156974568a90552fe0454b72,4,14020.0
0x6ee0d751f3a508c429e19447789eed226508c8d7,37,793457.3909646126
0xaaf96556f01c2c865687255ca97f8c66c5fbbf57,1,20.0
0xf7c73304ce76060ae88f275032a830d200cdebf4,12,8516.955405010403
0x218e7cd5ad95d2245864463fe5ebfdbed5cc3b6d,4,10096.272982353683
0xaf283dcb1cabae6f746ff095a19f35701c9f5845,1,20.0
0xe6a614de478df4c68ae10fc8ce2478dc3e298205,57,12668.520668466974
0x566694f4a658eeedf0eca9017c7726b69cd671c2,6,4510.0
0x610c368414f3d0b391e1baa26e9ce7a97e0defc5,1,109.22
0xe2594217c13a50c7dc8c158e05cc6741d27742f4,1,21.0
0xa3cd15543f5019dc93c87545592e68c05b62c9b9,10,548899.0
0x8136650aa8ed1d21762daa8be83b61709b534fff,7,22737.339239872872
0xed9f23359c087424aadd3898a362543fe37c107d,1,20.0
0x2a5101a8f040cc71c2d2830cb11c392e5104c26d,1,95.0
0x5cd7953cc065d535663d18d74d5c507c5344afda,2,50.0
0x303ad463837b3d9431e8b317b248079ff2bf262f,1,140.0
0xa83b48b99a3bd4049c246bca69f5c8340fdd5208,2,700.0
0x831228581e68e42b30602abe5aeedd859cf8aec6,1,100.86458239178756
0x2cdaf321961a9c5f000c1972f20a6de0f1b7e243,2,190.0
0x9435a72160285468523048bb334ad8a359534c3b,1,2100.0
0x8999914a22f7c79f3833375282ab5c06b9b8af15,2,130.0
0x6bb5819c172bf545060460154f0a5fbc6f3fe6aa,98,7217395.0
0x009df7e6652c462f43cf46c40d456c45f5a4ca94,68,36320.75507587423
0x59eaf6377421a1dda8c6d43fbd23aaa9fdadf32b,7,145000.0
0xfc711f891ff235adf39cabc80b3d96b2623faadf,2,53.0
0x5aaff05aa1b8cf2c8ae9ac8724c83bd23c928d28,7,80438.0
0x9aa58acfad60fd5d385966bf8f811e03f4870cc8,10,113000.0
0x2412a255a14ced8edaf53c5a2331c0e103828c2b,1,21.0
0x0805ea34a7e6e2bcf43061cae4c5fa7a348ae998,1,800.0
0xb1bddc33a9d2a4d806a98a214a7352065f8d1ad5,25,20360.0
0xbae2de84e004a28bbecf7e01ef46cbacd179b598,15,16400.0
0x4cbe1ab407b8b72687b3d7721e4fee7d32e28f17,12,8000.0
0xa3b33789cda1be0b3b3d01ca1953a21a870900cf,14,6620.0
0xb483e11619ea4df9fac29928988d3d7263d95496,2,135.0
0xa068c2d1a2b041e1611c971783b3ce865bda4b65,7,337800.0
0x24830b74cf30746528500a6a918df06fc78d1164,1,477.99
0x7fe4f113ea467ff9a8993f6b1ef69d833a8a84eb,1,1500.0
0xf95b0e96393789e54fe9fee498d1de3be700c132,25,630000.0
0xbd55eded46cc5552216021d954c8981becaa265f,5,13544.00332440251
0x8e7cd3b7b914518644defc4acaf35b0371003e26,12,1009.0
0x1cb6fb99e663ee7180876ea6274398797d2bd22b,1,4127.301224251563
0xf49ac6cf1ea7d2c974d04eb8254024920e938ce9,5,434.0
0x189d414bf0b4f438493b1cf6cd6408b5299f3c86,9,1039.98
0xada69f9108ef322483fa3382c3b36f7541348e3c,3,36000.0
0xda337af7174f07594851af9a9cf0b2d9a15ab6c7,6,6565.0
0xf565b4d69c8c445545690b1db1bba9e044d3749f,1,2500.0
0x0de22553938221f9cfa261018411078b5b9f1986,5,19447.07757050197
0x357f2856642a07d0ae137cde93dca586e8f84f3a,1,60.0
0xdc8288a8a5ef77de6873367345aea06bccdf8368,1,52.0
0x9f94293973af6fd281dba3e89025bba1c325db40,139,224823.28675602944
0xdfb3b370c4df5f26b653ce98e001dcd9f896c1f5,1,50.0
0x6933bcc4cd75ebed0b50e9e22bcacd136c03b1e3,2,7222.0
0x883eef9245d9c26523ecdcf875fe077771f33c82,1,53.0
0x8f5a2e8cfce769c29b38d711c29b6b806f3e65d2,22,1493.26648176
0x16c9e9e3a8a523c1ed503c3d2dbf2f779fb05335,15,5381.703673460551
0x6fa735d4b2423a0a1d748322fb1fa9b5a89e3b37,1,53.0
0xd0f1366ab1691210a7e79028da071f3315b20905,3,450.0
0x0dbab32f3a38664196d9926a19b89b577540bf98,23,2409.0
0xac2d24ae67d8b01d3bf27acb8b19461627251d7f,1,100.0
0xc1c41af8c3763db26e49be4899763eba08682f50,10,372000.0
0x6c1e5d51914874ba704cf6376ab2ba24da298af0,21,74600.0
0x1ee0c7fc72f28f443f6786bf42a36a482d1689df,10,32388.995678941414
0x64a873d1d952ba8178d0bf89663c4f1df140ab72,11,9945.0
0xf474af008428a5e4bb6eb1579a7d772541be9117,1,25.0
0xfce836386ba14af69886c033b48cbc10200198ba,2,501.0
0xea871c6953e5655499fa0ed7ce8c45d6e17bd11c,1,35.0
0x3874be2f56a47def0a783373a14d958699c103d2,2,40.0
0x2a88487ef99a705a8bc626d1b613e3d6786f03d5,1,20.0
0xbc75e6455ecb524f3bfb788398610872b7761fe5,16,9885500.0
0x581043ac7eb7ce8dcaac90719e438888cce78291,5,10000.0
0x92cfd0114a7b387d634f2700d8482ad63c114764,1,25.0
0x15333e6aaf65714522c6ea790eefd14a4bc55955,1,13548.1178651274
0x720f09a714e62fe491adecfd80c2ead484798e86,1,70.0
0xd4ca3e5b5c081ae322679c02e6e5c5376e1504b8,7,862.0
0xbbc0205ae0f5a3f1e5ca853d61fe7bcaf809c9a6,16,25458.52116972
0x4bb07fe9a78205f8bea34ccf7d3d5beca82b7d46,4,350.0629803558301
0x46317c7d880e4933a925ab2541c19aef38f14276,1,40.0
0x99eaff6001f6e97f9d451b415beecbdb4c011d1b,4,1200.0
0x4536918f77b2de9090e68212d7a16b13de123cce,6,13828.333828947645
0xacc71be7dae64d7b4e3b1116604889c3bc89c72a,1,66.0
0xcbbf9a3ccbb9a882175add1be6b5c50c02523144,1,20.0
0xe7e09dd2275ed4a5e70a74555468fd82c019313d,2,170.0
0x11bb7f28cf598ad1a31c00f8da40edd1a1a60989,3,102.0
0x96abfd70c2857091fbb2921071dd0978b47b5426,1,20.0
0xf33e1545aeee21e27f2e463c2b9780f439d0a143,1,600.0
0x9d2315ae93c5dff5ed53805b7d5cac3a13a77940,25,148599.38314179837
0x05888afee08efc8553ad625df0885416e523426d,17,25937.942239250002
0xec71e93d5fa1325578763d44b016b885675e373a,1,144.0
0xee256e494170af55557a836c17a166190fecb428,1,520.0
0xd1e891e9efd2365f13c3d70928127a8bbdbbac5f,14,4201.9635
0x706363946c83e9516889d93f7b04ea21c5357433,3,8400.0
0x5fef52d2ce6dff14aebbd04ce420cdd883324479,21,11639.0
0xc0dcb4e519299db07a66da209a6d98197a889f41,4,27521.0
0xea16533a4aaaa77de38fd28cc5c775c48071c73f,2,900.0
0x6402733a21efa9ecd2a14d2f63d3bf6451ba8440,9,23795.0
0xb1ccaea4c8608d7d2fa2554bdcb2bc02a1cea811,1,20.0
0xf2572e18e3c8c4a7b91adea4cfc38da1883cbcf1,8,1150.17086881
0x444692c4e75e47a91dd1d56219333ed0aac15431,4,284.0
0x4d309fbbba344444162890b5a366e36bc5aeba6b,4,780.0
0x16d8953146c36c8c8e9e5d104fdca51695e513c8,2,61.96
0xa45062b5ccd4616b48827d273149cdf9eadd7fd5,3,5225.0
0x7b998008bb20e902c4c3151ef950c21c8a55504d,7,590.0
0x04f6510492b2ca12b42e783bd03f68c48e0e8763,3,356.0
0x6bbdab21c162ba2902ca70b74907fab71d38c850,2,70.0
0xbec1a878a6ac7c79d966212156bec196748b4ad2,4,152946.50967679554
0x1be5b80d8e970465289beab5efbe0545fd85268a,1,25.0
0x7542f233668c2d1efb72643d5f218d20d91d7f8e,2,400.0
0xe80991c6c53c52656216933a70e979d1183b69e0,8,5100.0
0x42824dce6033bc9b450f79053be9ace6f3a00a74,6,23530.0
0xf18fa22b7099de2e4134fa599892c02537385555,4,847.0
0x756d7f7cc2e60468338008989c2746a074a4c0ad,3,7250.0
0x0192ec61442e37f2719076a3f105ed81f74d6515,4,9926.0
0x921ff0a50efce5b187ac985c85dd6a24f1b7066a,3,20550.0
0xa99d3d9addeca90b2f66470a41ba63994442ed64,1,20.0
0xdcabf0d7ee75106beabe2b725c3413297341cf96,9,68738.79
0xb2fd31280e16c7b0d263e674c84f8fa24f1428fd,1,20.0
0xb72e1338924d818bc05cbf58a67aaf7e9cc0e58a,3,1605.0
0xf9a69c4163dfc543f4bf1387e9bcf534cf95c113,13,859956.11
0xd5dc47f3a81c4763de969f61e65ef50d111f00b9,2,50.0
0xff5ae060d1d657a693693f711bfc918c5b40972e,5,2589.4209785903377
0x897b95e62a0bf958ce0c78ac272e0b5a7f0a3f03,3,484.6484
0x0b101653177f263ae0760235605e92e97fc97c81,5,4430.0
0x4ba7e69ac21dcd3da4af261b8b1338c6832c4caa,3,135.0
0x19daae102da8e8d8ccf7c3fa52f9d3f8e979f807,8,9900.0
0xceda8c3fb386f37ff2ba3e83cede8fa4dabb0209,1,43.78072597410963
0x0495f2035f66517eda0203ac183e5e4c1866f5da,1,2700.0
0x633a065b2ffc1216afb98c2bad9fc1c0dd95cd0b,9,11250.0
0xbba32b97b0ea0f651e4d6e1e2a23fbb864b40f0a,7,29550.92927004216
0xb2a43b9e72727d557d15620750ffd7c183331a82,1,400.0
0x4a5f1303c2ea4cc9a45518651748680c705c8ee1,5,55546.34262868606
0xe281ab1f3b5ab3ed5d398187dcb3a67c10a1717f,1,7138.414025642912
0xaead9d90b0df51dba96e4ff5f49cccb93e1f61bf,1,40.0
0x118c969c0aab251b482246e928f6f28cab42ffc6,6,753.0
0xfd95a4b4e15733eae02e6313fdf6de99b9f90e3e,10,8000.0
0x8eab76d773f05c227d03101ae21cd987dcb09fda,6,81.0
0xb4bbb7f7bfae5bab5de04572d9d6551049a633d3,2,1200.0
0x2e875261ba54b1d3736de2c56d8e9bf8a6a09fe8,2,4700.0
0xe7e386cb5df6d10bb3b42dd95742b571e89fc19b,3,360.0
0x75b774a067b7f8d887a88f3858bb84bea1399fd0,4,7050.0
0x1c1f47011ce423e8d622dfe9a9b08d318aeaba40,14,17492.0
0x3686c2dfa38ae9bb959b228dca8ae1bd0d1e29a3,1,200.0
0x709101cfe14d138e55bfd552c2af4389de1859fb,3,1360.0
0x09855f8afb7d0f5383d67fa66fd471359d5390f0,3,490.0
0xbb7b528fc46f4656971527305da435dd45b1fab2,2,3850.0
0xd5b9a6f5719e800a78d02b27d27bd9d4453b1446,1,1000.0
0x028574a4d52f641202f447fdc942448028ac4ba9,2,820.6115625
0x7a92c67dc798b78ff97582db150111fb9fce4dfb,5,5027.7125
0xa1b66d620ffe2ec8e0c97d3bd096bed022e9b6cd,67,119805.48352921536
0x09a59895bce625725a46a1fb594d93b042e6c8d3,2,1068.7665096082792
0xb95f8237613c945b87cc4921ae7fd8a75d4a047a,1,20.0
0x780a1d2e56b3966a69769627570580f427d9c5cd,9,43520.0
0x02af11abbf34fe3edfb5f35a48f370b3a61775a0,5,26501.0
0x7b4a9633edd4b2ec7be8595c8ccefaafcd33a388,14,35676.60822697
0x97e09ef2950335829ee9789b869f19d173abfbed,1,51.91054126674569
0x3c8f5d7754c0efb239f1dbe9df4bc9f05824a127,1,140.0
0x8081117044048fea7ac2d2a8a1327c9d61a07951,34,43470.0
0x931900198f49e9fed5cf6ec88d556d8db1a77fd0,6,1250.0000165995868
0xba2101bfd573f2c338aeda88ab2d9555653ff096,8,15310.0
0x1890e6985675f9e6d48805fb6fb9346c58cd7e9e,2,21000.0
0x7e905d8ecc96325b6e56d24a796856494a4d04ce,2,330.0
0xdaf80ec7278d92c98bc8fea51cb48aed88f24a9f,3,8960.0
0x75fea2dd42ed9bcde83ba24b6c191221c2e1a2ba,26,135740.0
0xdd2046d198019eb51fe4ad5bfb5bf2121b24eaca,1,56.72698846161943
0xa281fb12540cae3d295bf3cee9104d4be2cf91c9,1,4500.66
0xc721b4adb7ae6b1547809db207bc380ddc898887,65,53302372.54
0xa093230bd7c097a7a92de21d0e344eca7776323d,2,3700.0
0x9691946389789c65f655bed69fbad40ba29115f8,1,30.0
0xddc90c3da2ec6935d7666e047b2e29a1201ff1c4,4,1900.0
0xc442c7315257e6237e546307db377033bfa2bf60,1,1.0
0xfb2e863cc9ff78ea13ef5ae667bd1bdd97772dc6,3,130.0
0x5bc2469d0b07d6193fc75e6d6078314f5ad45855,30,37650.0
0xa66a1ee10ad072b4fc4600d417f0273a5d414258,18,48550.0
0x28c6328766c6d0d453443e3d1fff52370b106f39,2,450.0
0xd40dead2e5985ecb1b6e482120e2a1855a4da768,66,2219.9900000000002
0x584ed713d8b9207257514e0b7b1d6380cd71d14d,2,2422.0
0xd53042fe19bd2633262c024758900f14820f596b,2,599.9415018336651
0xf75f59ed32cff72ebd020ed58faedb83984d95a2,2,820.0
0x767dd31c3bf7d204ca6da162ba619c703a0ab760,1,400.0
0x5949e0988a9b00016f0909b8043797d420b515d4,10,11147.0
0x84d290f764f2b86e7515215c387433817155c832,3,900.0
0x81c9a5d55a77ff8b7b811fdfd755d8b2f698eaab,12,2530.7683479718644
0x6e570e3cfb1bff1973c27237915b24402352708e,4,3100.0
0x20c9e130216818e65f1623cdd7245acfffb168bf,3,2840.0
0x5b9d428b00dbcc34488e65e0be60caf374a88a3d,16,112805.0
0x2165ab2f500a0c2c7c11fa82160268a17adf1ce0,1,42.0
0x9788703826f61e06b54e7367a1fa2bd13b080a4d,1,180.0
0x20ce47b762a25a7239c1d7dbf83fc5ab0b79cfc0,1,300.0
0x1ecf91886433636ae561fbe9130dde6b11d419b9,1,80.0
0x22ed461dfa2b888cc16718f868ccba3ee13cf9c5,1,55.343006868523695
0x379fd369dd48a67d2454fd307828e6a0144244c0,1,65.22760152360058
0xf08b39b7fd05c093b93d423601638d150a54774e,1,276.9885281527432
0x236f268099b45dd337ee65e8d6452285230980fd,1,60.0
0x0371ed501b673f4e72f28fffe3f5235a7b352540,2,1370.0
0x915246a0443506c56c1f5ff49ff46b488cb869b3,7,6229.0
0xd0258d0af4ec236478b91d8496c6f36023906b90,19,10004.0
0x0e11be963446f8345bb88b168ce205b4a82eb4df,11,30678.199272112724
0xf5d669c7640a9066adb2e9c1879aae354bd2fb11,3,2100.0
0x5cfbda918eb53ff62c7677b5d96dcabbcd64f0c5,1,633.0
0xd146c9d4c9d58eb8eb563368d20c840794c2ba9e,2,750.0
0x5b69a4eb4a241de55862bccd006e295215dfa40b,10,115365.5
0x72b85fa049fb07104956c517a3be86a17030ce79,18,41700.0
0x31debfe42d4964ecfafe3f7b89f213e1f25b7eba,9,4000.0
0xcd7b2ad5a40c72539b8ca7ab2bb59ca89d7e4f4f,1,400.06
0x1da930043221c840816a470110f131599341ff34,1,555.3049598987366
0xb71fff9a62b458777dd27c1a17697d3ed3a969ff,20,18648.33616539
0x5c487bb080887698cd9f310648ef66361984d340,1,200.0
0x0621b08b6c477975a36b74371bbc92b7dbb39d22,43,383921.0
0x49ff065c393cd17ff070b7bc31ad95d411466620,1,114.56
0x9c51924bd1c1a3ec4c8eced15a0ed36f046026c1,1,2200.0
0xd025c6f92ffe1c081539ea7637f7b3603c52556d,10,6174.0
0xeb0c5599e44b4bfcf4322c9b6eb84567f63c5c4f,28,16222.0
0x49158e94e2d0b9f01fae3c559da5f6544b4025a3,3,5299.646442332742
0x164689356bceac3209357221e10843a8ea9ea49f,1,1016.4306780211402
0xa26e894ba982d0256c1b5ddf623baaffb55f8839,1,20.547238188
0x73c6f8be6f3e1f2a33767b9bc5f4582315a83ec0,4,220568.0
0x6809d7493b2e7e9084252255e0c41b77400d6101,9,979.5904331873039
0x4e0b7eb85468a5b3ae450830424a5078a925feed,1,21.0
0x63fd442a007aa1c66a9eb42bc97844b9f419aa10,8,11823.0
0xbb7b51973f7507802728960bbc516995f0a0ea41,2,1200.0
0x0597b555c1805b3a24ab88b0b78349103e2d08e0,1,1000.0
0xd7a73aab3ea6e3232aa1485da1d6eef91e8f8021,1,2000.0
0x7d095b0b568607551e5c19ecb93dc0d2b38ef2e2,58,1424553.2424101187
0xa6387ffdc7731fdfb6cb8175bc846b3ae378ce19,8,3834.0
0x1c9cb47c779f08f45399ed25cf63dac820cb0e1e,1,485.2159150613596
0x1bd5c1196c9d91b5204e2ac853f67700b8cbfb0c,21,188626.18
0x618436663dd7171e5e2cef647ea629fb3f96c35e,5,2416.74676
0x324f2b8bb1d247fae0ad2aa6b790a6e8263b7fd6,7,23167.3415588127
0xb1d8f6009dfa49d41048484d7ccd7d2bbef8d436,1,37.0
0xbad42816132ec9889bc1359211b2cdfb2e0738b1,9,9759.0
0x9cb1d7fcea93e32b456144ea83f14cbf064038b4,3,900.0
0x004012c48eaa82f8fc292a59a54fecd7a1fd73d9,2,505.0
0xc007f6a57cf4f64dbe75298c6d997884a7cf0acc,10,27680.207609470002
0xafe05d668cc3c88f7a9cf43094098d9478c69d70,1,113.0
0xee40ae2b87d72770c90c4888f2e8c8990781ef90,6,26700.0
0x3f0c7104330535bfa4687cc2ab2a843cb5b7e791,2,220.0
0x5ecd1477966724b151e24896fb4ce1c083510025,1,8000.0
0xe47ad9557644116b806f7e940e006843c6c4ca33,2,495.0
0xe6a13c93d075b8bc3fbdc67ba70a955ba82f422d,2,4330.0
0xc8fff69c7c412ac54dfcc780c1364fb8685574dd,10,96300.0
0xa0c8f41847e790425fe794402087781e7243834b,1,442.8583882004701
0x76fd0899c6ecf0c4a0e28d3929c47150bda4b217,1,50.0
0x16c8f662aee3acefddf99592b67ef703dfb2e68e,2,4500.0
0x1a6af075b32bc83b5b009881f495c720d76b0c81,1,20.0
0x8e29acf23fe53bc7fd3163ad6e1c8a81cbbf079c,55,746947.0658676542
0xe397a8d2c3495f9997fd6718bd7b455250ad26ab,1,1250.0
0x46a63a8772931164cd7c33131a4b9949244d74f0,5,13828.055195291878
0x9d3c9faebacdba7071f837758633da45dca61b9d,2,315.0
0x5e018599f206a74884597fd0f36152624cde3d8d,20,83786.88199580001
0x9bab6df3e9a7e7b8eeb6c9be60df9b3d40a2992b,1,40.0
0xb1006a0d91bd4dc3be44d59a566b7489bd5a8d7d,10,163.58
0x48e5a4cf2a71760b22c15c7ecd0bb346dc554125,1,200.0
0xaecd7df1e0e584981940811c94c401676edc4827,1,438.0
0x207ba052293312966cfd23719f1d6bb146452de7,7,1453.82495303
0xd6a0371d196d07aebea357394d775449d1ab407b,14,117800.0
0xa47ca221d2f22057f751c2e2ef4e7f8bf643f04c,19,31568.07120487614
0xb607db98d5a839563fc1a9b6b8aee444d50b179f,1,100.0
0xdd5b367f6e70700c1bff254bbe23ba408c172d7b,9,6189.593552195599
0xc45648e6346670cf24a399cef98271aa9c482c05,7,2491.7223108786584
0xabac9cc6e16f4e16c3b6eac36954cee81f45c15c,5,157.352582587
0x8695b37d9bc17a40b8e0ece50310bb2ef8a0eb30,1,469.5250182908365
0x37d3edb2b8c46889dce355c63b4b4f43509545bd,1,30.0
0xb47ba6cd786862c54b34957ee7141059b0d429b2,13,3251.191091877105
0x0e991c4750dbb1c2f655ef4753a949d4a2b3c17f,2,40.0
0xecea6619a00af0d2b2620bd8a115083a0bbb9d32,2,1150.0
0x28b7cb10149f87bb0485dcf2426d0ab930c8863e,1,60.0
0x5685d0e478408193208183a869f7520fdad36df7,2,29.0
0xe30e4aa3acf1ec9260c4578b1b1f591501b07222,3,125000.0
0x375dd126a1038d1253993bf20a5c7e527423a64b,2,5429.96549925097
0x72bac1608381fc8ae38e0ab4222122e9b2d19458,1,20.0
0xd9847f6aff57e614f11cb75cd92a7dca030d6d52,1,50.0
0x03420cc9300923a73494dc444c5c2567868e853f,32,155758.61
0xc0378ec4e08dbabb3ff5cc216db4b56a800f8542,1,35.0
0x315be2b240340ca5ae5b0867aac286368a71b369,1,25472.584854969115
0xe47b2b412d9bff66afa352568fa6cd68517bb832,9,3404.0
0x6d7c2cdb2814a553abaf792657d9e92d9f352458,4,234.0
0x3ab489ee7861edb98ee1fde7b357fe85b27ae7b4,4,1145.0
0xfa1cc9424669b4041fa600c39909d84f78fd502d,1,22.0
0x9c1bb5d9f2ed47d4a00c3a0fcbb53fe0976491c7,1,30.0
0x40efebe6cb32e58fe47231e689a9817a7a7853c8,22,12502.487034010035
0x733355412e9c48f6e8b4701fd0c0f176db74a6ea,3,5500.0
0x40363a8f2f60279abfdde2e4b5a246c079a58303,2,48.0
0xc655d808d887b9c59d6f592ab915325adeab3f11,3,4439.16078735
0x0dad68a9490eb5299d4fd42bac9cc57864d2ba13,11,7570.0
0x8f6a90964245a7eaa965cd1c3be340c9deab3cf9,1,704.015409063856
0x0e64307822263ea638f87c1eb0bec37c7d9cee36,26,34192.511535163256
0xeeb87a00a5529599c2854ef721977040cbf479c9,2,7400.0
0xa8e7174c7ba1f0dc7e635b0daa433a069fad0d36,2,1330.0
0x4a29fd74c7f6581422c880d92e472733effdfe26,2,1130.0
0x904963911882758cf3d1ac72caefaa4d4813b151,2,250.0
0x0dd12cb631ae74bad443d59b2c76343baa361189,2,1200.0
0x58c5af0e9d697da4a44204814604c8d5706c34b1,1,21.0
0x912d7abccdd401988abd8ba03558bd55124056ca,12,4446.0
0x922fd745190c423375e916c0d8fb0129d61c4641,5,2855.0
0xfabc96ea2ca282a331a29fbf6a54f2307a315ab6,4,650.0
0x837761b74d44cd20f908898cfae06db00239e973,1,104.590356671006
0x071038464e60c8f09ccdb54f985c06605695120f,40,35205.9
0x05539b7a9c8c2a8fb1221cf11d040dc1cb600547,3,1064.0
0x9aed2fe9113b2dd83feef88ce921b9b9aa8c952e,1,1250.0
0xa7137eddcb56a8f7fac44c5d84422e83bb1e2e8c,1,20.0
0xb252276a8dfca385c54dfdf62b670a57bed8511d,1,20.0
0x1cc862bef9e5b399ccf94d40b533a78ab609a877,48,1024584.56193999
0xc8f34ec451bc0f219170cd58fa827d07e4e11753,1,6643.707945175197
0x4615acaffea3e12db26d592a3c07e82a77e6639b,1,20.0
0x609698944b71796a310a519909600c543399592d,7,12680.0
0xfffb8d0ae691024ff960fbf8c55be1a8e4957763,4,4100.0
0x9b6b231f9e2e5f6921483e448c4ea4bb03f0c984,7,49100.0
0x9ecb01a9e305068ff0f166ec4e9dfbee387a6aa5,1,2500.0
0x70d05388571d8931bf8e0886df975130b3ce5a57,6,2000.0
0x0a051cd913dfd1820dbf87a9bf62b04a129f88a5,3,39000.0
0xb91de14f1ff63daf6b008187db902672d9607a8b,3,45000.0
0x07d79505d128f931526340838695195d0037f911,4,7992.0
0x11a701dbd88959a3dce5e2b19ddbf00d8f684050,3,10550.0
0xeca0cc968a0dbb1e485343243eacbedc76d69f59,1,20.0
0x34209fcb214f796939e886839c7f3ffe9ec69e44,22,648150.0505169987
0x728fb2bd1c20ae137db6fd46bb0c798e3ff1fef5,1,20.0
0x31479778dd62921b8277cf3e23c51e958b265d88,1,3500.0
0xe6f5797dadc372785f549fbe017d2f18b6fe7aab,1,21.000059757285054
0x795a9f905003440fd2e8e96af2978a6b738e3b3b,2,2800.0
0xe9f145be5492aec90aaf44118a18d4e8369dbd2a,9,1490.0
0xcedd6073471fc9fa3000f6cecd52d04476f5c509,1,1.0
0xfab0a6420791adc5f99df3d5acd68066afae47a8,34,545789.1536300484
0xb16ef84872a44da89b1702ede54cb444bd662fc0,20,3425.0
0x7b203a3e0598ff63cb152153ed915261cc20a416,4,3040.0
0xba00d47f2a331fdfb65d4857b139f2802600f281,1,160.0
0xbf00315ee2ff24b0d6054fc09d444718dcc5157d,1,250.0
0xf434fc06e0640af476c2f0012a8992ba702a0dfa,19,23713.391812686
0xc736239862b5276894b44e1a6dae534eca4ee6e2,1,20.0
0x9dfbc4f02e0ae72488f539e604af1d3af23cfa58,3,1440.0
0x2b60ee53fdb3f91882de5efb0ff1601f15e41a54,2,57.0
0x02973b73339dc32ef6619bdb618700be5a8c0e50,2,30.0
0x3cc2cda33a8b2448df014dc355dd18413614290f,11,5857476.0
0x894ad4af6607671c3cd2800e023971273a06dc9e,1,83.13431886655555
0x99e288543938806ba2b93a327f417127d03f092c,9,4965.45951706
0xb97d748c4c7d033586778cf23202c5add3c3feab,70,435361.0
0x2d685e06bd1aee833893825a56d899e1b41fc3d5,16,59951.0
0xcb23ebbd95d9dc985c26a62f6245b699bcd3055b,11,4173.0
0xdb81501bf31ca00722a5e543f863ca6eff5c3c13,2,225.0
0x64ee2d7426ff40f962d4b33c51f9d0d277604334,10,43540.949351557356
0x82af9f50fd4c896b646fcf1a75cfb68ff1dbcf2f,10,350.62964146027
0x571154ed01db9cf21db90bb7dabda6e189148998,13,2270.5337693140664
0xaa78380dbcd8e951b11e3adcb72f888db1c30f51,9,900.7677183265355
0x7be1a60df550f1c0c150856e5466676f4315230c,1,265.0
0xda9ae9d0fa37cff98c126cf6bc41f9a359424456,28,43158.0
0xd83b82cd535ca482f06375e681592279d17aec1d,1,20.0
0xba01d4ac2cf726cd0bf79c1c46c62a29eee28a91,1,30000.0
0x60be64b65e2bfab87a7c6d8315ea681841c87aeb,50,12271.0
0x2ef90dd447277fb5f4995412400940fcbf9a6b6d,30,378124.11141279
0xd8febde53579f57add92709e83da0fa15d3c7393,1,370.0
0x6367eef01b940058d7510600da1ede1f022eb2d7,3,240000.0
0xe4af39013d2b7626a3f91c00c4770f70f8572e8f,4,5150.0
0xb92f058934e846942c5b5d7b7a998a3cafea4f54,69,211754.43567800513
0xb4e834107a5532454d6479ddbdcf8be2637f3cca,9,3031.0
0x1007aad8551e03c21e1997889b247698b09edd3c,51,3031046.11203252
0x1a9ff82c397dedf203d0dcde56e0a24071e09818,12,50000.713716738406
0x693dbe1f19d9e6f7fd646f9c9687fe5eb941dcd4,14,2832538.4031789135
0x0c916e6eb973b5faf7f2b806701ecdb4672da011,91,22114.0
0x3ef8a9f8a31d3ff27f0588977db0e0365a2d89a2,19,205903.75214748288
0xed5d736975eda88b49bac65e9ce07528e7f83d77,9,112694.29000000001
0xdaf4d77334082743014c69f685b439f3c4fa932a,3,8300.0
0xa963a1f67f9f0ea221db84b6e40116ad306d8804,3,1000.0
0xe0462dfecc086130b9a3c26f1ec4aac0b6d2c027,1,110.95245747707438
0x378749d3d3354387e196d909448a01d3a0b91e67,3,300.0
0x665d1a88ec7d79423ef13a8a70042be90e0fbced,1,204.95173505215672
0x91235bb10105836097cbccec4f853fa2802142b2,6,12700.0
0xfe976f3f05a1f9e1221944106b2dce62ad9e8d4e,2,130.0
0xa010dce65f3062bfc56cadd07314dfc78902be33,42,150700.0
0x9de66aea5069911032f0b419c456526c38eb10ea,2,1000.0
0x5178c18a0d7308144a4c31add56338a06cca67c8,2,380.0
0x760a66b5c5448f87047f0c2010cd3a93f7b59483,6,46500.0
0xb4d3a30c45b895c20086bd50f58d42bc21fddc70,1,54.530559
0xdad2b1d240a9d0c4e561722bd3b52ae1ba203df4,3,4500.0
0x58c384b1cd971f776763fd886df520d95047a4a9,21,1232.717103161487
0xef36da2a7a341542a34f2c9a32b7666b84cdd905,5,2240.0
0xb270002474919b870c93fbcde5794869036e5ff8,8,10400.0
0x5fe752c6ddd1e04e6585e8e50c05966db7b4497f,1,20.0
0x98ae5e204ed140965fc7b68aa83e21e687ecae03,5,6900.0
0x3997b477b032613de2eb4cedc0f1ca435b6a574b,12,1207.0
0xc603874158dcfcf7a6c99538dd3a9b0904e842b3,2,105.0
0xb77aaf0beda5bc26bca0e6368632de380931067a,1,300.0
0xa66393c2757262c4c2476d53e824ab9b8ecdc11f,1,39.0
0x6ca7e08552c3e86a77966b8d89338c1437f2bc16,118,2956747.6467477544
0xcd17f3c29eed0a09aac6976653b09da4c9b75943,1,120.0
0x78a99b3e9afcb5e1c2cf769ee62cf14678e38ee5,1,395.0
0x4af85136d1ff39526278b954836691a55ca00c7d,1,410.0
0x122ad4b86355efe27adf38e54c12523bd9677ed3,1,400.0
0x323a0ec8354de9e6ed83a8e82d66664b31a32afe,1,610.0
0x0802f7635b9cf650f77fe5121f118d2ae27fa9c1,18,54681.27381787
0x393d6eda937e2e8d63568cf2146be92f477403ce,48,91481.00780858936
0x4c87e3294ca946e659c9e181b46c6efcf1c2eb48,1,3000.0
0x8339e0a5f104d418db8f279d8b0add8e8c28e580,463,205179726.76781508
0x6de2d554638ea19903b30eddd711f46ceb17787e,77,1247263.1884067792
0x25fe14abaf907a5d7b0a070dcc744500ec0138ef,9,74112.0
0x80031b8dddb9de02df17a3c6bd7f56f532d042d5,7,6405.0
0x59b0ee1aed16d913057ea208fd9529a3331564b2,10,1169.0
0x9866d44c4c2ea934598714cbab87f8cb693b6fb3,18,456525.94236796733
0x73824b81c2f151234c00331a7743829f39fbeaaf,1,40.00049983922698
0x5ab6c8ecfbc9691612818916dadccd9ba1c5b2f8,1,483.22
0x66ab5dc012c70d2ecf5c8a7175e2c22d89b96529,4,2360.0
0x4435c15fca1092e8c6dd3f93b70ff72901b4286d,2,42.0
0x4592d6aeab2a5cafb40d89ea25887a1ca97a0f2b,3,3000.0
0x320d65c936f6348c57707e53072a2708e1cd7061,1,35.0
0x8d193cdbd3b9bce6b292591b46d9b98296848c39,53,3469.0
0x6e0d0c94ce16e70438228443b62e0a057625aa34,2,1521.0
0xe3f5d8f9ca03adac6579f8fa81d3f49e7de384f8,37,127203.94314737749
0x76bdcca15fadc2648300d4d54894cf4924c4ddea,10,50290.101519017575
0xb861d96d3d7619a517ebfb8d1e31f734658207e7,4,482.15
0x5156f1205f66d4212f6ff18a38aa0d0e5a0de9f7,6,5646.731163415819
0xc291339b1c15dc1e49d6465b0844565c0d536b97,6,7125.0
0x2d1de50e6297ce81b1fdb099d0e9de47de33425f,15,461.0
0x6928bb8144210cd5ebff0b24f9177201d6ce94ad,4,13737.980237338305
0xe784ac5ab90dda1e1cd408ffcb866d4268126918,1,100.0
0x93c569dcab1b4988eb537b945d5453de82044716,2,20027.616336306062
0xf3ad21bef16bcf92d985a0c9dfe47247d8293cb8,5,4592.979068883478
0xd846c38a429397507b2fc2e5440561cf4edb1c1b,2,140.0
0x5c3878bee731c6f2bbd97cd488d820dfcb50f6c7,4,1891.59
0x6ad165ed5b96ada5c3e281cc477ab49561985f86,5,538.1470277710971
0x766373088d3a1f45d08da3d37324b146027f8804,2,200.0
0xf9e50a8818ae82bb72961ad4e51f6309d97df983,1,40.0
0x75b251cc366323371be0b9aa60b5e3cb5715880a,2,109.0
0x4c0f1a10b6db5ccc2058646965b81b235d67ada7,4,7892.0
0xa2d34e91f0017d22c78ae105f53e0fe412b62533,40,20464651.65
0x2c19437cf71ce8f04090c3f2f719410b2a03600b,6,5637.0
0x8fb72de493d521874707f620bfb3a1c08d2cad8e,3,26.0
0x5b3dd33ce5178a69d7052e2a11ce1634a2ca8541,30,60813.08906897284
0xa9fdff4f538feb5d6626be0c5e946178c1f705c7,9,70000.0
0x8f63f3d83d6acbbc8c97f52001cb0ad6716ddab2,1,80.0
0x54ccaac2f61dd4eec7e2e987909d4480f3f4daf1,3,119.97258482349692
0x42da0c2724abbee759bdd81ef1a7c20683712ce1,27,6516.64301624
0xa03bd1fd9d4c7ba235e1b90ec279ad7f706f1401,3,320.0
0x848510de749a4cff20f15aa9c633cbbe4e799e70,17,24810.0
0x4e6f2ead31e03f16793654043c257b8137cb0fe7,4,165.0
0x699ef8ea0b40fd77e16a4870b10e4b4a281f4f13,1,230.0
0xebc0c72caef6a36d4a9c47dfcfd02b8f9f4f68d3,5,313.48
0xbe475b2b27e735a5a58def71968b606bd5e2123c,2,150.0
0xf7285fafcbefd8ec64356482be485556a88652fa,1,210.0
0xec58cf5ffbc9967cb638f33880697e4114fb906c,10,56789.92842927
0x646b86d56935472901b10b53345b5aea8adab3d0,4,182009.76795373965
0xd5b7776a560a93e619370452868293a988db2516,40,83433.24856941
0xa2bb6af9142907ccbc724aa4150921d061f6ecda,1,100.0
0x4e52f2cc231504ce85edb60ac3d5301064f78d57,1,1153.253587061271
0xa74b0475965d3ac9569b2b3f6a137e44fb50e5a7,2,51.0
0xc73d31aec062e3d9a353da8dd5ce3027982ead75,2,58.0
0xc847a3bd841a01d32ae5914002c8376fb1670369,3,120.0
0x1de3c576e802bc0e1c0e3ccadd5cfb1ed17018c5,2,24.0
0xdf06955c6ad86357eadbeedd3461fccb1b4da6e7,15,4332.0
0xf9c1c899dde5ae98a2a39e7408626a994982fc82,1,20.0
0xee7c28e4e8c16b530d1eb4fc63f99f42faeab40b,1,20.0
0x5bc6c8564a3a869528fde43685a0964823dd4d48,2,100.0
0x268164478fa38a642a2872b464b06c964638d741,1,50.0
0xf7d7aa850f4a8aaac88079cc038bcf3024b5c0ec,4,1249.8748
0x72a7560d24ebc0708b055a7f2f8a4f28ae05e31b,3,70.0
0x6894f92dcb1c81021bb8c4eff7148dc16ffe22c4,3,492.0
0xa00bf4e2963de4245b51ef94ad976113939467d8,5,10863.23821913428
0x761b58647ad012477970db9f5db29b2b5b8c68d6,2,30.55
0x69f138fbb0baf802ad6eae9403ea279cadd72587,3,250.0
0x73c06c3a4b0e9dfc85d97985eefe7ad6f45fd5a2,15,159000.0
0x8f494c596ba97bee40d52213254717bba109896c,1,500.0
0x94446d985a288d90709c78f8def9cd68575d6849,1,500.0
0x5611d4261ec0e63c7e82fede297a026e3a4f28e7,11,27355.16576322
0x834def8c9976e66389d0a424c92704cf4afab4d7,9,17098.2
0x70a45c2faff693c2c1abea3da0b718f34af0128b,1,30.0
0xbc35bc0348507f75481f456719d471bb5bd89239,3,801.0
0x4664054fe5c5f85549ec82b7f0e5b2f8452c1317,3,29000.0
0x1f7ca38b7ee261667bc6c35856292d4aebc76ade,1,20.0
0x8feb6fda1959d841b876c04dc0ad37870d7443c7,1,90.0
0x2140704a12e7a54112ed64c342d3518eefbd0535,1,21.0
0xca6909e2a8a639252831b61b46378bae07bc8908,85,1688482.976824363
0xc6038e48f62e434225f5a208aa8cf1aefff3ab83,3,810.0
0x7dea0423e8a705d4d698410dbd64641079cf4822,1,40000.0
0x41849a45a989bf0e9cb9cbc7036869f41e5a7d2c,17,20842.060910329303
0x0e9cead5e8e17f3517907b7698e736169eb5c6b1,6,3620.0
0x46230cc2f054a8ac0dc78fc5b86c63df211a1e9f,17,104789.0
0x7c3b34cec1a21e9c539538101d117b6aa1e46fe1,5,73600.0
0x35ce0040d808bada5881be8216ceb8f32bffacaa,6,140000.0
0x8114752b3c2b8e64469ede7797c3637806acdbbc,5,8903.4
0x00c588f8757a6e175223f3826785a6e1b796777d,4,390.0
0x281adca15e0eed3a76d9b6fd544dd85161be2756,4,170.0
0x0674f06c856374470c3955dd5d1c3036019636aa,3,10170.0
0xe926a2e4b80f3c19b687e6050e8ea874ba888647,4,140.0
0xf49bbfb63dfdc3212067ea2c6b8be20e8b88702c,31,715962.08718712
0xd0a531b167faf96e0070a97d3724bfabcc89baff,3,2700.0
0xb4f6e7b48eb8da03899ff33296ea54df49771975,27,105547.67308174
0x285e2c55148546280f500be704f6595946a66110,1,63.5
0xe38ba46395d40a84ecefcb2e86ce886949cbb24d,1,5000.0
0x6125bf12cffa5cc5304020f6c35c719f6323d7b8,1,76.26
0x2f25a1e3381b19dee38a173cba9cd3d3583ac7d6,3,8105.0
0x9e60b5fb1ebc120bf50b99349be7a9562b6e1b5f,4,28000.0
0x27534b95a59fac0c4b4b60a852dd75b97231ca49,1,50.01843905488934
0x7f1c93b155f170668ef5b4e26223670fef80f208,1,28.0
0x2f6f2ec72c60e4490e5bda29d282e2bd87a04279,5,4500.0
0xf6f22a9ec5bd3bb444c8dd0ba8b074e7b98fb67f,2,451.0800651
0xe22a672454c520808073c74b8977a0940038c269,1,60.0
0x6c5e544c938b97a8ccee1233c24baac920e930de,3,6395.790649475677
0x7c089737ab23acfbc16416a52a5bde04cc7c9b04,3,200.0
0xaabef5c50ab93c281fe09b9fd13127567d2ed544,1,10000.0
0x51bde26fb7d4da8afdf92b9dc862349688509d28,1,850.0
0x54d01b8c2f13c2d7f4870885fdcc779f85ddcc7a,1,20.0
0x8912a200da434e73b2f57855154c6a46939a9ea2,4,243.73
0x60015774a5d2de28685843879a749cf02b1c47df,1,50.0
0x7218e736e17b0410e8515f8072ae87442727420b,169,29072.8
0x6d4a25df77f2ff58ab271b58688810f5c2177845,1,12417.0
0xa5cb82f89345d78f3703fa2e01ecb0dd88e4b2b8,1,20.0
0x1e554a602f75891fa4aef93396eeca25bc9de32e,31,25668.0
0xcb33d6358c507c96bd415afefb5fa6b27220ed70,2,60.0
0x08ab7ce3683ede0dc658108585ca70770faaf65d,1,500.0
0xe7a8731e9c79d14c9a6c2083319f082924798d5c,5,2525.0
0x8ecf9e92b05b843a64ca48041a4517791940012f,1,11.0
0x6c7c1a7c8fa644e799559e5f08bfafcde6388e54,2,75.0
0xf898854b31189d99984b98f98031ef5ab9e8a693,4,951.1424389170928
0x3c33aff3d926fdf0071277438ea3a310eb90c028,5,16500.0
0x3f99addc352b79b839c4593a1ca6690a5bee9c58,1,3660.0
0xfeeb6b1c04573dab43d8e7bb24cc823d6632d6fa,6,1987.1358850703118
0x3e4db4e2dca4aa675c5bf753146287b1df9bda12,2,1192.9749165623944
0x93a90e2adec6a8072e47b4ba645b05104b750495,1,25.0
0x7edf214e3c4d3bee4021f9ade1a5b692765b8587,20,9249.35363709
0xd9c887466f3e6d22f3a388e812b4ecfb1c9c8271,36,1052350.0
0xe403460a75ad043b02e9ac16f279cab216ba5257,5,240.0
0xaa44959d2d963f3c81b72a808490b226b36eb9a5,1,6000.0
0x32a4c854b4afd98f7003080e151073939c4281ad,3,60.0
0x5e681c9940f309d592b7717cf784a38ce170cbe7,11,21986.0
0x2c093926416f3fd91ed5dbd2c7ea29153ed5a560,5,2250.0
0xab1a27309a733fd1deee3b91103f514a7e78cd74,1,25.0
0xa0652b9bde009a8c20e933be23f059885ae2ee96,24,4057.45711902
0xfe5eb4fe06a669dc632122856fe65ea43348fb1f,93,470289.27397428494
0x11dfb6e3761236ef234c6d3dd0519bd1d9b34331,2,96.0
0x2f6daea64516062db207cdd25fae04f3ef9c20ea,1,90.0
0xf4cd5ed97e61ab1e3305528ad69b0e2870319376,2,250.0
0xf8b8e2160a86852847037a7b2d2d0ff0d8c9954b,1,100.0
0xf689d7b8291b55c1933aaecf173fe906dfd81b10,1,1378.8856442492165
0x70584383eeb77b17f7d237198dc11ef4e534a996,3,47.0
0xcd530dc59dc22c4a2405f4a4a58889886e21ccc5,5,256.6
0x525650b1b6eb7241287ae39d3ddf813dff83ad4a,1,20.0
0x0248c0e59254d230e75ec3bfde3479bfc64ef3f7,2,45.0
0xd8a866d1b7db45aca8668a267c0092282275e59b,5,6180.0
0x9f6adb54e7303644852675713328fb61c8e4b17b,5,3430.0
0xb431f56e021784264baf8aa8b2a46a21a4c0ffad,27,3601.14
0xebbe4430dc20d08ef20763a8e4d35f3ebaf6ae6b,4,870.0
0xb6385b63c58a796c06bcfaf7a33f8561434a6381,3,192.0
0xafeec22a60ce894001dc8b70e70314721187f117,1,1800.0
0x759bf73e09148bc22c9c6933f7797879f86255f6,2,62.0
0xc612489f6164e64e01238c36d203240d545e4798,2,3060.0
0x580fef6a0faed913f9108b9f13dfbd5948c3b3e6,1,350.0
0xcdf27f29cc116d10d3372556e27db00218bbd48b,1,60.0
0x5323a7efbc8e228bf746665d9c2c19caaa15ca93,2,500.0
0xd55f37b072d7a6ea3464360d15d06ef19527b4e7,1,20.0
0xf180a1f8d20c2bcfcaa7564cfc7a45aa9819ca3d,13,19726.615261329996
0x76a71872689c4f03e75282a9960c68a7264f6734,2,525.0
0x3d3c79f29c629b3e0e36a0fa533214bbfa92f3e7,2,510.0
0xba9bd5876db62937215ce07fc489fc52a514f24c,2,322.0
0x72e96af7d54c47477fe03ed41dcea2d164bbb456,2,3124.048050805791
0xa477f8466d627893d4119f59828815349b1587be,4,4022.5909664605997
0x47e3dffdfd607c0c3d577ae00951ec6c65dc068b,7,16160.0
0x099bfbb346c91f94fb103cd2ded9bb14f1e86a69,38,401075.93200900353
0x2290d11426c2ad3e8fb22aa785432ed9d3dd4d55,7,6412.0
0xe406bc25fff8de5da76fec1c246970a760711cfa,2,277000.0
0x53874446272a238344018e2749a16279e20c2c4f,2,2300.0
0x2792467828acf72087cb6f1d9c129f23514cf2c7,2,32917.22
0xa822d6a995f60703e408fce8a775b1d2405e4f0d,1,20.0
0x6c33ca53cd73bd3e3bc8e3222c268f1b3e5f749c,1,1000.0
0x68337700d2e68a3dc0b2768aa11b2ca8eb17feb2,3,5450.0
0xb1606d83a4b5530886b1963f5edd4a3548f91668,3,400.0
0x389990b82a96af6981b8bc15afd08ba422c0fd1b,1,3046.479978273695
0xe6da275a718ec71cb4ff070686d607ba0b2cc4b3,1,70.0
0x9448c19241e448f782964a626afdb76b1bd2d6f9,13,437400.0
0x7e2f51aad87601dfb3a415280d05cb5700b6e918,4,175.0
0xe7755d9abc4c133abfee8dbec0cf0ee0439ed518,1,350.0
0x56b10663bcd2cbb9cf042750ff6514530fbba269,3,2030.0
0x0b72a3085684b1537377bfac35a3f5bf41995756,1,20.0
0x1f9e299c89ef8a42d4f7a5aeb27d9261b5d153f8,1,200.0
0x8937d20dd02effb93d5ca4c7e1921e4db9204c92,3,1100.0
0xa673779345f306b2e5b10ca325af0a49148fe027,7,55750.0
0x3b5152cc92da79a3cab76879da3df0d904008e41,3,180.0
0x7aff1f70ca18e6db61169f2a54dc971ec113294b,2,582.37868693
0x0069322137e1b3e4a5af29a395a86d7973a2980b,1,60.0
0x56f19ce155a66870ffcf9dfc6a6cbe88a6fd87af,1,800.0
0x0c15b81b3ec44e4208e6e7477e1da5a3965c7822,1,20.0
0x57251653a9b5021d8ddc2b4f37e951ed95fb460d,1,400.0
0xfc9bcf7ab1947dd21c3a86e5d7208ad98cdd631a,2,355765.16253782506
0x3e534b892f05143d82dfb8bb268743f21e005aaa,5,135.0
0xe379cfced54b9649c359f23c269958113e3ac3e0,1,392702.8693172747
0x964fb4aabb2cd8cd9fb01b07ad66acec456ec949,5,736.5193736426071
0x736e5b33a741e93bcfa2d4887aff0db5e3de8df8,5,5800.0
0xf28a8ae3b452fc7ddb56df6c28e024f2cb9c1ddd,1,153633.9751609011
0xa879ecf3443915e1fa1457e20d6746b710fa6238,1,5975.0
0x9d9dc7a79acaa4031e7ff4eb9c12f7c4d7bcc70f,1,2620.0
0x9fd1fa66ace0c4d7197779355cbaa86558a9a7d1,1,1149.0
0x4226747952889f7542dc8f181d1dd7bb21a21403,1,320.0
0xd4f8917440e03b4319e70627830bc85d44f42acb,3,212.03714858734702
0x2cc8a240ba80540a6889de6560777497d9390d85,1,150.0
0x5963580f2a5210cc0e414ebfe323dd791eff2e35,7,795.0
0x4a935d1244f2dea871356bfd889a3d23c71c10c1,1,25.07
0xd76e9bfa968c69dc1a21503f093933252f2d9e07,8,345.0
0x22405ede9a57f117d14b81ad51e464a39ebb0f20,5,825.0
0x157e4a98f8c495ade3cf00447be02bb674ea53df,27,1566340.19
0x56ce70f60b14568fe6af50e74a45fb3506042067,13,122338.52659522499
0xfa8d3a57987b6e9f7d4dbfa0fe428bc0b3ad5eaf,7,1350.0
0x97409e092ce3d27bf802be1f77655b110647609e,1,100.0
0xb6e07ff649192bd1469c32164660232335141399,1,20.0
0xd03c490723988c0c529d14fea31f1c5461106468,2,43.0
0x3e5965f54fd29f1648616f4addafc5304f39394d,1,20.0
0xff83e766ac9baea6071011521701094906dee358,1,20.0
0xc80c1257418da357337ac8f8db212344eb568fff,3,780.0
0xaf5ab4e205da88523d74ed897efd42148e717421,15,35600.0
0xffa79638b534802c24fbc85cc3fae2c635e34bb6,19,3468.889636413909
0x00d115041202d2b0b73828ace6077c6d96023fe3,4,2770.0
0x41fe74d8962a5f1e77124c8942556015d4364253,1,6000.0
0x2d72c1cce012f9dd6ab96b9e1a4087c55c93a281,2,80.0
0x2a86e41451164607cd094c84a39e1eddcbadd3de,1,70.0
0x55514128ca61995a41bc08393780973980c4d9e7,1,221.39743808717853
0xc20928d32df5ed96a00df662c3bdcf5016207eaa,1,20.0
0xfc6e34cd767bbb5fa1893d38fb5a3ede0c590825,26,77395.67912819001
0xa1e85f94f71aab0c7054574b1f57dea805fd85e6,3,360.0
0x2d206c95d8443d8f57f6a42879d6b9b46aa88fb3,2,600.0
0xac85ca51ff8c09b1576c5c0e55aa4f532552088f,1,20.0
0x969c1982da69f69f977438e47f0751d2de46422f,5,1160.0
0x1353bc08997c68007e6a45807c204712eae76b14,2,40.0
0xa669f68a0dea5f9b49ceb289619e18ef26144ad1,4,1690.0
0x651af395418cea3f57e1e6a3947638c0b5207230,3,400.0
0xf8df066c70bcb1ee44befe3189dd058157376a11,1,20.0
0x804d48cf7146896a7f753960573831341e7e367f,7,25471.284135590002
0xef08e52a4a3615033074e8783ef82a3a0aee1a9b,1,25.0
0x9e56ea60e740f3e94af52c7bc1831d6d2d7c4a32,1,20.0
0x125b0b35af52024e312160ea6fdca237a7ec7766,2,240.0
0x4850e189a15c1ed295de0edca0c6d94bfda2fcd5,1,25.263327411285715
0x311260724e9e777327e3cf11c8723419d8dbc8c4,2,3560.0
0x2b2669a35b29f57ea8a83eede6770688dbfb86d2,1,30.0
0x0603a4f3ac90d035bf0b2a2646b61bbeced1ad24,18,196900.32
0x65d4f973c2c3d8e983633ae4943367b6976bec27,1,150.0
0x6d52d0643db94ae5ea2c35e0b12ff719cc9a3a98,11,308.7
0x03487be16e609a493c031d7e5ae1717e87ad5c20,16,6645.0
0xcc8069ca3f9e438665b6fa13887493a5c624516c,7,977.3340000000001
0xb0b77bd16f0694a895c78253ece0a59264ed6574,7,6900.0
0x23749048f45d19d3953bd1f1523132284f985174,2,466.5744818939529
0x30ab24c93651c5acb7b09b16441d966c3c710328,1,90.0000469096023
0x15a1ebb372d7e22d931d493b5af8c170f48454db,2,87.0
0xa9d18428117511f8af3048ff4bcd64c5453b4c44,2,13000.0
0x1f9d8ca5420eb13e3d6fb85dc30500715821306b,1,75.0
0xcec765706c0f6dd777dc25001066d1ccab2d2684,2,440.0
0x9f08e22599dc4be85af01b6c7fe4899d9d204198,1,20.12
0xc5bcda9b31166b493eaa4ecb14d05a850fb643a9,1,20.0
0xacf3b8a2c253445186a6eb70be7bd79aaa9bccec,1,118411.7271532536
0xca03e66ac130087306823d643cf58852a5ca71ac,5,2751.0
0x9210d3b33e6a307f350e84f922848a44b8301916,1,25.0
0x5921f28307d37dff72d1c1547af87b08ca1fa577,22,28580.0
0x266aae8fbd07bbed59cc945403e756f3f1f9b137,1,20.0
0x56b7ef4a607d67b636f00830e95ef80273bd69b6,26,346939.41514256946
0xe283caeeb16a315d070379caee2342b021a4d6d4,3,175.72
0xd6c3e3f431b61999ccdf120fed9b516eb59b2198,4,4290.0
0x1ee43743df677fbd112f6244088933719ad93c69,1,60.0
0xf6f7e63e3441d9a8e0a9a31b53fa0ba4269e62ec,8,3024.374013752881
0x141f72ec3195663a8a924d261b7b6d1f46326228,1,25.142
0xe0458180ba228c33e22ae248cd70136def4598cc,1,5000.0
0xf560248cebd2fe120eda0e1b1f164ef9912ec5c6,6,5090.0
0xdce9773722d675c9aacdf3aa369078a696e69898,3,1390.0
0xea899a9e1b54e9c051704c918f90fc900df40c51,14,798.0267073502205
0x92fc08b58da125109dd63d73377c51a716afa5ab,1,1200.0
0x64b2244fd80b83c1926288296739b6edcd31979c,1,200.0
0xb61172f7dfbb7f333d656e4bfe83f566d0293222,3,35888.33093034878
0x9eaf9e6fb66a8f3b0fdc41b85b3ba45c405e2106,12,108386.28592272999
0x750e2127223c685e3d8194c3473c26f0008b9374,3,2000.0
0x44f4b3b5a4d32fede6aaca8121cf4bfdf13afbbe,6,13778.352290197863
0xb05b96cfc90e25aeabc9cf8b6650ae6b762ce4f1,10,10004.0
0x6135f25b14ab4f3a2fda36fca7ef8023e50fe420,10,4418.0
0x5ed72f041db102e483c88252259d189a938b3139,6,1400.0
0xc89504c4f747e29d46874c8aa137970fa3a989c1,4,390.0
0x2577069b9e9b1cdc9d4177d9f468ddd119562437,13,1063000.0
0x08d99c9b8773fc2d9153a825722035dd659e9c04,1,500.0
0x1d95900a8efd2201e093b76b205ce920a5438a8d,6,6600.0
0x8569514b8bedf3dd89366e0c2b858b16fecaa8bc,1,20.0
0x06453ea8ef11932e7ace5f206d79de5658074585,2,1350.0
0x4d3ece7fcefe84c0089f340506d19796bf9fae5d,1,500.0
0xf26ea58d23fbc82cb4df29ebd7f8bfb2bed7c6eb,3,4500.0
0xf77439ab260958fb80f339fb8f8fa6ddb3954419,10,1381.22
0xb439aadec9a99767b9525da895324ea695246164,11,115451.64465731733
0x4fb1d1b246d3a18a07d0c7803dd04331726491c9,9,67512.57346403
0x49c8699b0ec13f5a21e4d546bc1057999f9ebe49,11,82323.96890263443
0xf8480fd61974d5cfa746ebf8317671b77e8c50ed,21,33825.0
0xb3298e3bf5f53e87f77900efe2b048b9d676f907,1,80.0
0x7e23c93675e2f34531835e8714bd750ef58f3ed0,1,80.0
0xc5d14dea62a9f5d57e8f489b6e6f66b326964303,3,150.0
0x7ed8a6fb7d9577f03eaf608e26af7bc11aa05386,1,50.0
0xf6a16da7e0f25001c9295b67f5bfa7269814b495,4,50020.0
0xbbfd672b17cc842cac512f27806ee3f994b28c92,1,3000.0
0x035b8571483428e5f6b53d368623fe3618e7b70d,2,10000.0
0xdf5e13fa7d4f4f82c92759d2b63beb25d1bb1e57,2,105.0
0x8c37d7eac9b1a3d4cb33dd04c80fbc2b0651e214,6,19624.0
0x0d3b916a51a3814f635fd1c047b72411db86fadd,1,80.0
0x3f7ff8833271dd1c2f54602ba1c1d00986f4508c,1,5000.0
0xa6be1e7adb718e956f342081e554c405cd3c6eb6,7,22150.95
0xe4c1f7398d8359b73dbf37e3443aded984339acc,4,2888.0
0x52e7fbb14b0569ce029a36fb192d484c0c1dd477,40,3542288.307189232
0xb450c1fe49b807c0465f6acf09e0673d5f42b946,3,2100.0
0x7d8021422e1346708bb2d81a1bdd833db35b6115,53,507152.34883709997
0xda38d831910a0a9df8a5c7cb2e0870893605a1ba,6,897.50770207
0x8f03c12471fdd2b4b1984666242a8f9c22a87b2f,5,395.34421029
0x7ef069b7940c363a3058e18373d54565e681f678,4,1120000.0
0x2d78f27ee37610d9b91cbbba39596ed23ff6150c,3,334.0
0x9a6f8caead8e1eeb9dd5f6a55294d350be1e9927,7,102000.0
0xf79db831eed244428087eb7c094abc82e799ab5a,1,24.252571224
0x4638722cd79bc0d5daa57e5b0e001ba58800e96f,2,13663.850764480787
0xe22b4af3a392ca13fc48132f2bac234c239faed8,2,21000.0
0x0dfd998324baa2cba63b8fb89182e36ae2059b55,1,4506.485971524329
0x3fac5a6962ed7f4b9f385c132c50aac6c7047fd3,15,17472.0
0x6c74cea7c7a041bd81e697f52818815ab20ae96e,1,4500.0
0xd5e4b9ce70aa343d810a24a2835a78fcaa04db4c,35,3112.9826018004037
0x31f97429476cc4a9e9cf2a08cb595d69937b002a,7,5452.53959262
0xf6ce0ad42b8f1c92a8a08327ec2f71d9031c6230,3,46193.917220074836
0x675df6cc113d2c2d342abf8bbd4d1749b0c4dff5,1,25.0
0x044dbb275938e70f7fe56914f8b8274dbcd66114,1,8250.0
0x84283252696833d65c4483bd8cac685af1303c2a,1,230500.0
0xd163b6523ae345eddc6e0d7531a4ba5d75eae950,10,28186.224972448555
0xc97388bb98fbeb2435496f5e4ac65d81f4a550aa,1,30.0
0x13ee560e6851eff8cbb2f8c45e440c02a903668f,155,4191620.4468648126
0xcc2e4c7cd2830160285795ba0d76505397dbd81b,54,229443.62700686918
0xa0dbd4ce9d29dca70f29ae766dfd522ac209b8ac,9,38872.73972571
0xd2db7373cadd6603f551528d0ea26fca9795560b,36,2930000.0
0x94d602aed77e04ab819097a70338c9c4b47bb0bf,1,2232.082867132616
0xe93888bf738311ed5fb0ecd8569004e0cffb7e91,14,3210.0
0x1cd50ac791d0132e1dfb2b2f9f0029776c5c3e5b,1,854.9791645119651
0xf7a2fb8e31efd8bf8771c953912a8321d14867ae,5,1750.0
0x4c145ef153a256fb9adb1b7c474989b9df0aa426,1,721.4802361748697
0xed1a9af4759bc5e13a0bc0b4fa87cfbd6937d325,1,332.95416328236746
0x972e28c2e25d22f7d78c6c12a0b2d0be04237ce2,47,333124.1420156577
0xe36c4d971455c56ff867a92d320635cb72d3b5e0,1,153.49097667370606
0xa088f1a7135881de618da0c829ed276061b88fc4,3,590.2
0x361ff5cee2f39e86399f37a752c28a364dfe4d18,1,160.64102
0x185f13ca00ef3f6816663968454e03f6487b539b,10,116200.0
0x723d49a66603e555a680d7f2bb1a3a2a1c7e409b,1,400.0
0xcca12d0b75b26f0e0e46bcfc99fb3e5581167ddc,23,7850.0
0x608da4aac6643f59bad5e3892ac89bd467b0d5a7,4,17000.0
0x46546f34f276b06cc6bc567f912fa46435131566,10,8671.651890902831
0x220c057e33717efd7506d4575d2d0e247d384e66,2,33000.0
0xe2bfc6f9cf2ac032478516122630d92d44ea2eb6,16,2128.49677248
0x362c0c16a67fb037bf02c11ee92b1e937ad288e5,29,7627.607386911327
0x932f1a2589686b89d22dd32cf2794fc791c17a22,1,276.5714854368773
0xe50f9ffc763d469d21265ed3acd05d94cd37929d,1,9500.0
0x7a1511f4a0e1de6e3d0f44d034788087ab3e960d,1,40.0
0x3172db84bce6982c0de6eaee7e806f2e94d8c0af,4,2000.0
0xf25b00e40c1d51a399393663de3ee05b9e4d4ce3,7,1900.0
0xc7d9a5563d0a763692c5f9b746ee501089949f10,25,6742.494067088347
0xf7f2fdc95bbba60fbbdc4a52c8c671dde77c030b,5,3820.0
0x52241689fe357ea87bc88b673d117a63cf79b04e,18,191000.0
0xe4e2a56544d28aafa91be19f8acfb8722272ab93,1,20.0
0x2975351eaf96407f31ea889447434a4816f7a2d4,5,81000.0
0xd69da00a06a56c3108bd6e59130907c89425f643,3,800.0
0xce3a9e35e7219872ac2bb06aad51ffe88d0d448e,10,14531.0
0x954ec02c57c20b79fd1cb4647bccc5f5ab6599fd,3,8000.0
0x8ceaf2c3922e9e19b50938aa7d5616b408903698,2,26.0
0x1ba988883a714420e9366b4a2ab829f3eb77a39b,1,50.0
0x68aa9c4b71db1fd9e4c4ce4c9146076ba6877ab5,2,70.7
0x28bbcfc86a0d64737afa15a334b59af1f47f730c,3,22.0
0x9852e0258a82fcbf71a7b2f7825f0bfebd40ccdd,4,824.7250369574062
0x89a790b7849c58fd1f45c992c74de93bf5578d7a,34,4104.063107436478
0x3ca6774c270148a876cae4198a6ddb9101fa2bf5,2,2900.0
0x838fcf491d20d164e8bb855f7c859b4055d5d7e5,6,3339.89244273
0x46567244076f76c768d6abf0c5f36aa508edc32e,3,70.0
0x1e4dce19dd143d3585fb370662dd49d1c08de6dd,18,3765.0
0x9e285cad121706f87d70f829d6187f6937695d02,5,20600.0
0xa62b3ba819675a2e78f6281ed08cfcf21f5c12c4,75,159473.82957028705
0x9ee9ea1da264cbf9f79f2322118ff81983c5167e,25,403595.0
0x82bdc58c21b1bfafe95a350bf63d3c16e03e9d9d,32,57588.640249482945
0xe1dcbca055e82ea591974d4eaa002a171867958f,1,20.0
0xd91efbe90aa03b767bfe6bb46b03082907049f97,16,42251.0
0x0634aab20b8b8a28ee8d96900cbbcfe2ad9e4fe4,14,12721.416455288945
0x010542a91cf6bd3b08a4b83d346b900b169dc992,1,115.0978870433703
0x4fdd3611f2a1718c626e41eee381f43975af8ac8,3,345.0
0x6ac8327ec6db1705cf7eeea4ef5d16c6952fe51e,6,225346.72
0x1dc7f960637d57df52be7f51127a8fc980588ee5,33,22968.0
0x8bc89f7d4f973ac93d2eb365b85da453d513cdd9,58,2908742.017067015
0x25c36d5810e0c873da308857de6c934c0b08c9fe,3,10225.0
0xf9c610568c2585c925849dfbf96343b14bd25d1f,3,3000.0
0x78766b5602e0cf636a5331dd9de782ae83c6e137,1,25.54122572689804
0x3789b6a055005868fe18fab3cf4b622242d2bf2e,12,33500.0
0x118155f8b82d41dcb83a0302f973ee4a7befd289,5,3400.0
0xed764321c9b608fd9612c24c925374bee3d34eae,5,230850.357368
0xe136faf0d3ea1c7c109b0527947bfe480777d5a8,1,20.0
0xe6076ede24e7097a74c9135f871082fda535ba9a,2,121.0
0xe92e605280904e28cccf104f45c033c5406c73c1,2,1700.0
0x56e9928a2100739f411b41ef99b0afcd46a8b001,21,51313.29425201
0x05e6e65c021b764c0721be2b2df17fae8b4ece82,1,270.0
0x4f01fe4cdad20c9907706aa975b7fa7d930dbd4d,2,96.0
0xa1f3b3a8b87f99fd45df14033efa11227e420241,1,150.0
0x20ae5c931d183b6d0595a9611f9c18f01d86228c,4,199.99
0x653f642bab12d4648a0e0f824c995b1e8d29b119,17,3508.3188499808007
0x7dc5134e776c5eb40a7e81974dede2988888316e,1,20.0
0x137c54bc90dbe2222980112edd14152c15fa35f2,3,3210.0
0x8574eff9bd3eaf0d2d0306c14bb23e66c1a459d8,1,20.979196
0x2527004f9d37d97fa6591b948de45088c470ae79,1,635.0
0x8787552b14abc249de4c491a42865fab0a6ee50f,7,770000.0
0xfa06f2dcef1a982b182e9a4b89d5c682aed98873,1,838.6847509645464
0xd18d764bea21e4d0737c10b523effc673882a335,1,45.0
0x377d2917aa116cdf12a1863c0bab27a1a08ad69d,1,83066.27242259988
0x6f8b44cb1bd26baf43e1c5c2d655eb0ddfa7d50d,5,5147.644298
0x992d59c04e103d4a666628fa27d65d6662a2ffe6,3,1300.0
0x9a9ab6305af194f1ee1736524b88819331cde298,2,120.0
0xd0c00998d584f9b9519ababcc5135c26083d4057,2,6530.0
0x245838b31e3076fc901eae880dc398c59bea4ce4,2,800.0
0xb859b0b8f90581af2a787f67fae7126b3329cfc8,3,140.0
0x8934762db941669ea94ae58d5389dfd2eb464eba,2,73.22541918547908
0xed4898387b89eae2e70d515a41381f06a84d5402,1,210.0
0xfec874afc4ac45c2129e2c679db260096630f434,1,401.0
0x24617c89ed25d511837f698604a0f6b3eb1f336f,32,248726.2714955632
0x41c3caf19de2b82bb8a29286954dee804ff29d1b,1,4000.0
0xdd28650c920300cbd2bada7d00d3b862fba8d7fc,5,401.1335396668493
0x2540ba132df0e47a9835a6c062d3d1e86e3b6a31,2,632.6033044451046
0x4886014eac791a6cab30368bccc60607c99e501a,14,161161.02357849068
0x4c9e22f3e6b6dca6932c1843adfb242e93b107ab,1,20.0
0x6d1d1319a2283025dcccdfe4ebf13df3672b94db,1,25.0
0x6d0883f529ac7bb82c3e1ec623e9b3b10e8775d0,3,1180.88
0x048b1028bf3579f73cc4e1808755e268aa1f939d,1,25.26323151975636
0xa7b88194ab7ac6f6c5f873e0d347ea9f99ec78d8,2,900.0
0xa6c27fe3991894819350a945770c91e64e047908,1,700.0
0x7f36989ea54860dba5aa0a1e9d58adc33f34c6e2,44,1581.2947319885343
0x33f563122bc15aa45f60a3471c329b2513f30035,8,48020.0
0xa468ba7605de1c308d3416d5fe6fa9b82812fa87,1,20.3788
0x8c55cce83932d66a35e266c2e49642ab8c5281b0,7,2285.6814992
0xbdbf2681c510ac4b548914284f5f7edc83e7487c,4,3500.0
0xd250834ba9a034314c25ca0797d355a4a265f190,2,220.0
0x93872c7c08daa0c030101c8e2cf02120b269877d,3,401837.34885890863
0x9149dd5ad556c01b25a37edff1e530eb22f7f7b5,1,100.0
0xeb8daa9eddac0bf02f11e34397a2c97dc2d725cc,43,5513883.642527785
0x79b35083313a6dc848234b24c2bc13913d69fb49,5,2155.0
0x8eecba5d4db271998d3dbc32fd53eafc3c4e3e9e,1,1500.0
0x84f7ff823bd8b4603bfe584f91aab3f9572713b2,5,500.0
0x19abf73ff6de45baa9eff025d60500307efd80f2,10,196776.17207044407
0x3efa37a426fa72f136bfd755c6a737f5aa35f03f,2,300.0
0xb44990da599c65c97ab97e78936dd6d563d571e2,1,5000.0
0x49bf5c593c99dd85b16da847dcc50ac4fdbbd49d,1,130.0
0xb8d1f3b0af862c6573088f6b16a9f352a3e1c455,5,17000.0
0xd530cdee777877de8de489609a58e9648cb6498d,3,1080.0
0xd4588e57deeb466a21ce0f61dae69c7dc1418bf3,1,27.0
0x0253f2babe3167b745216f63d08c0da2a4b0feec,1,31.83
0x6db242cf6ecba7b9bbe6361eae146b6d400cf8d6,1,350.0
0x06486bd54cfe63aa6c5220ced9beb598c8464075,2,500.46000000000004
0xc10455097b0142fee654427bcc8530753c3fe3f6,7,2116.0
0x90612691747e06e6807aa4c070257fb0b2be0e97,1,80.0
0x045b653ce9ada7eace7d5e71dedd5068597f4671,2,862.0
0xdd48843377ea2e93ae2d1358e504588d90da0be9,2,140.0
0x63bd3fcb7cb11e475fd4f2cb0bc8c5364a84fa01,2,30.0
0x427ca643a36ac76fd35158672bfee30338bb255a,32,22266.18100373139
0x8df0aa1c978cc7fcbedded7d62db99fae1e0f6bc,3,80.0
0x93c704c5136343e0e18239bd7bd9976b02baac39,2,1036.0
0xad547ee2d592556f87d925d663b0ad7e506c1f6c,4,17500.0
0x08d9056f9864f869424b13117adea4dc9327750a,3,8250.0
0x2da7f9093d4e21e952c56ff2333cf1d47f041752,1,1147.1856331597
0xa400789e67abbfa400240a37cc12c44b8a2619f8,3,500.0
0xc3708c044a3804faba91133cb3adf7e4828318f5,14,24413.79730703
0xc0c0d0bf40eff5ca2f5362f7eb36dbe3370aeab6,1,1500.0
0xebe988ced3c68e1c7d4600246745ec913e195a31,2,132.0
0x84381ee1a3cec936a39a9510b9098d56999d01d9,3,310.0
0x74123a5bc450f829befe1212fe1dd4cb786618b0,1,203.7429718854032
0x9d5960f6f06063912e746ce3f4171f4e1eda55d3,1,256.0
0x4b44635eb8ba95e8ee7dda989bf0f8268b9cc8d1,10,11185.43503946
0x231a516d2e52c217992900327b5e738f99e332f3,2,199.0
0xe2ff39a2cce5d592f641a6fe1eb957fc875a9384,2,270.0
0xec29cc0e23bf674eee484a880a067e11acb73013,1,1000.0
0x320178b2b4a6b90619d53257ed07d976471ec413,4,30800.0
0x3b0eb74c3c7c465333eb9cc16da23bcb2db128fe,1,450.0
0x8f92c37fc3949746ef8e5e63480cf1f5294d40dc,1,29.67
0xcd02e4f5119102b0136a88d881323cb7b8403e4d,5,933.5314011068498
0x39f3eeda37b68171a8ebf9596a8188695c16924b,54,60051.0
0xa7390e5fd87694b805c9f7a3f5ae638ca56bcc44,7,7098.0
0x6a0d875c8968d4426877ff6e7c5bc95a1e26a1df,5,2981.0
0xae11b01e80614104f5a69462a6c6fb3afacce40b,1,440.0
0x1f21139b8c9e1f44fc438b7b454e34cfcec07044,1,36.64
0x6f3063eddf9154a7cc9a86a4782751573439861e,1,1005.0
0x74e456bceb43b66b47b41b543da50e99d7e68266,2,85.0
0xcb8d812ac34cafb917abde6fddd99ec93d18c76f,1,20.0
0xc2102381121988a2d9c5d6b982ddc311b1098189,1,553.776557662255
0x222084832cd78dc06e11c1885f69caa52d02ae6f,2,30.0
0xa37d0bf6fe5b3e52b847753a1f655f0889378cc4,3,1463.0
0x5bf8a6dc0409ce37fd7f97324aa358d8fc09afdb,1,20000.0
0x7661533ca9dd1ea40a37c6af3a26ce2d08a75d89,5,1700000.0
0xbf877e5aefefe9c8742405c042bf824fa3c3670f,1,1000.0
0xf2b64462d4d9bddb18af29cd4dad8c87953dd670,1,200.0
0xbf8e22d3a7c38ad2ee64470a3e0b1a8772b3eaa7,3,60100.0
0x4713e0cce143062a02d38921a020f08c419a6c83,1,1000.0
0xb05b586dad5ba012dfe3b4eb0f50d7514df4b7c0,5,323.0
0x84da5ec9c3e45aca5fd1ac4541e76196682d579a,5,2093.0
0xcdbbd1b83adedb31a97db082c9c103f818e8a988,2,227.0
0xef26b08a4914747b17684a3d05c4f923ef3b5264,10,8663.91352105
0x5b686266f275a0e1b465a793cc76cad3a7b2110a,1,550.0
0x4a20ea49fb3f475be6665175ce1afac29becd89d,1,747.6
0xb0f983ee27358d516ce5e5727c30ef8b0f27e12d,4,400.0
0x8847725ee2ba9da3d78e21fa46004eeba03d9bfa,53,522969.90966243396
0x142e114b66807dc6961aeea1e57659e4c1ad544f,4,36500.0
0xc7696a3d9bdc934a0ff168dc95e17e81dd1a2b0c,1,20.0
0xe2afa2dab8dcc615f44673aa961fe8720a041910,2,26.0
0x2338b96f1fb725c9bc083a69501e0616ad625021,36,531617.4820058552
0xd6d549296c942644d9b42c4d0cb0dc0181bd45ea,22,19586.0
0xa53b70ec902174c348ca6171da30765a5ebe10cc,5,78.0
0x03ef45689a9791113ead175b8c381c34fce095ee,2,145.64
0xcbefa509eb4f6b6fac6864a3d5135ff1f51b60c5,1,31000.0
0xc124f6fb03856fe5b0f0cebb29339a9a5e389501,14,5431.56686905
0x530ecebc674fc256da2886dccaf5537f35bce391,14,80519.31202876572
0x907f3b6fa2de27cfe7042d195d60f5db8f41b06a,2,150.0
0x3f4d08c718af9a8f94635e29fac2029e676d0903,2,3280.0
0xa5332622169d6af62d24ce904e9943ad4272332c,2,234.0
0x70b8e4a15ff749be3aea05e2bb1cda425d6c90b8,2,8910.0
0x1dee15379dcd50d41f54e68f1cec7d8a2c48e4f2,2,15.0
0xc3981303214dca090019fb4b9bfcd6616d36d1f4,1,70.0
0x8936c3904e3c62b1b316f18779913de2d6d01d88,6,8950.0
0x363fc38c5a1415d86a27360c4fc5cd4e44686af3,37,70091.49665877
0xc42d24a6a6b5f950a1d9f64b7595d4208360494e,1,75.0
0xc775cfd0429b700431a04f041ec8e8a8a8532ac4,24,12097.01
0x24b0524b292e1275e4d782cac0e62268786e69e4,5,6568.0
0x7a414d3a5fd71656c1d49a2e68af4d45ae2905d4,3,76479.0
0x770a16abcd0e3548a59959eb70e67a8b5bf11e66,13,7783.0
0xb1630495cb0eca48ebbb9a784869ea3019a8cd34,4,37300.0
0xf096d35181b39190f6bd5c8e2999e42b543476ee,2,470.0
0xd87ebe32515927b736ff3c37dcc71983750f38d6,2,100.0
0xb9ef8258c8583e4f81708180aee04085157a1ce2,6,6568.0
0xab621006f54c4c5d735e6eb1221e71364c64f56b,33,1202.1165
0xfe6e36877d600aeb8d4d2fdce91cabbfd2de2f94,39,404030.0
0x8d1084271665eb28b55f65e869eba96c8dce933c,3,929.39530341
0xd4dfe41ba37cc11422b9d88d1d6e83bcae018d1d,1,5600.0
0x1c9a175197da9c9e41da11cdff6bbd4548a1ff84,4,600.0
0xe04880c5bb29cce7d034a27a7b13728d1e89482b,1,20.0
0x2bfa9e301ed502fcb2894775fe78b2cecc3d06ec,2,587.0
0x69dc0d4fc4f405d40bc31849223d05c8661cf04e,1,400.0
0x35e4f5465447cbcfd6d1020993345f56078e29ab,85,1070046.484457229
0xa5e09e33ce9df5e847f560a5f3330da4d7363da2,7,3570.0
0x51ca68dd56a2fb541cb3ae1f3781bf2caacfaf00,8,30550.0
0x471215a639542a8d097ab8c9b50341d99afe356b,1,20.0
0x0acfd85455a3ca038ec3c6a57248d40d8d64dcaa,3,13000.0
0x76d320c11c57d1d569c2feffe910d1700b5a1904,17,339100.0
0x2c1d2e06f8d85828ffba6030194b2e169ef5a041,3,405.0
0x821eaff01f959082893327cbeeb8f00e5020df37,1,20.0
0xf8fd24a1eee312615ded858af7639d488f6b3b01,8,750.0
0xb4cf00550291556d23ac346685a8538c1ba7df14,34,195150.0
0xdecdf2b350f7ab9e1007d8fe5072f464d0b957ef,1,200.0
0xd52b74585ddf5ca7e77ee889be00dd8e34c1bc44,3,32.5
0x12e694d01593b44203c3f346717152834f0b2440,1,400.0
0x00340883f6f602449b1ce68b4624219687919328,24,61950.0
0x90161bc0d85d0feb79ee3001c8c4f7c085ee9530,24,3899.7769746428276
0x90193273db45185b348ec937014864a78e38f37e,1,23.0
0xe3bd2d132fdb67eeb8e664eca892b8925f0b5453,3,68.28999999999999
0x08e6e795e2fd6f9d60577c3c949979cf13e23aeb,31,28844.670117870002
0x5c43f01842f5df36fffb1f228999118bd7e207fd,3,1320.0
0x0f2cddbbafe5d2b653f30698cbf81e8a97fdedd0,22,55263.05653952622
0x1225b28c02d983675f85b648c3fda7d9b88fc07f,3,138.29
0x43fe6501e56dce84c0b0a3af1059a15258d02b2e,4,330.97265831
0x20cf09420d7909f0c4e1ea7a7670e6abb86f4633,4,330.97013171
0xb9fed633e970b0619f45254f2081b75af595a992,7,1365.0
0x606baad5e82c1ce1e402a7fefc43d004885c6010,6,1082.0
0x7d6fd9f657db1cfd03b241dc60697be3f247f721,1,440.0
0xaf559983cbd570d87c2afdec4baa147f01e7603f,6,14864.68651093
0x8aa2775d29f75c3b59bc67a1edead630ff522744,1,20.0
0xa59380fc137e3fb9fd73cf8d000e058658c25b63,1,1000.0
0x15d300784b792b384ea61be9900690348d33948a,5,45520.0
0x8610d7ddf0c7540430a0f68036afb568b8e4fb60,1,4700.0
0xe3c3e7b18aeb2e8f64d8cff0057ca07438e68ee9,1,1.0
0x2333d4871c37abdcd5546cf2f16466a40142dc4c,1,25.0
0x66e7316d190ed9ce8d30baecae900415ec59c7bd,3,170.6
0x8d6146df29a8c1e72af5484353e56f37dda0e202,4,7198.1994421
0xe9f1a6f6657e82d45a31f806a7cba5d039eb51c9,29,131870.79870095095
0xc4ceddeb32b79bc2d505a7174c2da72afcad7e0b,1,20.0
0xc7ab3f0aff0d4fefeddddf6bc0c534970568a1cb,1,500.0
0xc7b34733e5346917621ea2a1aee8d34804838721,5,762.0
0xbb999c2f404c1d59d7c989a90655386177459867,1,11000.0
0x05bcbe2e55d0cc21df464066b7ab97049f09b11e,8,4605.0
0xca99cbb277290bbda0087946dfaaba39de819789,7,593373.35792863
0x9c5d252c67a1f40f9c92b6454bda6909ce86aeb1,11,1775.0
0x0aae545f7bdf298bf1a2fd0875aa2d884db6803c,3,300.0
0x607da2b416b35e5e894f6243deeb64ca86d91d42,1,20.0
0xcf35b8bc083bce6c42bee2ba0c0203dd06826d33,4,66.0
0xd65edeca819fd925cd50b10894408f401d4faf10,1,24.0
0x39b7c5f75ff42cfc5f39168573b26cc5ed1f32b6,29,11920.0
0x71f2cfc78664b5891a0bcff86d52db14b8d3d23e,46,243609.0
0xfc262b0514f40bbbb92b0f779272f05ae35fa696,4,8247.0
0x3781c8026cca0027d639b9f20fafb3e68f6c6e96,1,4500.0
0x190dd27610a49add86d5f96bfcd7cad5bc9def2d,9,290000.0
0xd28d3c82485409805e5b2e69a7cb3bdce1c6451d,1,2000.0
0xc3783613b3d1a4edf7fdf01f0b0af02153c085a4,1,100.0
0x643adf955b806663f8ae6edce1053e910d6fc7e8,3,8935.0
0xafd61062bb33eb193c5b0e5e57b26966c0142104,1,100.0
0x2b3fb0418b7a9a873e0b521fe2ab0276bbfb9277,1,970.0
0x07501c47cb8b3f6d1a4c4610ace6ea651b2a8837,3,723.0
0x0b51e5bdadb8147da350bda91c539ee472be89f1,3,940.0
0xac0a3af520a740be946573d8017970797ef8c5e2,3,54.6
0xcb94323b7b87450ea52cbcdb2ee16a243b29244c,2,2900.0
0x52b217d03f59b553194ee6d5c39ff65faaeb6099,11,64500.0
0x9adb83449cee3be36a55e075ed970bb9b89c7200,3,305.0
0xdb0560e38f802e42fc61ad71edd282ed1b36707c,10,6908.0
0xea24bfc28b169a9e8ac87d498822713e1f336584,23,594.7366796175213
0xda8b1bd1f74fe46b22ee0248ad35150c38076819,5,560.0
0xa217c7e0f50a04a4475f057eb6667b3f8a454699,1,24.90692421311197
0xd581951f35d352785a46446f956e1769b57f845c,8,11550.0
0xb78e84731049e4e1efc1ef54444dc5a0ab212d06,9,83000.0
0xe436ba1db8bc86581a369488c947143c8da40f0c,2,300.0
0xb0512396b13efbaa6727b3d99ff4b89d3e817ada,2,190.0
0xd5ba8ae3147566e255b334817d7523a9a9a6788a,13,106509.0
0xee75b335d275f7100ddb4a1f49769828a2ecd595,4,7450.0
0x4640117031a9a12b871d3be756e88f971bc7ceac,1,80.0
0x63ddaa4f8fb708f9308d0fc5816e6b9580aa7ee9,1,42.0
0xd4da326aae7cd823cd4e2e4e92941a1229e3d5da,1,85.0
0x6954ffedde3f7ddef6723e6c21d9c183578df86f,1,150.0
0x88473718d27597c0deb00e85b4ccb7e5e61ea2e2,2,610.0
0x298e0f70c65f51b018ab3b6cce9252aef6291cfc,2,660.0
0x1f01c735101dbd0d45c46fdedafefb095fdfb5bd,1,100.0
0xd364949a53cdeec7eb79424e836be6c9562ba602,4,2000.0
0x0fe6a8bdafe5699820897f908ab8ac983f2465f9,10,15560.0
0x3388faf05e5db071688405f76583df68f250f4a8,9,6833.208100767824
0x12ef737babe100994f5b0f3c2637aa877f664ef7,2,3349.528720498207
0xb98ef0f547f6d08ab97ca8e0db6fb3f0de2c473e,4,1564.0
0xc05d371a57456a253927bc77ed0f52153295bc26,1,62000.0
0xa4c7fe78a42b9e6017d14e9f31b3a465e70f6f8c,21,6620.0
0x2452da0ef40541c00354b3d3537664db0627f8c0,1,200.0
0xd8e6af46ed1274d394cfae45b6e0124df8d094e8,1,300.0
0xb50a434646548d6601ba916f025da53a1f790cdf,12,39384.42409988729
0xaaa18e70abbc5c184ffa86da795b326787a82954,1,170.0
0xb070f9d77c63861de2644688570dd12c417befd7,2,60.0
0x1bc8b4b5f89ee434752e6cd956f85f8a998ef96a,4,1815.00135222
0xb23de1828c2de29a44a0bfe9e30f228165a53b62,1,100.0
0x3aaf22f4bb92cae1baf2d7ffbad1e0d7009a5026,1,20.0
0x1cc29966f28ce7aa21857895d2bd88c9f71dc015,14,3170.0
0x17cb01c1d10352ea6d3f9adc3b7053d29a1984cc,1,21.71690153568
0x40bf0a6d730432c614810bb97b9125c16dfc7698,1,3000.0
0x7336928243fb50eba93d0a78adb94b6685ce3b11,1,200.0
0xbf041ad1214fe1ab0769429aa6cf03690645ca71,2,1100.0
0xf5a0ecdce431e5e53208d54469c67dd739345ee2,6,3351.62
0xfcec6acd014421f79bb0792a06ed64af72c68ed0,38,43675.53679585807
0x6e4805f8850abfec30ab6b4870e1a03136476709,1,20.0
0x77b6006ffb5192e46868fe69299fb6f5ef6d0ec0,7,9113.221143772
0x0a56865307ed26c88b053d1a0908920b9ed51330,23,30455.66
0x74efa14682d9cb4ce3a0e4708fb54495ec71bee6,18,91149.94355364
0xf5d3652b0108966f17c848adfd522923d4ef57d4,1,93.0
0x64a38470ab310b07783675909e2da23700c93f90,2,185.0
0xc99540d9c5691732ab9938553fa4e70885761ef0,5,1820.0
0x175751ad53dc83b5d783f11f715843e3160c8eb5,143,137785.882
0x0f405f3986bbdf48f76cb9dcb7e361218b8f0d94,2,80.0
0x2e41b1f1c3f6f3600bf44a3a8dcae2b7d715d68d,2,524.8390624843083
0x680916c764baefb1185e94752612681b9a2e6d6b,2,170.0
0x0f54fcd5c1d81a8129ac03487007f20be524385e,4,320.79935856
0xe7c0553fc47301e45110f824cabfe05b9013d112,4,1634.73
0xc37782003e053fdd6500eb18354c0b2e056dbcec,4,8500.0
0x37dc2a4ab23f0532388cf679d22a0f4219df2e69,3,4100.0
0x2e2571eeb6abf78293bef7d0c9025da9cde4f16e,1,70.0
0x09574db0c4c7094c18453c77781870fb3eb36e48,1,75.0
0xc613bd31ee4dede5ae6d05a39d7e2a482bc067cb,49,367109.11280705524
0x7904a192e7837a933801e60ee56b2fd002416cea,1,2083.8173604
0x620703b72762655de0ab8f66a7e8217262ad4a61,19,58950.0
0x3dd6132bc8f39ca397989df251a634f943d4a505,6,898.0
0x3ee83269123a7cdf12dfe36a2ffa4eb219e5013e,14,134000.0
0xaa6508e2010e95d3f6c11e18edc677a7bfdf6783,4,870.47
0x5a53fe895799edff63c717a04891d3487530248c,1,532.0
0xedbef7ea3cdcaedc8f227ebee3150adc212f88a6,6,11108.0
0x4a57c67815dbfaab720e31752c575036d585ecd0,11,13477.329051215
0xb0fdc13d0ac49c614bfad221056d505e43dae083,1,445100.0
0x2f78441a8566801c7b9311979403856f38ce2626,2,340.0
0x06dfd4f8ec58adecbb748544eb70874d1c53f397,2,170.0
0x43a6025268c81e1d8bc02dfe9c967431c58d021b,3,48.0
0x96f22f4433a16baf847277bc252a6d4b7674be04,1,559.0
0x7f481dc2e2264a850f617c2b58ae5399a56d1f53,1,21.0
0x4c0456cd319f279973a3ffd5a1ab38d968c37f2a,1,100.0
0x68cd513fc5bbf83a375b2bb75587deec4c7edb12,35,263228.62828748
0xf40fbfdc73e11b4ffd5bf542e3e2e894b89d0251,1,5499.411601841582
0x62a9b962f88cb3631465df87aebf3fd1b1f0a4f2,1,2000.0
0xa9e7f8d43b979fec99062d19ca8d24f815a8e76f,3,8076.3654784
0xfc34188f4e8004f31579d82beddbd23e96874af0,1,200.0
0x45cdaf6f5043caca6e1e567695945c415c46aa26,3,9484.0
0xa8fe9b7cd70ce411929a37f4fb3e1204923904e9,3,420.3
0x2d26b07fe0d78e26b49f2ee3c431c4af8092a921,1,400.0
0x28adaaff45f62a170919e9cc8ec5df9bc8616cc4,2,2200.0
0x55abf88159728396ff4e6224f982188036b5e183,2,97.72999999999999
0x9300959c6cc31fbe632ad6c32d4044fd58a60829,2,2060.0
0x2dabb178f2993a885f8f0005393b78e5a728c857,9,11500.0
0x555959435371b9c22057d04db8d8b93c145ad116,6,1207.18172376094
0x0f1daf4e3197c2db711ee4f766bfbf3e7f960b40,1,60.0
0xb1be4229606fe07c9a3711d1fb6994f67df7ad93,6,20500.0
0x8609bd7a8503ddb69a4fc98318de09717eb46e97,1,25.0
0x0ead53e91b5e63db07af69e2fcf42fa5fe0b7055,6,2670.0
0x8d9aae3bbaaaf1f471ff331ab67933d035d935ed,1,45.0
0x6fb3e81adfc19318bbe33b2434376cea6c23344b,3,430.0
0x46f1504bd9af37ebd99c99799549c8093eabace4,8,2743.2139162147505
0x9ada897d86026424077da603e68716cff1eb51c7,1,20.0
0x3a62971762ffa15f5fbbd4a6841d2ad4d3bb9441,5,6300.0
0xb987954a5e61e6b720e5d1caa7d940947749824c,10,4210.0
0x78b2086ceced86b7d6b2f899e1c2605817ecb00d,3,37000.0
0xdfe056816a8b69a26d921fe5b78c892dc358c854,3,830.0
0x86aadc6c9b45ae91fc3e152de6ce5687dfefaef9,29,7464331.558874239
0x73ba11e23d2bc500d3c900806c756133148b6f1e,1,350.0
0x97faa846052f97f696a5ebf86cba546be720ae02,2,1420.0
0xb9060e89883089755883079df7f0bd5b5841404c,2,275.0
0x92fd6e9eb877acbd0b15ad0dd950c9dda942fe9c,1,113.0
0x23f6c9ac5181d58f358148f13238200b382b4901,4,19385.0802
0xbe334de5c6d042142735fdad455f4ad59bf7b8ef,16,88400.0
0x74d493d0bda67274eb69c821ebf47ca9722ec06f,2,144.943983232
0xe11aff08ede298965758c3463f87c7560411e0d9,159,1769510.0399435582
0x582ed442be9b61641d380a1025f39b03d59d685a,18,85212.0
0x488401ce3cc9f02a058c15a5510209b95ab28f64,3,700.0
0x1a109290ab2743c4d06d4ad296d8f114a0b5db84,4,80020.0
0x307896d2ea1abc44198be93060636e001bfd3c1d,1,20.0
0xbd39be480e79ead1f5cb55a48149b96bd22a8251,2,500.0
0xcb32f1282355312ed28e59aed7da47f43d032287,2,3700.0
0x3fce701505d5103b01f6f0d196372a8d4af40192,1,40.0
0xa43c7a6ac0e3418dd6f0feb5163181d13a4f7756,1,40.0
0xa05ed3c2a9a5b10df094a3df76f29d62219baeeb,1,550.0
0x0ebd28a162114d550eaac80c5758b98f42752539,4,543.12824061
0xa4b2a1593b03ef35b57f31849bb89e7b200cc256,8,8370.0
0x6c7f35c19ff26d5cc3d7fce2b2b4ac6b3a484d6d,3,4650.0
0xf82f51dcd1a47f78524ecb00e2170ac3f3de7142,7,60415.0
0x443f53fa7dbc150e4152c5aaef240744f5c2a85e,2,7022.06
0x74501285fc0a1d169604917906aca081992c146e,1,20.0
0x08636aebab09bc165db952bafd43c76a3024c38f,1,20.0
0x0ac3734c14f9cd0ab4ae14a302b20091add4d985,4,69000.0
0xa9085d79c5ce2290d01fbb5818821105279101c4,30,10366100.0
0x88cf8efb6a3ea39065b5a38239a62c2f689ee125,9,11157.0
0x17a4d93ab1d27c5088975cfb759c24f0ae87eefb,2,3100.0
0x5ced73505e23e6858740b7a198c3473f6407b74b,1,2500.0
0x05d23a54c9ed2c6b564d63abf3aa091bbc358768,13,11580.0
0xbb5bec537c33a6db8706b4eebca48dc9a15ff14b,23,28069.81452732145
0x0576b3d6e5d1c0078f0b38efaa1485feca52e208,2,12020.0
0xb5376072f995cfc4cc3f6e4f1802fe1e70fcf1b6,9,610000.0
0x02b7ef7f2b9875c79041b33c730e766ba858e560,56,139300.0
0x396cb28ec272797d8afc54dc25b98c8705ce5a30,13,12369.96314151
0x3253602341c320260cebd6309a13fc4bd311b652,3,4970.0
0xee151487c615e593d6dce31bff16a3c383f5d180,21,44435.0
0xf0542f112fad95f9e7da2184f5af80701713c28b,1,100.0
0x9386b8df3f1af4b849c76596bb2b11baa75862c6,6,650.0
0xef73c141b1fcdfc210853bdfc9a127483e2ec282,7,39700.0
0xb01c956275b112a353466e33f59a9c62bc4afe2e,2,125.0
0x9055f668b0e8a7b038fe42d31a8d062edac07385,15,37950.0
0xac0f412b9b6bd965904cb2087a0d40a3edc138b3,11,155000.0
0xc6142e26e387b5bf3ef103ba7a2d6a7961b38eb3,2,40.0
0xf06303e99456aea538907ae3e6e497245a2c19fa,1,8241.0
0xd9022bb0b2705bb87c215d715712c1fc62d081c6,2,150.0
0x6e4e7c1f0caabccffb3c6fae783338a71eef802b,1,855.0
0x7495969354c3ae6a94bdc8d6e01b75a96b91da86,25,205566.70129404
0x35063a5e89e8af834588410efe5beab989be0acf,4,820.0
0xb03c2ad004ab1327da69526a135ac2ad4634d8ac,4,1100.0
0x522c0c4d02d9e56ec7474b8684d80aea36421f5a,19,16980.0
0x596771136f18a853f5f2b52601944250f2398cbf,1,50000.0
0x614998d45e4343cb79cb260e2f92080493d76d82,19,34310.051235084364
0x8c00684738c571456b1305ac6dfd9715ba8b20ab,2,250.0
0x43f54278e10d9b2c7a83bf1e96b9d6a5dee34b24,2,100.0
0xc2161071230b888c52ddfaaf3f3d5acbac645e54,5,374.01
0xf2ed590490c54471f5d572b703b3ce70f3ee93f7,23,467899.0
0x89f9d820ac10b93e68d3a35e8267c5793ac2dbcc,2,68.0
0x94c622facf533e8f73fc49054affbf0f655c95b1,1,40000.0
0x3f3b50f10139b04880adb6b4417115fc7c27b3f9,104,2656439.592363598
0x718eb1e36200909cecc44e2106427b0d6c5df056,2,608.0
0x6327c1878ca86afcce635fec8ae8713a0f43dd0f,1,20.0
0x9932346348f4c758414df51309465f5017a08f13,1,70.0
0x57adad3c5dc915cf97fe8c297713893011f22fc5,1,20.0
0x0c5f26dc10b41c43427ae155a1f36d775db51a67,3,2250.0
0x9736ecd07083a753dfc4abbcf1f6d63b93870740,3,2250.0
0x4f14651a58d52b177eb35b635b5add0eb15cdefb,158,31697793.322362367
0xe0f83d648d5b7cbd70685fe155349708126cfa64,3,55.0
0xb9b672c8e8456a0f50c880dcf34b60f0222bf675,2,1500.0
0xd852f9626190c0ef1529354b392e8d84b23dc515,7,2125.0
0x5377ff081c7e6f7d153fab1fa917f73f26831719,1,21.0
0x48187470d9c3e80e749aaaecaa5153a0bf20a9fe,11,16932.0
0x409291c8ee877c1281e6c3bdc758bac06dcccab9,1,30.0
0xc1316f7b5622bec8aff50c54442a6c81b5c38873,1,95.5730664782068
0xbccd1eb1aea22e9adef499f5f2a51a675b336455,3,318.0
0xefd81cfd4a376852b7a27999fbb01654eb2dede0,1,500.0
0xc54e0dc0b2244f78beb42fc92b0b8aa7abdbf2bc,1,500.0
0xe55e3788365af8c7f1548211716132435adbbfde,71,596092.1652968148
0x51316ea8f464d91fdc8eb6c0346738b609ff0a3a,20,65060.11355093641
0x0afaeb53b77115952a89f1ccf31ed7b1fb1b69fb,3,280.0
0xb8531ac25a045693bb4d0447cb1c9a2c46aa9c6d,2,414.0
0xa72ca9ec233d88a49a67f2ad87ff3f57bddd0343,1,100.0
0xb0f145739cb0dd11c90c0500460c7cdabc2659cc,34,125543.45821229566
0x2e6ba83f44d4648e4194065e29996c7731be4ed4,1,162.0
0xf48d0f18031e17fd0884bab8324f885ccd156d3b,1,1000.0
0x6bbe2c70b91b265f167346f12aca0ccfa649cbf8,148,5060641.917956264
0x9cf2b2ff11b3f3be1aeb28f6f2b99405f02bb6ab,1,20.0
0x47f043cb4ed32a958ae05175cd282d752de9531b,15,639380.0
0x8743f7c5b4fbfd3c09f26185f86e5b7dd503907d,1,66.36
0xa4555708007a85cbc2b9d3fee3afafe145e65fa1,2,1000.0
0x5ce3bede6ea0b35803a89ee1ff49dc49f8be6c7d,1,20.0
0x20bc4d14d4b02139e188c4c241c5b24dfb0e8e35,1,70.0
0x890ab20358a7bf4b2bdbab2e7f88ab60e8be61f3,10,3410.0
0x0a2e2a28cd609e36ab1c6c7bfcd35ea6839f015b,1,62.0
0x1bbec8c7ce09da32b108fc72b79185ad693ea030,3,39.0
0x203db9cc58706831cecfe4ffb43c9752064a9f46,1,192.603
0x226e675a8aac470e2ce9688f4bf0eef34c780d6f,2,400.0
0xd807e446677bac16a470fb5de9e199dc3d876a0c,4,565.0
0x9f2c3cf4a34f93e1087ae3cbb5a5d8a046ff52dd,1,200.0
0x4cc849b65d9426477e2bf50b2bf62fd6a236e80c,14,20030.0
0x06f71ed3cb59bfbff2bb3d7de26c398c6a3e049b,1,2099.8895982494346
0xe7077becb0e19122d9353297e41a2bbea6d11e55,1,22.0
0x75237cd112fa98d9e23c834fc6c1676bcfb21bac,1,4800.0
0x6f4300c15dd66b31672659b8ab11903d627cb7b2,1,650.0
0xba1f1b2a086d0288ccf9ff72fcf012e7af310b5b,44,1792010.0468148945
0x0db264ef79daf70d4d085ad2dad45f24dc135769,3,122635.56026336315
0x805921cc143e061d54d26814d1d9f07bb66d197c,4,730.0
0x89bf5fdb88f6c11b49d61fc2e37a8570925de340,17,1544.3638928385524
0xe0416d324068e0f59e452ab44f3eb027377f039d,1,20.0
0x2d568fd0243973a126250bd8430f7ca625dd0258,72,112165.0
0x023f42f6e049a36b04c39a85e517e0bc24ec1f48,1,20.0
0x7a20a49d507c2f7b2530f40906b8916382f8922e,131,29333.93
0x1529dc2bd122d4ef12affca317ff5b5704734478,5,443.69701885999996
0x350cdcb0ab277040ebc040f4f0c1015adc9fff9e,6,119244.77631274555
0x7d0c57040334888dbe1f0e213b20267cef5ba2d0,4,124.65
0x9ab6e287fb4d1b3b34187a081bb04c55ad1f480a,5,650.0
0xf035bc8edb4053c1f9d148e4361f0d35f5cad2ea,2,40.0
0x22adea99d03692cec3f7dbf697fe88a6904dc444,10,21980.0
0x3972370736370ef8e418f06d2fbd3440b63c8b96,1,10000.0
0xcb2a2c6aedd626d95cbd0f81678748b34cffec5d,2,1250.0
0x050c575eaee214148db8d185616e2a2469b24461,33,71123.6744031604
0xee48e97eb92c3406900572017f2c5a93cc4175cf,1,25000.0
0xe95d17f9ca058120aff1ea84729332b94086cb39,104,482040.2546654975
0x455348526a83243ac5efcc72263a9ecffcfa3589,1,100.0
0xb1633658e0a7b8ee2910feae34961944f342ae49,1,130.0
0xbe000fe8551dbe58ed7593d764063122e8dd48ca,43,1880885.13
0xc674edc6e0b698f1e0e616b6e6c60ad9718002d1,7,3470.0
0x2b972e5c423f54a39d1508eed23db13f94887561,1,750.0
0x2d170e5ff17eb1fc3cc6d4a7a1fc5ec544524c21,7,450.0
0xc63c51a61157aa79fc6f598fad216d31b5580f19,1,120.0
0x8f0c4c6b46ea92c4e40a91ca739460fb51152bb0,5,131.0
0x294096352458ec0735ae964b5ca706a239e2e18b,16,34725.0
0xe04621c26a7c6754f85de7f34ffebb3e87f77a72,2,172.0
0xffb875ea353b9e8f9ff742bf46221f63ecb863ba,54,99287.93307019917
0x881104bd22b9d9bf68a1c22608162c1f22f99b56,3,112.0
0xc1031ef173e1482ac598807f4eaf612943271b4c,1,20.0
0x225292542b5bd262154079e4af62ecfd1afd4d05,6,3286.5
0xa5a3cf3ca157434d0d11d489a963af7cc2a12516,1,2000.0
0x7af065a24e3403405ee4a953bf1224642bce1b55,1,1620.0
0x65d660c5c427a39a81d8bc653e10c6ca0d17fd1e,4,16623.356105243685
0x70304e8f1293f3ec78ae92c63a4967f1e08dde13,3,274.0
0xc084f3e0c630702f73e266dfc27960979b5a14d8,4,678.714845577415
0x01956a314831579fd8dc373bf3825c2ff1b1eacf,4,516.0
0x85eb27dafe0071326724203ece92247283375864,2,350.0
0x7214a31b0b4d7da70c09e21b360b4f24688c01b7,8,955.0
0x43693fa5c8b1c15f53b14cb0a931432b70703ffd,1,210.0
0x4c3bd03aaf3bd7dc056cba589aabd93ac828f905,5,1950.0
0xda8585d128d9134fea1ed4b32e3f291e5666883f,10,15207.84426245868
0xc3b4bd3fc2eb7dfff1cedb9d3e5537a4af1c0fd3,2,1500.0
0x435b087757eaa2af0530075c4f419067fa56557e,3,520323.0
0xc29ce42db4d8dba2037f65f40089503925d82167,2,500.0
0xb9f1b88635c26d94815142ca18b18a37ac783ece,1,701.7358446032582
0xb74412b0d1ae5543da8711d95f6cb19a245e49c6,2,1065.4775409900535
0x35fc680ac9c33230b633b5a6bf69f23c6adbc377,7,43840.0
0xbe17343f1db72f10f3cc944ac338f48213f5e3ba,1,31.0
0x1bf240f68f94b89a1e382dccfbf6289c9d8cf3e0,1,2700.0
0xc0b0262a2f9fde83e75be483aebdf571d813181c,6,1282.4704
0x86b460535a0da6e02edcbcc355df838d5e8c390b,1,5625.0
0x42678c2bf7b8a649e5633c2c5dced08540e0a7d8,11,23173.73
0xd5285410980d52cf80b48a321432e17e326b1a94,2,640.0
0x3b0a3b60649ce308c0c7c2c99c8499ba2466cf00,1,750.0
0x0a0920c19450178fae23e09cf4e68341371ee5c5,3,82.0
0x6a49780bf2a0d2ca0905d9f4d26745f8683d37d0,2,11000.0
0x958784e71d459415a956a8d4ba2a12dea1765eed,2,28.174
0xe8dc3ee3a0c6925aaaa447beb44a685577b6c1bb,1,46.0
0x36f5c05c9e0ae78d33fd7214adad762d94d3fcb5,1,1300.0
0xe4403ddef7b3e2981bc32515c64a4bb4ba91e192,1,1775.0
0x018f4f02069455dfa19d95ecfcb2baf4a97c17fe,1,200.0
0xc4bbd35969f24c0ade48bfcfcf74dd5886d9ce36,2,498.0
0x9034461366d6a6979560858233f8e78e9118fc0f,9,45550.0
0x4b3f09a5eabd96f765428dc12ca3d5983807a5bb,1,153.1768
0x3cc4be279a32ca2dc89aa68a07e915ed01605b94,2,850.0
0x625960d3eb76963ebb3e949a3c078cc81c90232a,2,1500.0
0x45bcaa05e7f60b7f617e9ceb66fd4d35369d565c,3,400.0
0x04753de8735178e924be1fbb03d645431238d15a,1,10000.0
0x83e14aaa18f578703bbd3264f4bc5f49a795b527,1,550.0
0x590621d5a483c7569f72e3f37905e274fefa496f,1,20.0
0x502dd044b220686326186cee87873fa1d30d5046,18,349.3202465391691
0x692d101f2488705da63ef59a975fd7a03ffefdfd,1,20.0
0x1046311a3319e6450342f6f666798af99ae1ca16,14,7743.3800377222615
0xcd88ac8ef33eaa5e932fb49cc7ad9c611a5fbdbb,1,36000.0
0xdfac46cb6298a05ac1a56d9a7c8a9d0c615cbbcc,1,1100.0
0x3278a9d39668abd87a1ea110a60ba36b79cf43e5,1,500.0
0x48cd2934e6bd233e9b1d529f67d4d3bd65d2b4a3,1,600.0
0x35378c7f1a5e344a399895195758e2356190ced2,13,762.0
0x3ceaeff0592e92bf2f20569569bcf5685118f6e3,1,3580.0
0x011885028b3c2e5e47a5285567740d411cc71fba,1,20.0
0x919b094d042189cdbe2db1949ecf0b9198b7378f,1,20.0
0xc1a8baa582505dd5f22e5011b5bbab41367dc768,4,545.0
0x0ca5f6a8ad722c3077eb958badfcb10e7d8a9a8c,8,20520.0
0x4257a82fa267fcceda5c07c21174cba11cc39586,12,15107.34584847
0xefb85b6a1e26457fd7fb093b2f54b86e4a5dc43b,6,2004.36720393
0x931c4182669689c4afbe31b5f8b4f751b2d951c9,1,1100.0
0x9e80f3a7d25761ff5262a5cc6d215a10610cda6b,2,50.0
0x6196b10dfca365934dae5ccd450d9ae4d8ebb910,2,450.0
0xed6ae8791aafab06da90c2de49a771105818f797,1,40.0
0x99e2f3967ca8991f2e5e7968cafab2eb64c418d0,3,274.754
0xf58062db04d92e3a2c131fb67b3e42e771a81535,1,14000.0
0x4cde4c6f7c26929e1969fa2b6d409da2a782bab0,1,100.0
0xaceb65ef42d06a4ef5813ab423410da930b67b65,61,749337.3723003526
0x09767a855e28f690c5d3cfad887305541942cf59,1,700.0
0xa3bdbd17dea4e5d0a8c7af58eb31a51ae18a547f,1,76.58648656365112
0x85cadf702f4d2e130152a8b80ded8fbeb7b7a501,1,20.0
0x8c938621f348e8797bbab2690323379a14dd0319,1,60.0
0x24ee35e186c05dfdab7d0afb436852e4fab0e93f,30,2349.1
0xe8abc8ca2e29eedb72b9a652858f9d2bddc78c26,2,500.0
0x8b4f6034d2c203e80fcb55b0702daabd3f3098de,5,8400.0
0x02badd423593ad6794b93f84e38c99688fe47d70,1,2227.0
0x24897e36937bd4e780d24e0786d7860f86975a9a,205,39383.109066959434
0xff9cbb4d57a54125c9a79043d5c7594d484e6997,1,350.0
0xa889fc7e7f6b450062bb572316e758dc8ce1ba27,2,5550.0
0xebca6df885d81ffa1df8185c92c1dd2f1e6030bb,2,260.0
0x4021aa65d811a27b75615be93f696ce8ba1d008c,4,13350.0
0xed7fdbf9a00476edf868647d23aa644e1574ce50,2,740.0
0xfa1df9173eec7bc2143a170befd604ffafba3d3d,4,209.0
0x24d0f81392b1ed7228d4f74b020d09cd1751d6dd,1,30.0
0x3c8b95b355d32d7ed7fb9310884686be6a5f4eaa,2,1440.0
0x1113defec2d451f99db185e030d05619fd794b8c,1,700.0
0x16d8e53ece61cb7efad24d34f8d2e144d2aaf56e,10,84250.0
0x1b4bfcb1b88fcbac98f6e88c46a234129a5bf537,1,20.0
0x18bc4a5697faacacd83ea953dfd5bcd381093b13,15,283285.4801220484
0xf056151b1c66ba7222a556b35ebe3c8083d69a7a,35,2167761.7175421393
0x445af4192ab90a32fc163d841d8de3759e115e1a,1,135.0
0x0e520ee7b940e332791216e4904db82b7b1f8c73,10,330.0
0x1db74c7d41f01c2c8524c0496997f3473a625aeb,3,620.0
0x1f015fee15587f38345016f1525a38b0403feec0,1,20.0
0x89aedc5df205b8094140e4d01ec5e2b09188bb9b,1,26.0
0x950e40211bb2af56988f862e3b283528365f0d96,24,6793.85925415
0xc3b970daa4eab6bbb31be2ab9761d2b1d8ea8cc8,2,195.666
0x2b9df0349f3f088e2a1e55bdb1cb7315ea77b2ae,20,6274.847795714705
0x68101395e00fd9961c4f2ba276dfdef3e1e840f6,2,109.4
0xd31245b4c36e0d009f98ad0a502a9f05f71dce46,4,5782.0
0x329311d3cb4f1a77aa0474224ac2b4e200874689,3,105.0
0x737046235ee2c86274ce00ca72bcf1bd4ca20792,1,2200.0
0xe404a92341290eaec2843f640029ea1d53e4e986,12,2291.0
0xe53eae07f398a2830245e559b5c445a3b58caa31,3,22605.97684847
0x01a021572c074a4d0c54c39b855e1595562bc850,2,1700.0
0x7b2db9502ea690729f787f602872cb16ccb5d643,65,890981.8677998579
0xad01b974a6332056df7d3c96d9c13e74d9e7b3d7,15,8210.0
0x8601305220fffbcb0ab208e4ed03089727b48518,6,375000.0
0xc90d5cfb49540bfd11a6652707bd43f5ac1fc0c9,1,1100.0
0x9f280a3054c86f610880d838d76ee08576ac792f,9,3070.0
0xcb4b126219e16c832169539162cb8c5f7b5a29bc,1,210.0
0x46548a1b855394e497919c01dae2c2443cf2f337,1,40000.0
0x2367626cf85ef2bfd0deb873bca3fd4ce4f65ecc,2,203.233
0xaeca1100175a46925a240638f90a7482bf75924b,1,1100.0
0xe317b030a7cd3702a15e03405c23aa293792612d,1,664.4523313412145
0x576b2975fbca480d3fdeec938223f46f88ef4735,1,250.0
0x3de38894bfd979925a95651441fc62bad3dd03be,4,505.0
0xe399a512ec24f8824d252b3c995234ef66268c20,1,12000.0
0xc5afe2355570db5a7873f340a4a92da46d7a89b9,2,7000.0
0xa10c7e3c2c32859fe685601e4c7e67943e95a253,12,7936.62
0x88942bbc8aa07263825d3a1bfd7b9fdf7cdac192,1,2000.0
0xdf6f03314855824f596c8081478a38d970bc61b0,2,1900.0
0xff95d9f318e556d242fd32e0bb22b0be994e2dbd,3,4900.0
0x0a4562529367920468467df9df657b1ae055b8d9,5,5160.0
0x9b28f5db021963fbfbc88cca90de1b54d29ba9c5,1,5000.0
0x39d62edc3f4a3413f470e2309586e1f70c8bc1dc,13,249873.10840701146
0xe730376c9ceb83f61bae87938dc9c4599933eac6,1,100.0
0x939aa9b76b6786141a28e05ddd9c8809dc7ed331,11,3227.646772253818
0x3eec611d904f7369bd7f5c08494d534078a60231,2,300.0
0x7a4ad18a54c42949c72df523726bafd1a12748f2,1,30.0
0xc0d81b6251c68e24cdc8d455fbaa3b093d1801fc,2,375.0
0xe675b72ae52629d29530c18e87d839220ad47164,5,2901.326204488534
0xc632cbc6ca24e3be79c3df7ca59bcce0b96f4085,4,21980.0
0x9254620dfd785d78054979bc018bb2c62f823e49,5,704.0
0x7e5fa1189b868c588e2d2ef1056aeb388b737c48,1,180.0
0xd34ffc0ed6e723db9f035613aec0993cb4447f4a,3,249.260466
0xd185398b9e612df49da37b8dee8141b610f87c6d,1,210.0
0x88ce4ba13179236ce420c9a2134494552ad844b5,3,7000.0
0xecbc8402a81d6b4f2dde7b2bc79a57d0d41e8b87,6,4600.0
0xf5006ce0211984d7700e6f60993aa17040d1cc04,1,1700.000102111517
0x0f48fd157bc4b4c9fe8bdfc885c53e948e026361,3,255.0
0x38a7ba18cd2a53df4331c847ccd603b65f304978,5,3031.350809272434
0x571833ceafad1693216aa2127f23cf9806fcb1e5,9,19188.6137457184
0xb43cf3a0ed07d5f34cf9a5c9b2eba097e0641819,16,8855.192343257846
0x404d0f241afdf9b3f64a2af35c40b1eec8dffe03,10,39950.0
0xfc3bf4476754597887b420bd47fa5823ea0d7149,1,275.0
0x5e122bcf509e87ed57050a5bf78ec19d55845175,5,2851.153152912736
0xac73e9ce86436644c57f0d9e939b13d757deb9c8,2,22.04
0xcc3bab298a0044cea8ea6a827c7fc3862ce4f674,1,20.0
0x777370e2dbc9608956e2e0579fadc2eba35d3f8b,3,5000.0
0x0565850a6896cca3cbfc833f48d017b71654d7d6,1,1000.0
0x6ffa1374599c62e2bb0fc8f7737d7b14baf23a64,1,650.0
0xfafacfe6d4791c0a560d7e9839bae5ae3b24026e,6,6686.2262296585395
0x9248687329cc81f040e03829b7aabf26fd680155,30,344319.6035802243
0xbd0d96cde2f0fdb4f18c2f7daacca14c409951d1,1,20.0
0xbcd6aeb5b4c9e69f418c793dce55bf673298cc9f,1,70.0
0x6a8cc3aa3f1c96b7d7eed545bb82c1c0822403c6,14,45860.03
0x79610fc05320a4aaac0f564c6f4c4bbebecdcbab,2,2200.0
0xaa11ebd17ad5f7d691af116edeb7325f3476b22e,2,253.61764051
0x6c691c95cbb0cc9123c493ab6d939fe850094441,7,34600.0
0x0ad09c5df75c164a3321420a108ce7a7269f97eb,1,30.0
0xa5de84bb238326dc320372e1e605777dc03db2a1,1,20.0
0xb252f788ca3214274762f0ea323f02fd4961e353,1,317.29598161694616
0x281281aa3accd56d015ffe807c3233f85004b6f8,3,23.0
0x3d1aade359a361c1dcfa93ac1a6b32004a37ff35,2,400.0
0xc25de3ef597cabcb1a103d2033f2ac3f5f586cb2,1,170.0
0x7bcf91b9a8c5baae3fd392ed9b6a77fd3f774447,1,100.0
0xaa76746fcc1bdc25a9d2473200697136a9ef90aa,66,2393781.671
0xefbe8d81434e5f8ecd25f7f0d1bb4c31cd92c3a8,6,656.5280996521103
0x216bfab278262272c7f7eeb91ca433b6e4b4d998,2,23.0
0x6f5ef8a8bdee76c2b7ef33e90b86575303153031,8,640.0
0x627aed8d1737d673851783619106e57afec4160c,1,200.0
0x24b370aa1d9ddde5584aa51387921dfe8f432346,10,7573.07249613
0x7e8e9da7ee5e48dd94fab46198f1b9642d27e252,1,180.0
0x9f8b9ca9ed08a2e6922b7af791df773a8130ad40,2,11500.0
0x2cd11e24d4ad4c58a55ae10eb65f2a40d81ecb60,3,416.83999994572514
0x0c4db0cd4a7afa1acf5ed2c26a0a97edca0cfafa,1,500.0
0x6736f43c9206deb21f478df4b92fef8760324e67,4,2880.0
0xfdba219f791131565d280f6749c0e73ec8cd2acb,1,21.96
0x2c44f99bdc68fe47c4a438e60d9309b33bf37839,2,3000.0
0x931dbd7001d14112d17304b78d305c4fe317e571,13,953.9972673606234
0x2e52456e4674f4e8646b062f31d650c69e706fbb,1,600.0
0xa06ed70b13bebfc95f7450c776c0bc62b7d17519,3,600.0
0xbdea3a960e14328ebe53d0769851529b52e4ad49,3,1330.0
0x0af9ead450e3f84452f86e192afc221077d78665,1,20.0
0x005e4b4887ce7bf425eb2e2c23a5b20f2bcc112d,2,875.0
0xa41d6ba6a1f372697fd3cc1b4664771f9aaaf483,1,200.0
0x2d5e3a7ca3cf9ef9b20e440131741953663b6c43,2,2200.0
0x2a99a81d777f772d8f194b447fe1c2fc143c27f6,6,1207.0
0x376caae66011843af9c323b0ce75f3152ca2faa8,2,14000.0
0x8d3a04098dcde8039cfbf52668c919f36d9c54e7,1,20.0
0x421077dce2ab4f8470ba9dc150947c57688c8072,1,3500.0
0x34435e860d2b4eb4cd03b2f2b9e6d4d62e9fc135,2,76000.0
0x5da2861f099d73dc154293740125d55fa93fbb04,2,800.0
0x0e213e8b12fe1057141ebddc93bd6cd78f02534e,1,2000.0
0xc8db67e8e11bc2dee934af09fa7b3ffe2f0c09d7,6,521.0
0xcb045a1bfefa9e6bf032b19b60e2c4d2c3d01448,3,940.0
0xc7d31652492c40a423ad9627ec9c5e9523bcf341,1,1250.0
0x98dccf41e52a1684aff63516be14f69e95e108ba,2,40.0
0xaa3f3be38aea14a3071c92f515b89367cc6c088a,2,11000.0
0xbf679ba3c11eeac98a34fe299e41c804ea2ec776,5,1511.0
0xba336eadd04ed4c7515bea42f6c28e6772755de2,1,50.0
0x5a55d789f8069c5fa5e1e2c6871e097114c9cff5,1,1250.0
0x7aa02bc608af0daa0f8e9c6fd46230c5e869fad0,3,545.0079828743799
0x5fb7e251c7a3b1920f0788277de4f5f1a4aab867,1,22.5224
0xe9dbf6efb0aa978f98a1da46feb1450a7a5cc469,3,637.0
0x6b81db22b8e7e13cace161b3ee36ddae73bfc7ec,1,100.0
0xc8e8e193bae4bdbd535a39f024684d6ceb031d90,1,470.0
0x4faef3c7bcf5fd57008f9a6dce49bf3a45544cc1,1,37.53
0x0835a848352cf4f78b22b315ba8963997109ab2d,2,260.0
0xcfe76190cb1b3c135b91d8422a7aa79c61dfa5e1,2,25.0
0x4d6136b3c93988b0a61c4e0b8fb521d78277a34d,2,51.0
0x6f29e922f5d6efb921b8cf2c344e000e40ef5954,2,60.0
0x9f5f372e7c30bf567914a3d62b9a8d4d71f69c7b,1,150.0
0x17830cdd22730b069f5d2eefb94854f67a160b3e,2,232.0
0x2e2a417baba0dd05289d21cfa71c96460e7eebea,11,2310.0
0xd649063858ec6426f776951e02acd9023c8c75a8,1,75.0
0x923748f928744f2611c4755b8f7ffb5062975a7f,2,173.0
0x392054fe4ff343589ef1c72ee1b4710a098eae89,2,196.0
0x9f1511c4a4c6e5668144555bf5f35a27f4e11616,2,470000.0
0x42d697c4fbae6e5993cfd4d0ed2c7df76cdd16a0,2,397.0
0x0d4845a783bad3247bb945e0f24dc07ef653f169,1,240.0
0xa79dff932ea1b8d3f7f4714cb564951f80addb64,4,25000.0
0x596007c6075ce66d189c71ed5d603ae53007aa07,1,4000.0
0xae4784713e3aff2aa61732c1f37f826d1937fbbd,34,531500.0
0x9ab99d6ad3497ccbc81bc5f0a4260ddf06fbdd8f,1,200.0
0xb14a3810b31c5594fdef86eea7d2922b5f236aaa,13,95165.0
0xe9c52893929faf8211de54d810811b17d86ebd30,1,25.0
0xab92b55a807da9a066ffc976afbb5181a0c2ec50,1,500.0
0xe2ce70fcd32dfcdfc8945a6e19a0fd964a06d925,5,5970.0
0x911acf4c1f517ab8fbe2e8e81e76d40ae24b1901,6,5600.0
0x1b13fdd74d300186f8e8a8efbb4c6c9ee78e2ab6,1,200.0
0xf620a7cc271752f40436ee430eb914acb6789f7b,4,825.0
0x582fde77d290402860da608d6574358727cb5bc6,1,650.0
0xd875cfa0ee1ff88057d4340cd17119219bf94c5b,1,230.0
0xcc5d86f8b67a8ef5846829cc8400cfbf8bfb5488,1,29.0
0xfd615afbd99bb01525e6070f4f3f4f45fc9dca11,1,300.0
0x85313eca76c38d4132bb5f4e09191b8a13dfa4ab,23,12680.0
0x56581cf2de0007fd13a7cb20fc7fcdb35a012ff0,3,6443.46823447
0xae81d5c21f8cb49d7b8bc75677835dc6510ba987,8,259.11910177167897
0x9c0758e5da4497b5cd8ae50bb0847918559c12fd,1,21.5464
0xd4124e3ae6aea1c04edf2ce8e5a35a17ddcc8314,2,2200.0
0xd6ab96ff787b7b53e6a840e57fa0f74954112616,1,25.0
0xe8d32eaeaa06b9e2be42b9726b2afdb68b3c8a97,1,100.0
0x789ad7a5154ff95b9f1b9503a65ace58257a1066,47,3611381.0
0x15f0bf2ed19da3c480df74cbe472d5d889c44f28,20,17405.70241787551
0xca12928febc712d87666e44a30756e5cb63ca05a,3,16000.0
0xe9b518c64449e6004a1a11d18d3d294fbeada7bd,1,40.0
0x70794287ec57530ac58a1ce52f0d8feaa8484e92,28,264550.0
0x247bda58d5c90ac8b7424c5ad570cbfe5b00f225,1,24.0
0xa55159994fff9bdd46133b3b8122ec838c6db433,1,45.0
0x0fb10447cf48d38673d64a34c8c40f1026649e08,2,819.0
0xba5a1a9fc47587bf562e162ddd0efe9f17d4e84c,79,368437.04179338
0x87667b7a3e54cf478c65907736e579ef4790b482,6,3615000.0
0xeed3120cfb8137aa3cfc88998a2dec1e5228947e,13,2487.457104949264
0xd702bd09ec636fadd43555588f73f0fe9edb9747,1,20.0
0xeeb85afc000a57baec3f13aabec1e929f88ca4ac,1,20000.0
0x0fe8240b2ea9c3f00580fa1ac35784a19514bfc5,27,296406.39567941317
0x056b733f7e045cf4b7e007107dfb487dfcee3821,5,160.0
0xa30941dad8780f20ed7e71bb53e01b7bd76392ae,8,5000.0
0xf609bfcd70a8acfd71beef2983003f709ac3a04b,4,4415.73413952
0x6f7a41aebda175c95b6a2b51c2cc6f96fa60b700,3,62.260000000000005
0xcef89973da78e9a36e7e49e62219517a6919139a,5,790.0
0x6d7bec25b328cd47aa9c710ad531d5ad0a1b7c09,1,2777.0
0x076355eac6d080c59be86f296a96ccba21b55c2f,6,8100.0
0xde4d8397e7649052019a21b26a02634338736333,29,1019015.0
0xdca468874d196bdb65d97fe094f965c16171bd77,1,60.0
0xb9503f548b8848a7b608ad1cc862a8df59455e15,3,71.0
0x9f4dca24ddae6a955fb792c4431a4edb8c07f4be,6,5061.0
0x3beb45a6fb79627647865057cf99849e910216eb,13,4490.0
0x38f21e97628ea9ecf87bae798d376ab635bce3e2,1,250.0
0x155a514d4bd46f73547dd373e76aef3ded91adf0,1,70.0
0x17152a2189155358c3dd59300aad27adf4b5c1fb,10,3957.9480758600002
0x5a3494c7417caf67212ffdbca905d1292278cfee,1,1300.0
0x7d6a6655689959030e87036398323888160472d3,3,796.0
0x4aee06feff3162f74d990d8a0da6586b629f109e,1,700.0
0xab382dc7eb740628525363c6586727d512fd593a,1,20.0
0xa92d61021b8b3bf0a1766df50aa25af9d0e52182,6,21325.0
0xe6bd353398e0077fbe9de813c59b5b3a87c43cb1,10,1600.3925550244817
0xf2ad7d9db123aa99c6d7ed2bb7b074e74a3e9f12,14,241270.55
0xeb6ea003e781146160cf46123fb443e8cf9ce116,7,579.0132163375999
0x6ab49dc0093842eb36ed91709c4187115ec727d0,1,50.0
0xc089717f84588aced2439cd2643ff0dcd007f28c,6,2800.0065635990804
0x4cc7db1b76ae8cf62f55abfdd0cd3b3baa038a21,26,320433.45
0x18ed1fbe01fce76436d49dd6449a08315d0e0777,3,5000.0
0xb02a3673b8034cbe1f1362e0826fca7258bb090e,1,1690.0
0x7dfdc69b4b697dff0db08da10353c6e14403c763,6,123600.0
0xed01f4f172f88abddbd37a8dad69a71e61ddb30d,2,1221.2146803946198
0x4291ce6a9fc7e19bedca9ba51cfb56faf2a9f25c,32,84533.79703507
0x777614c1695dba6a4d9a56cf103f00378d49e723,14,294280.0
0x4f4243e844c492ebb937a65d4bdb7a0ff38f9e06,7,5115.0
0xb22bb0faf2d2849bcc4bd804ec33b23e2d34b7cd,1,45.0
0x4802d1138529da07b19eaed6fa24a9c8c97911b1,11,36700.0
0x37d7b614a6ed46a4f46489e2e65b8a8e768e9c06,1,3900.0
0xf486e603f0cc4531eea39b3fbc76ff47e9c69068,11,12580.0
0x845bf59b53994152ad0979694fc086c0628e33ae,19,7877.928983147229
0x2e176ea6ede45a89e63e9f4971e2c7a7dbaec45a,1,1700.0
0x6bf629de625b445aa10b7a6b04afd47059da9bb1,3,1190.0
0x763a2af470ee63f9f7dfee0b2e7cac446d9a7a13,1,94892.66693908704
0x3663842c84e58bf9f5a7453f99e67ba8270f365c,3,4000.0
0x2e9c11dee86eeca1ceb894d631dfb55f4594c85f,3,1052.22848501
0xfb0de803029393ee3c727b53b5975c8951acf210,11,5990.4866999999995
0x788c8924291f2ae1259f92e4c31ad4ca3414d60c,6,24000.0
0xcbcb2711a432e8a973446a4b79805d216b24bf55,6,13400.0
0x3ba71b0865792d831cade21e3efc54c1eb9d1a58,38,787948.3224
0x4dc7aaef1da79dc1f3ba7de467b4cb9af10144e5,1,20.0
0xb6578a47d2cfe095689d9fe508b674c3ab0cf641,1,20.0
0xd110b12d082a4dc23be442e2ce588d603456deb0,26,28278.454200879998
0x9e4ce2a83d4e6c1e5271ef92b8cc07b95d7ca0df,4,76.48391034307858
0xb7888f73e406a3e6411f9444575cdf5e717cbd55,12,16797.0
0x50a21780149a095daf76d7696953e3d53aa6d358,1,3000.0
0x5014828b0c075c9de529605f9e3de4090881daa2,12,105000.17205557085
0x1811322acce8a11a4e90d00133fdabcecece7cc1,2,600.0
0xc7f0cd0c74e982a48df476cba5464220ebed0374,9,281.5871199629028
0x09285c244fd2b1526eb1c5ce7044dcc957d7554f,1,58.0
0x641b1e4a629b636d80f05a15a0bad9132a2c0f5e,16,4081500.0
0x141261383ad4c1c114adbafb4292b777c9b5368e,5,9600.645895144953
0x1e6fcd12ebefe1c8baf6f4a3cdde0474cf271f72,1,2900.0
0x68e662971308718e41753e8993e83878be7c4469,3,1288.9027621577725
0x23f91a22df178fc75ee7f18046947ccfaadf20e1,40,155500.0
0xef633e40225f7e5d97f188ca2ea964543cb17665,5,3897.0
0xcf0ee12ff209c90c1ae227e9997aa4e01657965f,1,5000.0
0x43638eac3e7206db9e561c2701b04c47d7359f33,11,1660.0
0xf6c3aa2b0150143500bad5027c1bcf6d1a1e1e84,2,102.0
0x78628bbb597fb7f51568a3f41ca9e9b45ee3d35b,1,57.0
0x431c50e6a1091a713800d06acb4301bdb3970bb6,1,30.0
0x65a3269c006cebb5cd5f9735834637dbf721dc4a,5,41500.0
0xfd68022fbe1c83e3ee71e13d9c79d6c472b4256d,2,1200.0
0x20b649967a17fc96c4d9862a1534b9bf3735c3e4,3,59.0
0xdd105c5a9a86bd2818b910ee787b902728eb42e7,1,125.0
0x43191ef240565d935eb32d35be9b5f3a642e8233,1,20.0
0x4413c9480e9d4b058b405d828de40aef360a04e6,1,50.0
0x1a7869475dbdc81cd37975205368b783b6a6e1e4,3,1330.0
0xb6a7da3dbe8b81c92dc2b5a91689a8119ddfe063,4,616.0
0x751005165c7bd5fbe7f9daef30895a658abc59a3,1,20.0
0xf7de0aa6d0c944b198d0c3523fbf0a28ba6c35b0,1,20.0
0x0dea4eb4d88ea968aa8c839a6bb3aa7a2b5617b3,1,20.0
0xb3f90bc289c75aa700e001b09858a3b9a2d1ddfa,1,1498.71
0xe22cb640cbf38923ad2a7c9da7ee9d757771af21,4,3420.0
0xcf17bbe984925740f1c4e17a0e475afb85825375,5,209.0
0x15a4206f2c6d437b1414181eebe4d7b585a4a386,1,20.0
0xf47b0a8513a6820e663e882a534829acab36d2a0,2,50.0
0x0ba5e5fffebad5c83178eebd13d649e591b9bd3c,4,3740.0
0x3f9fabd18d959473d66775c408267bc679dede61,4,67525.0
0x8aec9b12b9df139c80ec5f2c2bc306435b3e228a,3,475.0
0x6e1ecdfbb9c34a4dd15c03ac04613c3d6986048f,1,100.0
0x18d3f4d16f6fa9095dacd675f2f67ebfcc46a54a,7,13941.9660187
0x7ad5d28b7a30e30e54009613c5a441b67b152d5c,1,50.0
0x09489fca495a6fd6cce1c7800e2c0b6e0e0ca127,1,20.0
0x78c7e53365abc084352b783c99ef0dc6fbbf098a,22,86055.92399047001
0xdf6a29a5d056075ed0792c3e24a5d4194206817c,5,1880.0
0xd6d0b4cb4a30f81e7e83421ebbee027addce115c,2,350.0
0x19a6993342cf17bff37f919e4cbd7b58397b5725,3,801.19843206
0x21d297466cd1954a57b7b386e8d8cb55efa719e6,36,62674.89
0xb59abb35610860e92aab89cc7e887f9364339e38,16,789.1920842627178
0x9d254b320424746224b20ad20e99fdfde7b5a454,1,107.925
0xaec54e0f93164c08f9f9ab0145a557bb98cc0470,2,24330.330768710002
0xc19dce784cd04dac22d211564b2ebf73338d4f47,1,1600.0
0x5a733f9f38988d151a4cd2f483009d4612d35772,2,2969.0
0xe0d5d6234df7a4a307e36fc3bf28a720fb12a9b7,2,4800.0
0x30da6d246777ed3ca199e343c7900419bc39b885,4,1620.0
0xe1c4042ebceadaa5e256ba45fa9a811738073e9e,1,100.0
0x4447f142982ca41d7d5d1e3848de992527506033,4,1010.0
0x2233d4fa979e8521dc3420ded036f65afe83f751,1,25.0
0xa959e21ce583fa7556e8a1f2bdf931592852d8cb,15,789.85
0x9f1ff07598a55dde5a5b866bd66bf45bcd5ef79c,48,1723022.4211307112
0xc1c2309aaef5987311b440c4013949f62aa2c6ea,14,11000.0
0xf28d2dae75f88a79a6abfd47147d532962ba0893,1,90.0
0x199c917ca26c491afabb057afec56e1a3a6e05fc,7,33850.0
0x0e05b454ccc99c0875eb3a579cdba257f906f449,35,227356.64806682
0x30509d63408d5db17812ea97daf76907a9454ef4,1,6700.0
0x78c260a81b65e9c91d39f1f66eab945090b1d29b,1,100.0
0x6d77f0fa5fe27d53c6e388f7c048125d3d76f1d1,3,133.0
0x9fbacac0dfd0a17fcf0175d1f5b24fcae136995b,1,20.0
0x2c97b191b767ed56d9118d3f2374d3583d8ac689,1,100.0
0xd9bf643432799b6e2f0491357bbd9da2860fc24e,3,1030.0
0xeb80584ed52b977c882a59225e63ec396e25c737,2,30.0
0xdcff20588579159b8921204a86558858b4e8c320,5,13510.0
0x26f128362cc0ee46ee92d60700277d033dadd852,12,9745.84
0xc5cbaa430baea0e793f1a51f6fe47ecd5a14ec65,3,800.0
0xf44706bbf58623e7d0053eb86f066e5c47a0f506,2,750.0
0x2e20bc42b3a1945db3b5be4efff475b73140899c,7,1138.0
0x9c5d82e4582f95a733d6b990a291dc39e298d82e,3,4490.0
0x64cc1a72b6b6c933887b485a1a2569ab37abe2a2,1,3500.0
0xed73d90b1b556618c1a3e6fbbe991839d63b4dec,2,2301.88
0xac52d10f36510e2fd27de2e96c2a1e982d806e65,4,2352.0
0x06bb351b2aad90af00623c25170b184aca638fe4,1,150.0
0x2a9b7a6a9df644e69e30e929dc52d9a993b12a01,1,20.0
0x3bad35c2646620806ef4d126755eadcdf3944aaf,20,316379.8340262646
0x98385e73b102e69256f1b48bf8a3e16b5de2e235,91,2317.360758131553
0xb231f169b5c5690f3e6dd01e19cc36d154d81960,1,51.0001476561139
0x40e2f143c82c42cf4836df7f05b41c8e62d9b8ab,38,16836.97826563423
0x73d06a876156b3eaf192a33731bd54cade7ee210,1,20.0
0xb44cbf0a5a7ae78fd79c90623fb8f40799d238e7,1,10.0
0xb625ccdd3aecefa7ab9a4b1a464b406313ef626b,7,529.0
0x5629cd7383e8f93cdcff9fee1499f5555f8bf25e,3,101.0
0x747a1a89cbda1a0c3a02f6c97fc2b08ad9acd798,96,1315425.116298553
0x55130945914c29f9f995e89d429a5f77fe0bc188,1,50.0
0xb015a5b17437de9e01fed0e02ffbdc71511c9506,39,10926.79784386584
0x48380ff4cc9fa2bfa62075c0d707a4fbd6154469,5,761.28855602518
0x1bfa20f96957b4d74f6b0c947a3469e66fa6e594,2,41.0
0x49de67b02d71c1820ad069521b74a5f3e79595b5,1,20.0
0x4008b11b84aa6695b9aded31bf19a0d2db25ba2c,11,2880.0
0x87cfed06935126727bd46f0075060f2ea44565e3,6,39849.0
0x91d8361c8a38887b8aa5f48e89f6e49b6508f4be,1,20.0
0xf2f7617db7e3873f1859c59edb001bf5304effd6,4,122.0
0x759f272003f5af6affc3dff38738b25ec1afd7b5,1,2600.0
0x5911c750b70bfd0ae52e0dd9bea6d93b861b7741,6,870.2670819800001
0xf0a3c286ba192e3bb92d56cc94cd9efab9cea242,13,13125.0
0xe481a72ed372aef7a384d549e4cda38f12b0b407,1,20.0
0xedea1a83fee9d61184e68c3f5989bce6a122adbc,1,20.0
0x6ee7338bffec8262b47d40399d94a31553c731b0,1,130.0
0x67e294dd1679611a08eb1f8b00f409af1fcac3c9,14,19740.0
0x7915673b859dd9af8b3a0c999ba0e6bc27fa65e8,1,430.0
0x9f1ea544fc2395c7fdab50e125245252e9f2ce8e,2,1305.0
0x9a7d9de7259ad0627ebb12b3a3f2562edcd9a614,4,2732.0
0x9cd3faf5a91ad4971ebcf156e08493db1462f5a9,1,20.0
0x9cc6a241aa0056c90821d5f62f125f3bc3d7e65f,1,1180.0
0x6c0f4955f87d58ac6b674822bfaf8015bfecbf80,1,700.0
0x6e4b215e83b5205c7d5a2973678d2a9d50313e69,8,34140.0
0x149e3ddf969976051d390e6038cb9735af36cf7e,5,35000.0
0x2368f8a0de82644cb7c2bbd267887aaa1fc20237,1,27.0
0x4970d86c25605d57efc52bb928c99d07804e94cc,1,20.0
0x88f1e975471ebe186e408cea38ec94af6ae77724,3,2570.0
0xd39cc1d4cc45abf5d0c1b29d7aa18ca7bdad50f4,1,7000.0
0x2833ce215cdafa2138abddb0cf754bc19c11f3fe,2,297.0
0x6cbe763fd6a3a2d0a3ccf4259c36f41bdd11385e,1,100.0
0xe255c58616fb67b48b142e3893ac2b7d7a5a3f9e,1,1500.0
0xa5b9925b36be1017d0b947ce61a20a84c5d610a2,1,100.0
0xfa60c697fe19a0dcdae878adfd2d725a00981ef3,1,14365.72230435
0x237a47ddb2b6b63969bda6d03159d0e131ec8ccb,1,70.0
0x743f1c0fec33f1835f9a08b2edaa9371f8e79332,8,40050.379230980514
0xc81ddbbdc2ce751b63069e1c17029aff5ca2023a,3,30000.0
0x0a758ba71751f7b45f6fd9c0c53b333cc97c5765,1,140.0
0x100ec7ea282371001c0e9e0989a60204d7cd2e02,1,600.0
0xb9f15ee99188de1834c1489941b7be9547c59b09,24,310750.64
0xb6e5d2070e6a7df67a3fe913c35ab9a7a14e17db,1,125.0
0x2cf8567c1b97cf693ab1dd5702114e0c1a14863d,8,219.8299838868088
0x26dbdb92af83b4090a54604cccb69b1c13ace90e,1,20.0
0x51fd2ebc19b250ff9a3a526d80cd12dd10bdce81,13,55660.0
0xa40e0bcaa3d741c5b6a02ad295d8080dc4383eac,16,22479.0
0x9226aad916b13aa81784085f50b7f85658b85af5,3,870.0
0x8400e1bd2392b1a867a1ba050a312bf63688ac70,4,955.0
0xc46316be1b80bdf3398739fc612b94df09144242,5,49000.0
0x63fcdb65f330082d81843c07183386a87303631f,1,63.0
0x30ccbb99262b98a8bb6cb36f9709aba67c81b45c,2,26000.0
0x1c730c63b60cf1c93f7f902ce0c5e23f58c55663,14,70311.0
0x555022215ba62976cc55ca28f1e96bb0dfceb5dc,1,100.0
0x992b71075144c1cb5e036a3b85ffa4fb3b15fad3,1,150.0
0x7f659447b6f4a8eb09d6ec3db0403642dac9ada9,1,30000.0
0x973edbbda130239bed461bf01aab673ea159a0ec,1,715.33
0x47fc64ec4e7ad6803b3f0823b1ac699b66d29b6b,4,520.0
0x38698192ff8465d255a3eee8ad3209240330cca8,1,2000.0
0x35a69737e9ce6c422ddf32dd72c8e73860c56c1c,2,250.0
0x073822a282ca810f07d6058908712097f0468269,2,30.0
0x3233aa4a7837fb8885bf730daf90bc674b458192,1,180.0
0x81ecdd26140e8fbda22f8f2e3ed8abec2492b05a,2,1800.0
0x7b7c741957e8aafb485c3f5de78b324b7ef3309d,6,189.0
0x0edaaa2fc9c2fa7c13da190692d3fb5a8841770d,1,135.0
0x04ce40b7e42f880d5096844f98e4e4e81d3daf5a,22,73502.130181
0xa8625244c38342e695107e4590923919366c02a7,21,16613.0
0x125045dee0f64c4b73ad41ce8fa2338e07878088,1,1589.9441884896912
0x3796ef3356f7966313ab7cb48308eb6585250e29,1,53200.0
0x0eff4d51e65abbad3a0c4ac1be047fc16d06c8c3,1,75.0
0x4cdea48d5a693bdfc13dd0cda87b0af7251dd22a,2,40.0
0x5ac2849a9f1e8edf48062d7564188a69b1f19c3e,1,1000.0
0x5f116e48199013061f7d8cab085fcaf7025dca22,4,60.13105119702033
0x606e09b464a48ed50188e8347b77329b905d7c73,3,226.24570914
0xbed52be375f1337fe4b2aa0c9a01a34b39eb8822,3,226.13662749
0x778fb5106faafe8a9de0fa43efd5bb5007b097bd,2,2550.0
0xcee8035bf24af0760e0d32ad6ab972131c3305d1,1,100.0
0xf26388f2798cac086b27f5dbcbc497a138d2b546,2,628427.4113495033
0xa8c494318ff91a8f20becf9f598624cef73f08ee,1,50.0
0xf852b55d7d7f1964da347069165ee0af72ed8ee0,1,167.0
0xbba11b7e2977a3996cfb8452d9ab98c14dc29cf7,1,120.0
0x2145f14f936fc6bbb5c907d7cc1c85a155009536,1,24.0
0x4bd0c2b8e3c3f102b5b97574dabfe28c3a7877fd,3,1543.93096189
0xf595efb9ef35e976cb4bef56b18b041b7228a802,1,100.0
0xc857f70a9ac040c44bfecf64329f151dfe496fe1,1,2100.0
0x3e4f376224fe542ab1bcac4a14561d5de132e625,1,200.0
0xbfdc5432e42db15fb085104f65f56d26a8afbcb7,2,2255.0
0xa04263674f9bae095959baff2bb98533754fae11,4,673.0
0x44876ada8ac4de672423090830e8d93e7d0c81c8,33,597122.2005868823
0x0ca06bb630d57bfb7e62f8ba8e7be5a1583a2bbc,3,8035.0
0x5fb7b7ee0f31089ebfd3b228e5897dfc8f60978e,2,5600.0
0xcfc591c7f60185e08a84691e47ac0477e2baf6ca,9,26100.0
0xb24a0b4351efd1de33dc76745de337ca98c77ef0,2,560.0
0x17721fae63073a9ccd0c8cdf9a1a803fc335a443,2,170.0
0xa992a682ae559ea73eb91d84e64f81378b2d1619,1,3000.0
0xc32afada99a9a7efb52fb153ed4bbdadd62bb4fe,10,334437.0
0xbbcb85140242517f8bf23bd7fa15b8bdc48aa61c,42,108060.0
0x929498e72a04cfddb624a66f547e5f2d9915e2ad,2,2114.0
0xe4d84cf392a3f6cc9faee9f12a5d895f0368bee7,1,4500.0
0x6d21dcd148cadacf917aca4c0af49ebd92cfd1fe,1,5000.0
0x475922bbaaec20f803ba21727d121ff5a8471935,2,6500.0
0x93ba21ac7adb1b49ce97f7d9beffce201c2873c5,1,69.281168924
0x8cfbf13d76c8535647821af6136f3bfbc397ec72,1,2200.0
0xf3defba1487ed405217488d63ba575b72fb20154,1,1100.0
0xc09788993affa42a49907cfcd8b2ef2dd991252f,1,550.0
0x62b22535815d0192e8845d23e099a6accdd3a46b,2,1800.0
0x75f62ee253d2358100133cccbfa9fa2fbcb15f19,2,800.0
0x5827df12bfc3eed27f4c596037e5afb68342cf09,1,191.0
0xdfe983485dc07e61da1cc59b058bc8c759d38f4b,3,17612.0
0x2edf74dbd5f7ac74573ef5b6f5324e8131bf39f5,2,2700.0
0x8c0b49ca99ac22988643de7b55892deb2f2921b3,1,150.0
0xb2920c2db050a65fcf93b99936c941e74de049b4,9,4883.0
0xc03bc1907fe826f803a236ef75ce703dc6f985d6,1,36.0
0x3395f969839eee3c8f645ca8d22fbf797285e0a6,4,870.0
0x7def897788cb61f93937fe99819f2bfd0f155e7c,38,259131.0
0x42a451f2eb811e0d8a4948776abc9cd32282e7f6,27,176360.91650862078
0xf2ae2303c7d7a7b5fbae4a969e5ea61b70de3922,5,2650.0
0x6b8f3a266bc9ab72190bd4e458eb277a0b67af67,2,317.0
0x6b33b4fbbd78dc43ae2c48959f185b31035b6477,2,201.0
0x8d05a80a35157ce9c9ab97652839a920be2a8c1f,1,13300.0
0x11738956daac6017b29750d68ecc3d1fdbe2b88b,3,120000.0
0x9f38a315a267870bcb0ab9e87f8df1c326d5ad76,23,228031.95880074904
0x9bf53d252e1488100021c962980e308bd14c0200,9,2288.90197903
0x9224b6d698bbdf581571094660bd77a672886070,1,165.0
0x2f762ea3deee64ab883e79978af8c326879b85e5,4,5782.24930327
0xe0e0cb4a24fe9d546a62b5f2694ddb2ee787e491,5,25920.0
0xdea5487616647e2a34c6da3124dfa5f720c5e0e4,5,7280.0
0xead0aef823036a749f0069b04f1d0a07eb4d0c94,1,700.0
0xb8fb7e7a06e891e7bada8da465d48853ef2d8efa,3,5600.0
0x6b11ebc2a0d3d3c5994f596d56fa909b868d54db,2,150.0
0xda3ceb9b6c07c73464402190eb705b8edbf300e0,9,164.73
0xf180df5f6d1baff96ff8b87f265a387731a13ce1,1,20.0
0x261f46b9ff8f7790ad00d6dc82e1c8639d21f924,1,20.0
0x1d3b769dbd4738dfc566dd4ab311fc7cd2c658b5,1,20.0
0x5c6ce2d8f758b31bf16239a03f6ae3beb60f9fdc,1,20.027
0xd717f2991bc3931e750e9cebd975303e3edf4365,13,152650.0
0xdd5ec397f3511eddc779b9778d81482ee042fa81,1,30.0
0xa3fa2321f3f4e1eed4a8fbce58f33632be99e14e,1,20.936
0x3538c41bef1d774aa0e37387fe149d55c2fa7fba,1,20.0
0x7bc47ff497b12c056e997403daa4b0755ad8edcc,1,260.0
0x5a1292677096b11e0a4c25b5a96a394be4037b86,1,6348.38
0xdfd4ad887cf344433892b89516375b094b1f47b2,3,2300.0
0x9c65a45e0effac759d92c07400f580a20cd57b9d,3,1550.0
0x3ab88e8e7ed9dc38083286ac4151b9193fb0eaea,1,20.0
0xa449e07b61b08bf6456e01e72964ec53f71b42e1,1,20.39285393597549
0xa2bba3a057e308c8cf201669140a4c73d662b325,1,3500.0
0x0fa8da31d1cdacc1bfac9b2a9381c3afb87aa3f1,2,633.31214738
0x7d4da6d85b64a07e2dc53f95278943e6023e6128,6,138520.0
0x791870ed3cdb1b888a4bac9f97e22870bbfb402f,4,11081.84
0xd43fc1d77a439e7d831317d65cf57aa4e7c7feb2,1,20.0
0x67182eccc8d4fff1adb6e4f3dcb31053f1059374,1,20.05403645
0xba75fc63959fd75a33fba4d5c3f310a94847d41c,1,30.0
0x0f191dd2a47a9bd5d0645aa937a1e04bce86f42b,2,21.20853103332933
0xbf41bb74ca6fe12e74ac994bd7ff0622b454fbe9,1,2630.0
0xfa340b50565c4509e06b3ad047b328821a1b93b5,4,53.1068813619299
0x1b81a5483e00b2155cbab205f4f2003d7782642b,1,40.0
0x627b7400c1da4a781317edc80145a5e6f96bcfce,1,1200.0
0x7e8b9e3c6bb648d15d027605c917964b43765302,1,1000.0
0x2d8a0a8b0ad014ea41d83efae82268cacdacba6b,8,12000.0
0xaf6207266f63ce1a575d631f0b8a5b2fb5ed29dc,1,200.0
0x4add5f671bcccb12198819a7f784662e3d17819b,1,130.0
0x5f2b7aa542d9eccd099417da20fd89df859db5dc,2,700.0
0x2de043e724554472626ca577526aae48398b114f,1,20.0
0x8678f811f93ce3b066b6a37076d5146c153d3e48,38,26924.40654174
0xd94268b225d3e96a69bd7c7eb8cfde70b46aae4d,5,842.0
0xe230aabdea5c34d45a202462dc37a324c33607c3,1,34.51
0xe6c2a1469477ad4b75780061e60bc81ef5cfde67,2,220.0
0x2e5e315913142a6707a42a6a8dbdb6c661c4bda5,4,970.0
0xdea0cd5d3b5af27598bb7965dcbc9af1c58129ac,8,29600.0
0x206d47d5d0e855b71684faa12461247787f22d24,6,115078.0
0x373b53fdbdb0307a108b7fe7db0c02e5e1e3dd3d,1,20.0
0xc4ab3d7e648d25a1e1af77c2e21bf82255cf463b,1,2017.49061104
0x09c500a9b294f0574308f93ddac5deaf84edacf5,17,95655.5989432068
0xc037eddd6e383a405c6b52e5a5a7652ae29e66b9,8,24820.0
0x6ed5b65ef60112f792cb97f187e9a741ada73b2e,3,115.0
0x82c62900f13e78d1e75597882d95c342a8fd2b99,1,20.0
0xe776b3197b8e7570727acc09d7a739c321006eda,1,126.0
0xa07fb029117dc5ef70ff239bfa9be2c3a6fdfbfc,4,4250.0
0x343095af6b286180a8877184f01a3d3961bff103,4,448.24465086
0x25d307e2e947777fea9b2f70838c3a6c4e792afa,1,300.0
0x2f851434b87ff9d78a5e9f7f01c40e0d95028056,1,2000.0
0x0e7ace85b4c64f1ce26ee801ba83ef465e4ab1ac,4,425.0
0xc8f4a5e91b0959c137d1c61d89f7afd5fd0079bf,1,15000.0
0x2f248c53213a835b3953b2bfbac6fa146e5cffa9,1,2000.0
0x9cb1e73e1a986be115808e173952521ec7257d3e,15,21448.0
0xc4d32e4b6dbb29002c3a1db6cfc4c4bce2ca5f25,4,2792.0
0x0c952a6149b925caf7ff1617feaf15d4514cd5e3,34,55722.0
0xdf308b73123f6d68c0fdc60e70d7579ab8aed9de,1,70.0
0xd0d90a86b9693b86026b5ac45f1245de6a461cb6,1,25.0
0x08068c3042a7bd34e81c77bba52d9c2db28da8c4,1,65.0
0xc399e9a248e9a42a2a563126f4fec6c006f20786,1,80.0
0x2336f73d1cc18bbd2ea0a1cab27a2e384a05ba6e,24,43325.619999999995
0x36954bb9c85fb0620d337d44ced671ec0e631a7d,1,130.0
0xf3d5bc30ba9b325a13ad3f229396bd9b4c9a842e,1,23000.0
0xd6d6e1209e760b45fa25bd64bb8d590c62d78a6c,1,102.492
0xcaec200d00c694cea8ce2e8ab92a044475f9ea22,34,134806.72080519624
0x5a98c835e040beadcc526c234511b7a9cbda004c,4,898.83329481
0xf590015a9e57104d256dba82f3cefa9ff0a901de,1,139.0
0x14d2c224cf9457577ceb7043ebfdd4c6fb8d45a2,2,47.0
0xaccdf9111a65a19c204c0e52231882c349e013ca,1,40.0
0x02066c8523c81ec873582b487e4f2deda4993f3a,1,450.0
0xe045d07a77efb73bdf42e2c69b495069427bf22e,25,23701.12
0x704b4bde36a99a9f485820464f3c246666e3b56d,15,1880000.0
0xcd64ca7faacf959c43487ea8b6d46eb2f9345a28,3,235.046
0x48efdb34310ab707b8e56ddd2535c73a36d6e37e,1,21.08173792322168
0x873403f4477d7640e7cbf766d34f2339646cd726,1,8500.0
0x12043f800d3d464fb1b2efce861e8c2ca1183ff8,1,3300.0
0xc1f81caf4d4c28fa42da2ed1cc64aa1e766e4329,1,20.0
0xe8aa2a97ca9df92e9b80738d0e9b61c323caa4f2,1,1300.0
0xdc89fb89fb279b17853331e83891ebc1bd89d7a3,1,550.0
0xefa259f210285bd02d6c3ef79ec0085e86f13114,3,42.43482
0x6f9c4169682f59d6c40c37df7c45cbca55bfe1e5,16,280000.0
0xe5b968700749561698819cb79802ad702c2b5152,1,100.0
0x1d33499b7b593962ea6294fea917f44b1b98d198,7,7801.36952242
0x899d23ec2c4f24403abb9d3cd0ea346ac0d80ae3,2,18670.0
0x1f08135a78ee458ec3cfdf3d8ca755dbba572aa5,2,285.0
0xaf8ccaa3c4872ad1a936508c7a2cf21a90b2bb54,5,8899.0
0x2fb887c6b7f7eec6b25d71e987ac778f901813d5,9,7722.0
0x5f1c726718029bf12b592b556f07b2c47071c768,1,500.0
0xde53e3559868acbb4ed2b2ea50a9f84bd10b707e,2,32650.0
0xf616aa79c86c3eaf754a8f6ca946860ab7d3c171,1,21.0967584384
0x0e14971b16adc77894ad6cd756e5a88483e53c50,1,30.0
0xdcdbaaad3a0f428bf964f78cdec5ed9a3bbd3394,1,40.08384103296
0xf7076e4423c3ace435dd043cc955fa158ce4df2e,3,1000.0
0x25326242267441e15bba65048396ea2335106f8d,1,8000.0
0xb8717ecd5137f4f8f21a2dcb52a74a93461d10a9,2,120.0
0xacda1727a3494a6591abee982201a49a8c3845bd,1,20.0
0xd47eb7c07898a24fe64f9a4e7cae4611b5f75e0e,6,802.0
0x84b1379b56166617f0f3e70172085db6fb94ff36,1,270.0
0x5959a6b8afaf03485acd122bc1648342fb2ae2a6,10,7440.0
0xcaf1a5483b5f6910a2f069c86adf23a3559e5d6e,1,40.0
0xfe1cbc6689bb24f9b1774248cece8a75270aac40,1,180.0
0x137edfd1dccfaa75465f74ce6acd6efcc1fe5014,2,790.0
0x6f170b080e0aa16b37c68ca3d46cb1aa1f5663d4,1,60.0
0x740098def7df8938bc6dc9e5b82954af5ec92882,8,36872.3
0x8066dfc38ae66ee76c15922ff349f0a72c14e68d,41,73255.13306594017
0xa4b62c19c30bd4e9f69be71f6b370df24ace152c,1,30.0
0x85766bd358a5eada6d0c30f938d09163c77800e2,4,2550.0
0xce07957ded2d71274a9ab88418cb933ad739f2d5,33,345194.63302025
0x329c44cb6269e579f092eb52f29bbb3145b72258,1,20.0
0xf7ebc0b3bfda5d9b7aacd3ff543e8bfbd8faa8c1,18,6045.0
0x520dae441671693e58ac543b79d2d05211b349b2,3,43.0
0x1338cbe9f36cf640119eb621cabeec149b1cc8f8,1,175.0
0xe7c63cc02f1c466d03e2265d87d93b4d5d01e484,7,3983.0
0x5c7ff6dd030d34f7dfd5d8f21fb136abf7b92ba2,10,93000.0
0xb7b75b72ffab5636e97a7291947a0050edcc3cf3,1,250.0
0x2f8ea58b3b30d7a03b622ca29ac7dacf634f291d,6,615000.0
0x45816c6b6dac53364bbb77015e90bdff12d4a6d6,1,1550.0
0x1eb3fc09698c5ef468aed5f4735b9d027e553eed,2,51.0
0x8393716f4aedc1dbcab683930a229c53f3d4d24a,5,136.0206081583121
0x8728474d1054500f8fbe7e7321e7a5c18e49bbd2,22,12510.0
0xb52b5ac40684723d6e8945bf31915f1a79b4228c,1,50.0
0x673eb5a9f80968e8b1991c43a35e0738ee7a9b11,1,27000.0
0xe764b577638b65acf616b80a099f9b17c1ef3383,1,100.0
0xaa9c3bc2358a19697e862a3bda2472b27d9a2549,14,100000.0
0xf9d5a6a507ab5b234b5bcfd23db28d863e2695b7,8,2700.0
0x9705d830a93d08efd632f0fd56dff6b8846e45fc,1,20.0
0x1f5ec49e8d2b1cf32d1f0436154cb36611c9b17f,75,465624.63504434703
0xc233b191b7525997d1ccb053da21dc99e45a2e0e,1,1000.0
0x49e178fc2f483e5232e8701c36a496f9ca411faf,1,20.0
0x5b164b76a4ce3f73783e93d3cddee6c8b8f4e5a8,6,578.0
0xbc3b5fe4ae6964f6f9671c7f5a7c2eebff9a8489,1,680.0
0x050057b5eb2534010c3712605637d9a1b20d14ef,1,2000.0
0x40be5c5cf120e43528d89204c60484df32da0f91,3,720.0
0x6c4d216d80d8b19179dcc28ce662368403d1e6cc,4,25020.0
0x41d6906c1c5b8040d87a22ea7cd97bfdd3ccd797,1,3000.0
0x2c0e459c07d84468999beadb1ec765130c884e45,4,4100.0
0x11b916271d365f54ab314251dcd7628f4ac55a3a,17,72447.47
0x248f79e025d861fca7851f1d26636dfee6289a79,2,60.0
0x7881722a7d5baba56e7b330a488800f89277f5f5,3,252.36233333333334
0x60caeeb005e9caa61c3ad9ca8cd62c70d196d77b,6,200000.0
0x6d2012a49e5c6b72f79778f81cb58f43d78f2adf,1,20.0
0x115f4f38f8affe311c81b7f10a3b3d893cdef598,5,4868.0
0x76f9e3764cdc39867d5d848ad25f20f2186dff8e,6,486580.0
0x1241d73994b132a94051f6a16b54c80da56408c2,1,50.0
0x3e8b2742580e356372944d3bfae11e44654cd887,27,7383.0
0xf1b3361b97a14e02e576abe2ef27cc6cc2ba8010,1,10000.0
0x295277888bcb51a0691545d99fa6e89414115842,1,20.0
0xcf65c01b0c849df11e80821de28d03e6d5632cee,3,2250.0
0xc7d2439e1e5acff92afa32ab72300b4c2b3f021f,5,2700.0
0x384902a7ae37332fc9a45a29b62b6fbf1d7da3e2,2,1850.0
0x19b8c1e53aeddddb80b5bb9e16b96007a78b0800,1,468.813
0x4a8e9a02ec89d2020d546d44c9e9dcd836811ba8,1,20.0
0xba098a8e47f2f89a273afb7efc4019b190eaa4b4,11,64800.0
0xcd417d61ab800a4939f3631689b62f4ee459bc17,5,20000.0
0x15b44107c9ca94f103bc01dffaa612b715433872,1,65.0
0x67a4d4e7c3413921095c5176f462693daf109bdb,27,2518745.4470243175
0xc414fe880f40906250304ac1020d129d46e4ca2e,7,43.0
0x46dd9e87838d5f5690e3b1554dcff86735f4d205,1,20.0
0x8e328f1fe58114290aa6a46d6777f7bf5a8ef9ce,2,991.61
0x89b64278db26b76f55f0769814435315db728b34,1,30.0
0xb24a8e12dae47faa817b9ae811467ab324e02ab4,1,20.0
0xfebada76b6c97ccfe47e75063092fb71d8a34a7f,3,11500.0
0x9ae9fd85abee35da081af7510a97da03da25f501,1,500.0
0x34a2dd0cee85f951be61f6164b453dc2c32d123d,4,585.0
0x39f81ba27f0115f9b829a542583ecdae47fe9577,6,26605.116173280003
0x6b83e8fe7986cd1f1cceb63370551644c287ae93,1,24.0
0xbd13a47683f004ba0e9b1e82646e4144b8c50dee,2,30.0
0x4b73d641d22f36c9f38a9f33f953ad25c964c758,1,4300.0
0x2d64e7de9997eab93b6facdfad68f4af860c2af5,1,21.0
0xb878a5acafd266fea56beff390f0afeff0c7655f,1,250.0
0x3630b1641a7c24ccb3a71796df65dfd35137e4ca,1,160.0
0xca72b19b99bea56b2a0eb6a450a3cbc6f0cb0f2a,1,21.5072
0x0a72105914b5cae66ff2e5f449aaebcd21a061f8,1,20.0
0x20ba2a156a5194d98f564e81a3c14f6e610d8507,1,900.0
0x5fdd49c1d867963f4f1eeae75165fab79c4363ec,1,1100.0
0x49a86391d627491fc9893e24bd923f3241763427,1,300.0
0xe2db25c890839f464557cdb005a3d9a5ed06371e,1,90.0
0x7b2a1ce653feab56899fd80a8fe6e9d2b3c5298b,2,136.0
0x3733c614a7975c09e4f758ca3ba64acab5ea17df,19,10356.0
0x8d04be528cfdc9a213d5a07c6d6e21c4d2c345a7,4,443.0
0x9ef2f218f64ba9812b0ce1b8eca03bdf7d627a60,1,260.0
0x6a9d86073ff7da4d4f943bd86163c81fea257fba,8,1254.0
0xfb18d1a2cbc1c58cb0c96ae0ea1a2cfac0aceb1e,2,87.0
0x352bffdafa1fd1785a5f057e43f6a530d2fdea21,15,6864.0
0xe44b58e1de24c77482c7c8f6f04fda2e621c293a,3,70.0
0xe9557906f95be23837164c322f070130c7fa7b45,1,105.13779318871984
0xbab0706a33268698bed38de16a92bb34b5ff7e4f,1,35.0
0x620c0a9ee22d8b8978f850039514ecf18b3140c3,2,35.7
0x1dd5f138007090140aaf7e8624a0439ff1544657,43,25622.69500858624
0xe07d2e71348314932973624e95cf5305ec88e887,1,215.0
0x43e4d4f01b5f83553e1664c4766c4969acddf0ba,1,2755.0
0xb2fa5cfbd578e720fc2e655dc8b1e783b1e6ef30,1,100.0
0xd8a4d16ffef1a059d946b5dacfa98edbb60a75b2,1,100.0
0x2e2e50489579c17977d01892bfea22c9f1a04630,16,22767.3031615953
0x690f4f59ea42d868276e86749353f294418447db,4,7553.0
0xdc814edea2f62ba9b78c5510d8083ee558931ea5,1,1900.0
0x8440bd23c6193d6d5226ea0439f03c4f125cf3c0,1,40.0
0x41c0e5a1d63a1c9cb3af8027bd4c809285398adb,3,650.0
0x3d177ddc070852ef955fca16b19622bfa55d2d18,17,5433.0
0x44420d87a5495317bb47bfeff44bc1665a159c18,1,20.0
0x8751c2b5bf501e366d54cb9d043bc17603014f71,4,1100.0
0x719d20e54c2c8be9b7abd113e30b48421f27fe04,2,125.0
0xf6d0b894c060a126231753d8d94096a0a18fe26e,2,175.0
0xca98edfe1e1b3592d2567c3c573cf0da4a218cff,2,560.000172167368
0x4435e0301918c00dda68866e0603d008b53395a8,15,107989.65921903489
0x88557a6adc34ec1e34953a34e4bd1710eb920370,1,50.0
0xcdcea3e01a639b00bbc0045ba7dd7fd6089996f3,1,20.0
0x4bffbe397c54fc813d8378acb2cc805d12263316,10,14500.0
0xc13c70bff1a5beef3764b52b1dfb4861928b9efa,1,900.0
0xf0226fb601b9e6d6f77f25d7766da5088c6e8a79,2,70.0
0xe713b1071b9b897ccf6827af5ad542f0a21a89eb,1,20.0
0xf6a018c8740ab2b976f5df397e2ce0672519aa78,5,2930.0
0xacf40f0c6b8558e167d1c6e1525d476441720fd0,3,684.04665162248
0x1b3eb40d6e6d99d85a799ff363c77ec825eb48dc,4,1504.22515486
0x1cbacdde00c4d3295c42ac2254b03cd756a783db,2,41.0
0x235ab01623feda83a7065da07a4644e6a634cd52,18,2333.474951975701
0x07b1e311270329721d1103b942f67a020bed2c4d,5,5420.0
0x305ae9c4b8f139c70d0ef47859acf242a6b91c92,6,600.0
0x168c9a3d6fbe6ab5afb73db1429d71f926c23493,2,25.0
0x8777db481d97d9e421a02fa17267e0361a8d3bb8,4,104.93
0x38a9e07caa388689a00017b8d7487d3856cfa7a3,35,38990.0
0x4fba1541b6e4ef5598a1f30c8fd52e4f49342e3d,5,19000.0
0xc1d5ebbdd1d3c13b77a901b373467f5c1fd11da4,1,50.0
0x72fcb226a4ddaced00135fb22b07f2cdfc681b90,3,2770.0
0x1d424c3cdb91da46214efca364abf1d63f599eb3,1,24.0
0xbe9c411b608222a3b27eeef99e3a898aee3d0868,1,100.0
0xb5a301cff2ffccf6c02ed3df7689ce7c4df5a7a3,1,100.0
0x6e709951abfdb2a5e28fd73c726887c64addd814,22,11705.956186613892
0xb42d0ac7b473cfdf8c563f76df7bc816e1595f32,2,529.94
0xb57bd7a57145ca4cbde2de85a40c00bf95aa6b17,5,7125.0
0xcc44dfcb6f0c7391e8f5b884bcef9743549b5357,3,1192.33190689
0x59bbc80b279209f0d19ee0142e855285f857932e,13,4740.0
0x486313328cd541ef5ef4e5f1b778893870b7e55f,1,400.0
0x2ba04be561f51dea6cca9c85ad79de585a18d059,8,262.0
0x9c9cd886abd06b88e3734472e0ef64dd75442e2a,2,1425.0
0xea5627bdf9dc26cbb0082f21764e0ed56fc50d9d,9,3190.0
0x2d9c45a688824ffa78f19c166013e2b7dd48739a,1,50.0
0xcd8c7b2f62989395a7b9e3827d00fbe2ddd56e6d,2,28.0
0x3eac52fd6a99d55a1dc1a07d3ff2f454a80b8c52,1,100.0
0x24108238ca655a473e1496828eb60f75eb98720d,2,6100.0
0xcf7622d0ebce0364af4aa8584a49f7d23116f60e,1,21.0
0x91687dac59160fa4a36259a5701d884d823b5c11,8,5370.0
0x77467db14e4002e0ebb9eb377b4b000459b63fdb,6,157000.0
0x418b97d56af67b8fcb9c5c8463bfb6dc02496527,3,15000.0
0xdcda8fd6558a9d73916585702af572946a8b88c5,1,20.1
0xb184abe6cef52076d5093d2912e7b194a90fc73a,2,22.0
0x1c70b5ab56ec92cab75f080b52a04617a9abe40a,1,100.0
0x5c96baa011eb5bb901f77b8f1ccddeaa75b8c78d,9,2645.0
0x95c0436f47e65dac4356218921950833842c8c80,1,100.0
0x294acb2a60ee0ed297d065d873cbadf207364e64,2,10000.0
0x28aad8826c55ecdcdba6ba804cc5a154488f9c17,2,3700.0
0xc16a42bfa7aa0b09064fa4e405d19dd35294a03f,1,1300.0
0x4c41aedd3ac35bfecb1fa33fdaadc302c9c58e3e,1,500.0
0xca5d963ef8a1bc643cdf1635f37b2277aa6fdbbe,1,1263.30756
0xd72e9501243d49ada6e0e834d9d5d7ba34641a77,4,12400.45
0xbe079d9df4e9fd4109644f01b899f45e6db59963,15,491.0
0x30e38a01c3d08c3957a4a8a5654c70c5b840891e,5,2926.0
0x7edf7591f7fc4fb42c9a1e87766efdc0972c1456,1,268.0
0x7c3049e523efc8a5c73c976a378fb5b482e58369,5,321.14921230771995
0x60527b6b804a1371de49f482cb636b89e4c412d6,3,7200.0
0x1ed1ca5311c6bc072af01961122c363da28517b6,1,200.0
0x4a35829b326a0641649a891de6b764804bbc783e,11,52511.02643264
0x00613d3eeff1d4112dfe60b23cf72e4d997d655f,1,260.0
0x9cc02b1fa9a5e8d7a27e56ab5af4f88dd108f805,2,2750.0
0x9d154189dda21beb850caa596c01205c47bdf765,2,47.141
0x95e4d352dec5412f8206392679c5981483f6c85d,2,44.0
0x6f6c7eea193dd6b6087ccc9791ebeb5c6c25924d,3,140.0
0x4bf512ada52bb359f50ffa47c77848af33cf47bf,1,250.0
0x39d32156bca7ee053d94bcd440d5eabde42f0156,2,340.0
0x99eef13587c3d760ec3cc1277e569a2870b1f6b5,4,5678.947305548154
0x2449c4e67ef0334b5fc1882955786c7e2665ae6e,5,36100.0
0x63f264b01ae08a48408e9081216ebc0dac38939a,9,66260.0
0x02498c5fbc6491bf0954c9c2d328550aecb7acd6,12,177000.0
0xba57b304a6dc0cc807e695d08d14ccf71ae3f589,3,7600.0
0xdd28bdae376064f9b30b5057ff6b6d3fd0d18bdb,2,17600.0
0x6315b2c9c240ca2f2c09edddc3f6173eb44dba6f,1,111.0
0x3497c31b43f1e3b125a22bddae2dd39b574d3017,2,1450.0
0x74fa8469d10a3224b3d5f7770ea437d6d8d45529,1,20.0
0x2a67ab9743f756bb9cf1a15eba51eacdaa795dc7,1,20.0
0xde8524228ec7edf48a42b65e311b13c30dd6feb3,12,7045.180384830001
0xdf81146676cd694ddc1c2d4ed85f5d1bb0c4a15e,1,900.0
0x378a8843b3efba8aef0e167c0b93235cc9740b1e,1,100.0
0xd9eb9ab540bb773511f72e542ad2e457aa6d6179,3,750.0
0xe1f32dd9ceae596a69ec1b499acf2b30d955a460,7,3943.5387770253974
0x74b747dcfdd831a21352c42276ac9ede2467bd02,1,80.0
0x36ce07a93cfdbad8cab86c31668a66757a74d838,2,27000.0
0x66d5c1cf4aa6941250ba47192b7dcebb6a9ab957,21,9531.716696965961
0x1f5ee25a7d0959ce87597e0c55fd78775fd894ec,26,196810.0
0x8a72c981db5b466e4e8c10d41f8fec18bdb8d34e,2,725.0
0xece9d332c0d3a3122cdc919d87a3cabc208f6093,7,385.0
0x4275606195b25b3a01602392ba82ed1a8d133a50,1,14000.0
0x14b9348eb2ca1c33c4c8357f82c22251e2ac4eb6,3,1110.0
0xc60890bf8a4d8a914397f000bb2ae8f28a8c4190,2,430.0
0x7e3b2907f5fedabf083655276405a935b3727bd0,9,14350.816165435615
0xb88b0147bbcb4e1e4c0d6bef956f62ce8e7126a1,1,20.0
0xdab506b00ad04611813e978af2184c294a8271dc,1,20.05403645
0xecd70eff3d0f11b68cf1b181e41f02b6f5f13eed,2,300.0
0x6549a6a0b055c5d9caeea7c1fab0db9790056681,1,20.0
0x703e1e3b9e3f9431a5a1ec2be928fae1d472ddd2,3,362.6
0x03a550e53118cda47962e35cd60eb4946d9944ec,1,5500.0
0x34b29e6f4fb39417aa925ec4a370380b63e37405,2,750.0
0xcfdbb137fd0ef764e2b15598e2a9d114d223e182,1,20.0
0x35f503f58021c50d2ba92bd9a4e3c4dea8485a64,11,56771.0
0x5d886e9ffa9819616d1a36095a39bab2ff6f2780,3,208.11740943376864
0x3fca7f2f5784c6ccd61a49f318c4f8c2cb75d77f,1,400.0
0xefd91912840bd3336032bad66605c1a9c9eb2091,1,670.947850548
0x563372b4b96de841d3b788eb84197ed368036fcc,74,897102.82936596
0x28e686d215c55cc1d0449a0e39a0d494421ccbf0,3,430.365081616
0x7d6ebf70edba6c7b23f855dc4307df567a81db3e,1,17000.0
0xfea443d6349bee0fd4f92862aed1a94232976384,1,55.0
0x4eae4c4194a79d47026a620f715a7eb414e2bc11,168,8112048.0
0x20e24dd472303621ad4eb987e26a5ef2c7be582a,6,26200.0
0x797b00cda0cf00016b44adfa4b2c1431b72cf15c,3,5065.42
0xce344044cad45276676bdd47d63671abb7313c1c,2,40285.0
0x1ce54cc7fa4854de8c854de094a5c2cd1b69374d,4,525.0
0xf6a878480009931d6e5d36b2b80a12248aefb438,6,2610.0
0x74ee0fc49929ffef9c16b56346782291724a7035,1,20.0
0x5f61691a87d8eb1a79c7e3a90c79a66501b0413a,40,39639.86
0x8233d88e9a1a7dabd3b7da43adaff1cafb509ab8,2,2560.96015644
0x622a4858b20889b85e1aad1afa31f6fa70deb196,3,470.04534325510514
0xc53937d258489017cee57f7fb267edadbc440fbf,1,800.0
0x1032e52260c8d6b617e2ad9e2612994b3b2d94ec,5,26001.357196639736
0x29c3adeaf8c028cf1188e4022ea5d2a8e56ee5bc,1,2000.0
0xe6693561f5e808c0b3cee0c535b70bc60b6b57ad,1,10000.0
0xdd43c4e0c7ebec5476a5e9797364c0e9d72928ec,9,40200.0
0x68a7f74f7e870fb95a522d297a4d749305b20598,2,80600.0
0x4798dbd1ea6eae0d5c985c56a26afb48267224be,2,3000.0
0x59cdcef9bf0c43c1746e5c54e897c612abc0aa41,1,950.4
0xff9f3d1fc474f0c300df161424faa4b9fd062bbd,1,1350.0
0xe01039d7a779f1cfb5229f509cecb11208a2899f,1,350.0
0xb1262fb05ffb87311b295ca55695cf5503fa1d29,2,258.0
0xf377b02c2e9aaca04d8e94e3485d61f05bf2b317,1,140.0
0x8cf3c78f3b1ce8a310f3985b6aba68d4a38eaa69,1,15000.0
0x67afd742a17247acb4900a5f80e9741bfcd7b131,1,155.0
0xaf0733c3d69878a692ad3f2e093d2aa45429e76a,2,3600.0
0xc45a0a7c2636b672bda7f26554cf21895b3977e3,15,350556.65
0x1265c1b92e6b897cb2f4146a34139c64ecda34a8,2,28000.0
0x463f68712038d7089c624c17ff7080cc6037ecef,2,133.0
0xc4c3cff871fb09a92cf2620e6693d80214da668e,2,460.0
0x4c8731ce07fae47c5ecb520179680d8bb3cdd5f5,3,6364.864342782762
0x30e708d7eeddc20e455c6f20c612986f165fbc3d,9,142840.0
0xdda27e1b2703f88cc3c03bb6abd3e3434cb1f6a5,1,2500.0
0xd65a86a2ae45df6d58be36d9ffe4766e9bf82456,3,325.0
0x63ed080a67e14329b8e988f1e7e1f10cfc85de7b,45,1343878.3434424154
0x0240ea688793e113bb2b5f5346c166aff997e419,1,1000.0
0xacb5237e409b286b8440f8a2eb0c0214f3932a88,3,1435.0
0x697eb72d3af6f831e2af273e6a7e76efa613ffae,1,229.0
0xaa363c9fbe52f99b32e7b09bec001e0a12930da2,3,750.0
0xe90ff62c691500b7e5d7b9283d08367d67b0d98f,13,2400.0
0x2ca4428e2b0abde85f50de8a57a5c1f138144c16,1,20.0
0x18782d01fd12502b35e58c52f7a2db35e8937f9a,2,1366.0
0x87a20b7b51ab3eb46330190ca4bf0d04f442791a,2,700.0
0x3991ac71e613557a9428493a4cf35e6487f00e4b,25,1006746.961955753
0x44ccafbab25e6e0a2d828b7b137fe8731688f659,163,13504867.0
0x8c4faf3c73229d35812c0d59820582b2e279e3e8,1,20.0
0xccf8891d260c7aa8081f8745dd2e1871fd495ce3,1,18900.0
0x7651536fecbe05298754267a51e605c9ec125f37,6,354.73902000660087
0xb756b8f3858db4cdce1adbae56d5730af71fd0d8,1,2600.0
0x59e735b548e14dcf01bc9ed904c1d3aadfddf2cd,1,20.0
0x557afb4964ef55a9c546869f6761b9d9db84a1bb,1,20.0
0x05a2b434dc9ac1dedf31d4a1b1f5d55f5fb1ac42,1,175.0
0x4e64237c329b342a8cfa6f12577afced4bff8398,7,22594.0
0xa0cfa63bc9edfbc8a3b24d146fcd651eff913744,7,1300.0
0x4e178e395d88b1d476e63d723e018fbcb0918cca,3,1800.0
0x81aa6d81c5f47852c6182c929af6808dfe7d93fe,4,6572.0
0x01fccbb2ab90cb90bbfa1292c154bd23c7301c31,2,16035.76116143888
0x22835cd73a13e79ec3d09690f158c89bfe9a65f9,5,3200.0
0xc3ff2f96d0042369f395090b4134c460abd9dc73,2,4000.0
0x1118921e2dca75bb9d7078e304f259be6c02e0d8,4,50.094
0xdeff941a01d3beee66d3adfec69396c84aff8f8c,2,1525.0
0x51499e477c30a286ec5072747e22e26588b477ec,34,6567.0566
0x083a8fc6288eef92b0af799d98eab1b171bc6cdb,2,40.0
0x53443607089717109540dccef7179fdb3fc66912,32,172800.0
0xbc7b3f73be41062f77bc7f1609feede48f1ca9b3,3,139055.0
0xf5bb548db81fa3013c41ada8874472aeeb442977,2,9618.058
0x2b2bd149a1aa4da02c15281fc178ceceb176fad3,1,30.0
0x054007658090baf21d74332d1b849e8a822f2c22,1,20.0
0xd51fb676790c681829b27129a842d7cd5a3a4ef9,2,25.0
0x2cb978a29fe986d282871dfcb3786b435ae396a2,1,20.5
0x773515cbada751eb146fa39df9e760470a7ac0c3,1,5000.0
0x3b7ed2e5a0d620c2d46ae7584ef835ef918d8910,13,52750.0
0xab7cfd3ddcc7b10c371b2c92fea38cab05d12cef,2,1065.0
0x67371eb3fd7b70895c849bbfe663fd9336cab314,1,40.00380682725137
0x4c0f13bd643d64d7a4ec774ee834d1d6500ba50f,1,1100.0
0x32337de8217a0cd0a8ab21586c2631a3a96eb25c,1,400.0
0xef8455fc9ba47a8d5dbd609cc5d820d8e38d9d66,1,50.0
0x13fb116c6a8046c78403ed667f1254d82e8b8ac0,2,1700.0
0xdd4cec92407afdf7a8cc331c0ec65caa1ff66255,1,2300.0
0x252431fd7393f07e44bf8266ac02351c1b44ee13,2,680.0
0x8871f2769aa1670b6650725a8e6c473dedd76b5b,1,60.0
0x93e75dae8b46b405ed8323d699d7e870aaef431e,3,1346.0
0x8cf4314492e4d5213c9fb17574ae063821639e10,1,200.0
0x4bba4069036e424f2ae9f625010326e7032b7fc5,1,100.0
0x993e1610bf741bc897132875eb20544c81c53527,1,275.0
0xef594b1d284e2858ce495ec3e963c803d5f7d1f8,2,272.61141028
0xaf21a09ab3c408a7aa87610b6f9537a7920aec69,2,340.0
0xc193d73487068fcec1f097654669861b96a16559,1,350.0
0xf02a05b1fdb8c8007161f0c5d8d37dfc619112ba,4,17290.0
0x9ef8cd14098b829a300f4dbaf22efd465b2f59fa,41,111582.00039316883
0xf91b356bb93e26b736b1dcc9b0a404480fc5464e,14,4008.0
0x094caa84ea32bb940a3d570638a878933fe40d39,1,500.0
0x4a4ba6c5db329e58460331bc7f062b2907431032,8,254.0
0x8a3562ff0dab05c1260461a1e2ec7887f62aa1eb,1,774.0
0x0a8ef3cac1658f84bef71445833c75af9be75fe3,4,670.0
0x08e2cf5ed636fab81f30893987869fd0f582393d,1,75.0
0x4c3d22813e4312ff1e4e09d7a56e85dc5a22c30a,1,100.0
0x66d7fed836fb854a76a4b720020704cf26db34dd,82,1473361.380437745
0xdbfd54f577cf304d0d92106383b96632b74588f8,1,500.0
0x5349ec43da6ebbf7021fab815a588d018ea84b55,1,31.99945640396968
0xd5dd85fb76dbde16ae87cd515bf8f1021c645c20,1,500.0
0x0fe984b1dd99ae2f5bc71492d5e6d9961a85ea6f,4,9500.0
0x2c5a1528c51d35fcab8fe33098ea5b81e14cb5a3,15,39800.13964405048
0x4fb28af475aba0ae918814efe0cbe33fbde8ebd4,2,10400.0
0xa89882731ce6b2a76fb71c9417e7ad40effe5780,1,20.07
0x51fbb259929568d7d0694d8720462dbd432b5c10,1,20.07
0x241a544b9a1896a5692cdc047e601a14d83261ee,2,31.0
0xd80ba74aec844e0c75db6b175a5e1e7ebfd1466c,1,3000.0
0x2d2387c581ed85817ba9a4d4a914b6254a4f6f44,1,6507.974232364128
0xed303dede9e86163e02c00969993f8fd538f03a3,1,522.0
0xb50d44b633e84b243b7745c2b54e21ded430d4e5,17,7490.0
0xa43af82d4ef6e34830d460f991937f374c80c970,2,200.0
0x3953b475fee86f171f4af5b918ed9e0d3245da8f,1,3000.0
0x6456ab01e56fc40ac94b3a59da477fd2484adc0f,1,100.0
0x7ff684a77097a77262361e9b896b7d7f7d7eef4f,2,42.16
0x9c93b56116df5461070e30b47b0e4349076ba6e0,3,320.0
0x238df5483703f09614471367fbcab9d6afb67644,1,25.0
0xf0b20ed932e7afcbd7f0196386c37ff94d59803e,167,1631530.828342463
0x064b92347a7f8ae09693bcee389dcd386e9aa5fe,1,1200.0
0xf04decdaca00bd1f7967125165b23322a3b2baa8,4,16090.0
0x4841c6c8a21ccf022114b64dd807d886ea2756c2,4,69500.0
0x1a1017730f09d520b26c2d4dd9f7bd42e357a523,18,38697.61660106
0x43553b3a724092852872c842331804db637430b3,1,20.0
0x7fa3d775a40909dc08e97dce34714af7ae1e7603,10,59381.0
0xd91f27ac73f0a4d6c317a17871327e25975f5397,4,1480.0
0x97f31160d11bbb9855b63e75de2e2f4bde510214,1,7000.0
0xe31c6c17f233d5e5ce1bf0cb77f4e392ab5f9ca4,1,2300.0
0xa4da10e50328f46c2e06fae151ce35c86ef9cb67,1,20.029
0x53f7e86936d4d274c484e32feac6a4628d84dfeb,1,1100.0
0x768756d7c011c57a9a6f71bbc88afe3bd2bf3379,6,6530.0
0xf72be393aaa6818eb59cac00b4e1bce93fe9fed6,25,103.0
0x8ae416d77491be3d6aada1dcb653fc334061bf14,1,1350.0
0xddf9dafd6b6c6490f6a813e90e6d0926b3da7922,4,575.0
0xf12cab07557d4387fc1d249c1b53e4c13a38e00c,1,600.0
0x11a602a305cd31bd39e86755a0318fded3f7cf66,5,76000.0
0xa2d2f13f7fdacf1525e0069b675a3a42ac92f8df,2,100.0
0x7670cf55ce69657c308f017e9ca06480565b410d,3,3700.0
0x173c0fb838095a69876c78524c4d8ccbeca10817,1,169.0
0xbdec3c57ae0433b79d9ef1a968d68ee818f104ed,1,1500.0
0x7abb647acd433d973198f2c5c3ef4691115c5c7b,5,2776.0
0xf841b31528fce7daa130c1437c09a2d5d2b47e29,1,20.0
0x9016798b340745f216579cc7a2fd771dcc46b089,1,27.0072
0x2563688febfea870e1ad92a2005190e46b94c44c,33,3285207.0
0x997095af570459774e938673f55dd9e6ce351eba,1,100.0
0xdf00bc3d66860eab2eb67f3b0e150c16105fd46a,1,25.0
0x7a1ec1b46ab5f3672c0dd65d2bb4779d7fc33770,10,12481.0
0x7a49db7c4260592b93c4c0a9f8f5bda757a19dff,4,920.0
0xc126da2042d2816c7e96133131dda3e95623318b,10,14230.0
0xd704f787db15d25e1d608714b1797dfe1f621396,1,200.0
0xb3ab0553bf9022435d031506ec8548421fa9722c,11,2265.903413884
0x87891aef9d72445e0afb39efc8121e44c40598c1,5,27400.0
0x032fb7c07ea4f22bbd4ed376759c0a2276505a1a,4,8201.0
0xc699e95075fffc17777b125d7c36aabb47862f87,1,100.0
0x8288ffae4c690a8c603371e21e38050034c81d65,3,1000.0
0x2826fc1ccdbf1ba909db8c4727205de14644b3f6,12,8800.0
0x7e663c004fe6ce8eb602de7633aa93ae17af2327,1,350.0
0x5501c61ee7cbf654ed0099939571b9a73095d395,51,45552.0
0x11f0069e4b504f91ea514658a427e123367a39ae,3,66.0
0x6b1fe8e563a6120468173ad1941e44dfd5cbfde0,2,1638.5367807552
0xdcb7f7571216c10a6bbab6ee0dbaf495ed32b6bb,15,96758.63643
0xa676e0f41b2c613a7eb141e9a6732b0ba561b176,2,469.274087318
0x5492991018cee3bd6e1d508dce83119315095d5b,1,225.0
0x89c230633efdc9983ea69514f73f7c58ff459135,1,495.0
0xa7c61d90b20045a1db11cfc4d358a5bd154be924,2,23299.0
0x4b84d85e5d9e7b12d6423f2f561a39bd8eba7fb1,4,10669.628759562273
0x1c92b40013d0fef10cd777e66493ac2be1eebcde,1,70.31
0x7b3b9eb87a8b12854807f556a3e8a2cf00c28ee3,1,22.2
0x3bfbcfb832d830a9c4a56722290a618c620ec8af,2,2656.70092788
0x4456c8a88d09123118449990013651a734c678d0,1,50.0
0x74751a34cc16189e0efb4cfb3aec88e2135bd9ba,5,776.01
0x64a73aaeee25500be588b56d5d6220013a0026c0,1,181.0
0xb2572bf29d124bf2d766f4eb7243d9bd25403ffc,2,600.0
0x4c68d7a9b2e63b5ccdd86fbfafd9d7a5da6f6b47,1,4550.0
0x15677928c07974cf76d6df64a4a1676354c68c56,1,400.0
0x2200cb43024b681cd053b31fb63749142687f878,1,13975.192372272752
0x632ee6216ca8c5e54732fef4e1566f69cd8de692,3,1350.0
0x7931f19b64af3f8e7ac9748ab8cdd4ddab9b50ad,1,809.658
0x5d70dbacc8dc279e5e6edb646a5064130b344f51,1,2339.012
0xe23a06e794ca66803c3de56a63b01f43b1b80606,1,180.0
0x4bfbdd7725ccaffd4cbea743cb432bf820becb61,2,90.0
0x1fc9173b8cb87bad895f553550ca255e094e58ac,1,400.0
0x0bc92df7fd2fe510aa5b601c4e9fdece1f7624dc,1,180.0
0x690d8a6dabfab5898b2c6b1b26624a23f499161c,1,90.0
0x48d0eb5baaf780977c710a062492f3c395817cc0,1,20.0
0xc5e5724da281890e9bbdf4d30ab31a98ecf4ea58,1,20.027265661236864
0xb1e947eb1388745fa7f12f2967fe0e8ba198b1f4,2,1619.0
0xe013492e541ab8f3aeeed62b0fbaa73c7222b982,1,44.0
0x9257ee3bbd08141d351dd55c04561ae11666e093,6,250000.0
0x5e18833f5da099ad9818decab764a546390e47e0,2,220.0
0xabdd3a31933e8008407e7c4be1e84f7d4353ccd7,4,16000.0
0x7bc881d74d75073830d05d5b02e0d2dbd96edad8,1,20.0
0xbc86bdcac8d35d761efde2417b72b2fc71ff5baf,2,300.0
0x86eec3efa7ece51025f7bef972cb5f368e5977b2,1,600.0
0x6d96ee31decd121c0dc6a940f608553f5d5611cf,25,364205.0
0xdc6fbe10773e30ae41c7377e41e9affdabdf52b8,2,5000.0
0x154fabb6bb7d790e069177e01bb0508e39f32d84,1,100.0
0x0f41c262ba1553149ee525bc2a5606c16a304da8,6,80000.0
0x05613a1af3ddfed2edb2b304ee158d61897d7eb3,1,35.0
0x305ef65ee7dfd9bbd9456cf879c2218efaf7a5c7,9,16146.0
0xc2741508779de0ed0639b5e36eb4af6f145e8e95,14,48080.0
0x01e15b4b688ae360cf7f09755f754b50655ea33e,1,95.0
0x09b0d71338f28830145e6822ebf9f96ef092e4cc,7,17710.0
0xb01ed8d0cc6ec9b513e7a1d91f04f68a31a9598e,4,6700.0
0x4319c87d67c129e87493611c10dbd16b9b889973,1,14000.0
0x17c36494ac9cc2c65accc2ec56b42155478a1883,2,50.0
0x6c60cf3e415d54728795d4eab92f0fff33dfd12d,1,250.0
0xbaa9e7cf31b56203e1a0a164a28f12fe0daf6de7,12,3813.0
0x2507ff48222803b60249cbb1d8af99368f37fa0b,1,400.0
0xf147d41fef8c605bb92f9f1e8658e54d257953d9,17,483490.0
0xac43f22ea377c1ad829e994ef4c248e66790c776,1,25.0
0x165d1a23231e16b7e46b25d1a5a00ce3dd556853,19,54080.524790380005
0xf8a712dbf728d973dacf1e7467a13293f15f2fe8,1,90.0
0xf65f9cc08a40d7a3b8181a2fbafd72cc8768fff5,2,2000.0
0x3c4bf50119c8871f76fd22aadc818c5c28d35595,11,1656.0
0x501835a2164864254a1e17bcecd2acd6aeb4c10e,14,64500.0
0x28d813d142ab7106064c533a7bffc5b5a9262bfd,4,7900.001833422764
0xb78201896996840cd52d771d7be04dae5ad601a1,2,1500.0
0x917d0e2489c0095ed80a25f0938dc1a655f7a18e,1,60.0
0xf4fb9d2e31a5563878b7670fb2ad4aba65aeb4db,1,25.0
0x861a8ed1a3faf54b0f713452198e716f53dfc111,1,50.0
0xc4251bb065125da26039e69c244cef91ec62f038,1,25.0
0x2b97e61e3bd3e09bc589daccf36ed9b59a59469d,63,3730520.4558568127
0xfb986a02cc3c5cc25b12257e2d2be6156de9ed2c,5,1275.0
0xe8bf9df5b8f95a5852c49a7927fde13b815dad96,1,171.776
0x28b2b57f01d0149a5da329f1a2da9978a1a5e95a,1,2495.224035590009
0xf7069ea5faba859600fe625562fbafb74cd17ac7,2,115.0
0xb2d3fc9f45c98134e39f29a06d19635ea34e7384,3,689.4084272428585
0x4af049482a23a997e4684976bd4caab8ff75df27,1,185.0
0x2bac2d7ecec1deba5193804c1c185026ebe668e4,1,90.0
0xc5080b07f589446eac7d72e2dea0d0c288107c45,2,59.07
0xd2d078e940603d5664a72075af779f4f97383313,1,670.0
0x4f49f3c738fb1897de87210526cba41b0b5759b7,7,924.0
0x7cd541c284147cd6b16aac6cce4c8fd8f602a132,2,2190.471050336
0x820531168eb8717366ea026a65f1a673046c1c99,2,8020.0
0xf17be964fd6acebb916b43614f40eb852edbcd7b,1,20.0
0x1822ca69d8a662c818b413400c5222648fa439fb,1,50000.0
0xce50fdb83952bd6c1af4eb0f8a0a4ed23fbec050,5,78.0
0x5ad8d562c754f436c20587f26f431077ca5f1765,7,63030.0
0xba9156a7342d9598f8c5049a1456dcaa5efaa4aa,1,20.0
0x4310a8288b5af1e04dc69ab20c016474b6a2c9c4,1,20.0
0xcf63409629013a8ac6f16a9c09916e3477030f34,11,93920.0
0x37e9a33d8d8374a75ac879acdf22f8440c050667,2,1610.0
0xe5f72d5d621a2ccda6d7bd35df0e5670095ff4b4,1,550.0
0x4419e40e9fbab9a73ce22d114eddecc3433f8530,1,25.0
0x66a1c29d04b4dd96730c565a71ac0aff4db7f89a,2,2940.0
0xc2ef7676ce319c381bf58b378f659c84c0d2d5e4,1,20.0
0x81592e26460bbabde3e9dab646bc7ec2098d753b,10,110089.0
0x8470f7f66953cedacb64ece26ea26163e703417d,5,1820.0
0xb1dc16d868e86454872ed43910b350f04b696831,1,20.0
0x30192c2e09ca548e9d59546e5776d3adb820ce5a,4,438000.0
0xe649aeff0170b5127502fcf5863a128536577224,4,47000.0
0xe9695d27c0e28a69eccacc888916e4b7b7e50dae,3,1825.0
0x855232505f305cbd940a195f7b3fcffb363b5865,1,1250.0
0xf605a321794001cd7e5b7e3e56905bec07ef2146,1,250.0
0x1c28a17143778da2d8636cf2b00cdc2dcd64b1bc,4,2000.0
0x950331bc7275db955abb0e86a4b6b1a2b84e8def,9,24706.594189329477
0x7cb510effaf6da25b6ec208f007dd4fc5b2a5ffb,3,33.0
0xa637e777592189e6aa17a7850cbe4f7d2529466e,15,24001.12362908927
0x8e801131043f363d823e4ced546318ef16d2adf1,10,8200.0
0x44a2604b72ced08ada99c72cfa8feb8c0747a98c,1,100.0
0xa9e11ed5e3b5bef80a786fe7632bce1c6694f457,8,2889.86
0x0481984976780a8b80a5d901ae27eaf2f3eb1c09,1,2500.0
0xad6ac19ade3daa41f693e84c90bc971e98142e9d,1,25.0
0x1fe4466ef84a03e653fe390b5997becd8c665d89,1,80.0
0x8758304611300a54b22b59a0e86a306f39c3a292,6,38300.0
0x5ff568b128f0c4532bca79cd27b8f76a6a1da6f7,1,100.0
0x7b6dabf0ef2cb03d216a95889c410a5680489a4f,3,1300.0
0x0fe0a2232693185d140e9969e943626b74dd82d2,3,1344.964
0x09a24a4c58d8a01bf5014cf890bd095592f652a6,1,2.0
0x51de02f0f890f8d32289c29d994e05ce03dbdf93,13,811.465
0xd4af6d3b69a9cbe2e0b1b6dc1d0813c3d2320e6c,2,76114.0
0x1a3723369562b219523a16c1a688ab6311e8e819,5,29600.0
0x69083e9b19ee35e9036cbc6c6c26892d8a8f43d4,1,25.0
0x3164cac09674c457037ee4b8471bbf468c7ac0f9,1,500.0
0xa8a6f9bd7b73d0ce1cf7a510a57d8f2280e8711d,1,20.0
0xbafa7c3a9c3450a2d2e9f2feab05bef11c49ddbd,1,20.0
0x97f768db091cb433b4b9630c082d4fca05fd2c30,1,20.0
0x62ce014e5cdd3651d55f75f98cec6fc780ebd7b4,1,650.0
0x9b6bc635a57797ecf4a216f743f77699093c2eef,1,20.02
0x98aeac8d046dfdbba665a2b8c7d74200812e7024,1,20.02
0xcab1e8ead207d96f2c8ce86cbaa03b28a52e369b,11,7595.0
0x8b2d83faf48417e886cf25fa933e38baef8a2691,2,4550.0
0xc5236c0528da2e54916a24595679443ba8554e5c,4,805.0
0x803c8a4d67fc4cea5f9b5a27e9b1de9b9b04af60,126,793235.08
0x5f5b00c77d6f5cd13224c04458dd44fe0b07561f,2,800.0
0x533e929d73468048372e5631bb9ebb49ab134388,2,550.0
0xe292d278ab74a0fdb052296b1ee8c785de600f59,29,744.62294219
0x1900bc86733dea00c9ef175b0fd012b119cc4a42,1,169.0
0xb95230f91e99170b296eee0fb3844d71afd4be85,1,5700.0
0x47e29c77f143bb7ba33678a94489708643b60776,3,18700.0
0x8a1e2089ae5669eb4946222d95946117f6de3e44,1,1000.0
0xc0a76741bcab04cda0e57ceb22ff8835b9211fa0,1,21.0
0x813c53d9e1c9186e8c03ff96e9c5341b7e454a19,13,9907.0
0x2b7e91a087617189aa0ed50b962b67597cd00275,1,20.0
0x59f44b71ad311b50341c2547292bd5f6aa1137c6,1,1000.0
0xa98aa74a7bc6a864ad7980bf1f06f1f1d4fde01e,5,175.0
0xda2104b0cc1b1c2afb263ec2498a6c1b56dcef9d,1,200.0
0xc6b0b6bc0d92ed8530cd2b5f6ea80c2ad98cee74,2,300.0
0x422ea1ffd61a0cca52b9a46b14b34d80ffd5b50c,6,4949.0
0xb4a4ef5b697dd44be5539899ad6e7575a83eb2f3,2,2000.0
0x6dc1f8ee3cfd7962e5198be413f3643b7a2724b9,13,6580.0
0xaf1538337ceffbed09be0ffa808044ca13882382,2,27500.0
0xbfa805d6ca11490ba9d4f1463d098b6551583a82,1,20.0
0x0fb563f42d775ba4ddddf7642ae4ad63a55170dc,1,20.0
0x166c413bd117268fa350f0b6b3c0685b3e39545d,4,4430.0
0x827964f7ed462f8389f090f5b388481d84d431c2,12,23800.0
0xc2784a0d1cbe6da4744cee196571f45075b32307,7,116.0
0xc518973a738546676c063b4a553e484689048122,19,76640.0
0xacab6cde7e0689a5ee791aa601a7c8bc74ee7500,1,25.0
0x2bfae9afff55f1dc84cb7c045f2dbe5c29286b55,23,11300.0
0x5b93b2a09f33471091d43d871f92d1e974ebae3b,2,69.68539968836808
0xbb106426d09c1cdb8a3b5a558957cc442893f7e5,1,20.49576
0x4f217114b851687bcb476c287300c4009b5ba59c,2,4000.0
0xb00dfc60bee7284a1041026e785707a4e45cfdd8,1,50.099125955601714
0x9838da1ec702fcf66d18f16f11d5f8123fe6cebc,1,35.0
0x1c8aa12428fbfcd05713aa24ac0919cd9242abbc,6,166609.0
0x2d8a35e804c5b7d1351b1664f15b778cd0371999,10,1329.9799980058833
0x5123defefd631225df372e3a4c497ebe2639d8a2,1,173.0
0xa105303cc3cead38444f1da1db75f3da18eb2bc1,7,21000.0
0x9710dfd3a1b3931cfe279a6936a71261c8398ff6,1,900.0
0x8df25fb459ffcd42da8b7a4e7a72151979b0dc1c,3,9000.0
0x7a2448ae68d92af3eb627da4b99b0277a6ff56b8,4,207.26349125000002
0xea7811c2cdddba0c75cefa6eb46819e168c73f94,4,17400.0
0x381e4829c2f7f14d7eb8bc9cdbde498f32470afd,2,950.0
0xa96bb50cde5d4a66b3e2816a3a7b0cff3125ea94,6,1080.0
0x9596d444a7b0e00a3a247c6587c181cc6578338b,7,3816.0
0xa40b5ae6c59a6f48654bfa681bffc8c6c8c26f9d,1,22.0
0x9ddd310fe82607c65f5c37921cadb55c27638a3a,46,220275.0
0x54c6214559b37109b5f776956774738879809f6f,2,24.0
0x455f0205307d305881b5f2b2fc266ebb7a41e3ef,22,750000.0
0x3316539c68b706554872fbb781f230ce219cc0da,1,20.0
0x35f6ed6365593ea583dcb77fbcd9c332914442fc,1,500.0
0x13977768c206a00101aa96f92e72c77c9a749764,1,100.0
0xc41d2dfe8994d1dcf169c0a9e06d36002ef66f4e,1,20.0
0x6822e2561a41fb6cde4e8787f7aef9cd6723c600,23,71776.18009655
0x0b3ed23ffa52f884d86774e16764608832acb8b9,1,50.0
0xba48e842447340ee4fd7b3327436ccc27bfbf9d5,14,1205.614587
0x5da9c996ee4a429c9285ae5c20af5f99ad56361d,1,3000.0
0xa691ff421e75ed40404fa6ec70d14f379c1d0f8c,4,6300.0
0xc0e8217f9dea5cb7e7e8405f077be98b4674121a,1,23.07
0x63595bc804268ae29cf0d6cd9065b539f29316f9,2,41.0
0xd1adf1ec822b42cf55563ecec506084340214e60,1,800.0
0xc7f3c94e29d9b85a2790da29cded71b7063bcad9,1,4000.0
0x896a84faecb4cc1239f264a3f67f375c983ff1b6,1,100.0
0x2252d451f250046f736f64813469e4678a17d466,1,200.0
0xfd3f41334433584862d3f353d414e2074a12d5af,1,20.0
0x6b0009a50b2475a5b585d6a9f81e0e6da74c2a29,3,590.0
0xc59d1b0abb5c1ef26c3b43fe17d19be01e6bdbee,1,20.0
0x7a753be83e8741c06627bbd41cead8721d8c05c9,1,27.19
0x1c3e4e546121a5e19e8671432618a2061b9c2bd3,6,475.0
0x8d0cae1e30aecef4cee540458a34f1eceb7392a1,1,200.0
0x98aaead9e396ff885f92d75a1d359f4b66fc6de1,1,158.7
0x0db8cd74ed0599ab028263e7d8a082e92c3b3ce7,2,100.0
0x65f1e6f619336665c61c57ddf13f287775f6d162,1,20.0
0x32e276a5e1b2ff1344c17c9b4e6de8555a28c194,1,20.0
0xee42ea3fc76cbc2713c0d1d709315ed9d557291e,1,25.0
0x4b572c53dd2f7ed4edca0ad01a78688dff17ed69,9,58790.0
0xdfda01bfb8b1f2835822219877c22e2c963975b2,1,175.0
0xfdb6de3436f8908e2f07c1504c151a7c2f45d69f,9,34000.0
0x79dc3ce0dd82846d9c4a8da279702f879110a31c,1,3700.0
0x8a0ec0e09f968bc7b21a2b2e5f1a9160fe8b9a3a,1,100.0
0x99c8e3c933932303d823a621b2707c1a6255494e,15,635.48230014
0x87e6db581e161f5beb02f137665bc82f1a489482,5,4700.0
0x6caf0597349e4e87bdda29d0c7de434a46a2a857,7,54140.0
0xa8a1b421d1d41cca54e15d4b984c4b4116db3628,3,230.0
0x5a4a00deaf42c9505db5700b96d8d0158ec56641,1,23.24
0x0df4846d51e87201d037f9d3588164bf3cdee04b,1,20.0
0x4bc93425b9dbdf1d18af504c1cda7550a1f33860,10,10682000.0
0xf5f34791972a8fbf7f261a95b1165e4cd4684c2a,1,1500.0
0x2c7866aa734aa10644d7b4553c599baa71f50b8a,1,1623.0
0x8888c446d1550b5d118ed91be0ec3a754468b1d8,4,615.0
0x1dc244be2fa4e04f01df928e04c9ab380ba58091,1,2208.0
0xb634e4619dfa9d14a7ff1fe5f38f9fc0a5a4471b,5,615.0
0x2b10dfd18cf2b2e0eac1ca727af80d6e293b7feb,1,1500.0
0xf90887d23b1df9dfcbe78696cc92dba0fe968bfe,1,1250.0
0x07e82a9c0a208d51288d02c3939f11c7aaeb6e08,3,3250.0
0x1fb5779a7a99852db2c976a6e8f9814ac357c0b3,1,20.0
0x98ddd1c88d0d9428e181b64a0274d993c58166ba,5,16100.0
0x40a4a77a2351829368768acfe4318df543f60d7c,1,20.0
0x776708895f99d7217aec4d5c482b684b025d5fdd,1,207.41558674696108
0x2a1919efe48d2fc39e8ad62a3f6507d392e62fa9,1,32.8223
0xd6b96cb9e1eb181de4bb05d22c1d63a27a87f4bc,1,20.0
0xf03adec6855988716985edf58895b9caca53f52d,2,300.0
0xf374d826a63a5788052397e52389960ee7a62518,1,20.0
0xb324d9c9ca0984db948cc786aab944503abfb725,29,18947.0
0xf507824d8a088351777b947428474413927b3f36,4,72000.0
0x3c1c7a1d50215db3cdf69a117a6a8712ecf49f4b,1,118.0
0x25ce88ede3764edce05320dfc0145da7a1947b49,2,475.0
0x85d4481b6c7914fe84d82cbf349ca0b3a0bb1a7d,14,9691.71181844
0x132b3b68090fa7be56517324485b7b768eb7cc4c,1,1000.0
0x09b923332acfc61ad561e322cc391a82f8fa5015,2,168.0
0x270abec67e10d796f443b76f853c5936779c1a60,1,300.0
0x86edf1f094d2656615e414f0b39036b75524c304,3,275.0
0x199dd5418ecac78ee3b1f9d12f506a409754a29a,8,23100.0
0xf4a461e99093d189baa29cef50fc9b3ce82bd201,2,3000.0
0x2c34578271e59441d76440c76a2e6bb3caeca3bf,6,23000.0
0x1410431c7bc933239584f1e767aaa334ba892b2f,1,1000.0
0x0eaa7b1d0811297dad0d80bfe35d85c4d2763f09,1,1000.0
0xb04f5fb5e8715fad0559e12be786a99cff525e56,3,1125000.0
0x35be42f2804a4509a1339802b324fe9bcca933eb,16,266.55494878
0x7b07be1d2c7968ad2b8da8d4ae4b1175e6a2a01d,3,943.3194996027912
0x1b991436620c74d2ba6e5386c270b3f9409ad4d1,1,20.0
0xfaa2c3e0e8f79e6ee4fa72f50126af65b0160eea,15,6074.41089051
0x10401a42f855bb7cd1183c0af64ec15ad6d2d6c2,2,200.0
0xeb7286e810d83b5906562124053518495147570f,3,31.0
0x56f8f7d3a54bedb63e91bf89b6d0770a2be8df16,1,23861.427
0xf548658b6ae9db0656e4232115445fe7270f2fa8,9,24895.5
0x3601575ddfc950771eb085d4ae74d9a68a604f45,2,60.0
0xb2d293aeb71e0acd2f297793cacf7084217f77f5,1,100.0
0x0d571415750e3f4a1d2f0160b3ca89af728868bb,1,450.0
0xa009c19797a93286fbf94a3bbb2944891acd1898,1,350.0
0xbd9b50c0f9dbe2b14522b407d64d0b7b32abc9b3,2,91.0
0x46acc5db8c6230c14185799267c5b7104e5067dc,3,300.0
0xbd99253cbb531198c63d511eba53518135935300,2,645.0
0x3e724455b7fcec879d107b7148a366100b99b214,2,120.0
0xebe8d842c04e1ade7e00937230d65f8fa55c30a9,4,2050.0
0xb0d46321cc73b92eaf173f87fc683a2ae94e7bbb,1,14.0
0xc03e0cc52afcb9557ef9cc142adf6ec73eaa7c83,1,300.0
0x57e02b07bd74a8fc67522a0a6ed8b76b5472bab9,1,20.0
0xfe6729bf28be1fc9875236eb2dbd3b6109a6ae4a,36,197952.48
0x768619314ff084efdb16db7717bb99813ada330c,2,10000.0
0x4146eec72fe32e543f35f4b991f0a5e287821e79,1,60.0
0x083b38f5c04c3471b80f78650562b867af8576c9,1,480.0
0x796161d9928548c905884d3211320461d5640904,4,877.78382286
0x92ece526542cd6af1c80d38a87584bc38ba13ccd,22,1555522.38408873
0xf2c3bce92c80f0872b4b7446dc4c031c4e9932cf,4,595.74188749
0xa1a6159fbe11da8adeee9666a1355cbddb76fb8b,14,79208.49293476452
0xa575a5d42e3909af4c9c1130b4c62265b3a58424,2,60.0
0xaab32a01c3b18918bb6ea3a96d391f8880a92dc5,8,642.51
0x792a4de53e35112da9c09d4c32bf84642c9c5558,1,22.0
0x7f5a391c8db784159bf0e60da66e5eb139d6feb6,1,90.0
0xed0d89b4dbf57bb16012ce58152c951521f20adf,1,100.0
0xc4e86250628be3695218e7f1e70914d64fa353e7,1,95.0
0x86d137161019acd6d878cd020fafe66f96b62b45,5,13500.0
0x94fe10e3ee245db80e57d21febd35b5ca1186437,4,8232.52554986
0x0d003c658acbac07c4d9b77530d54b61f52867b4,1,600.0
0xa2f7d182e5bdb957123f738687267f724ef88d3c,1,600.0
0x10124c39e39d8dd538e38af40eecd29e44a11796,1,200.0
0xb28fef3f3bd20fdfbfccaee631f1e0d454ce3e03,1,70.0
0x04d2373ff2279eb414c61a097fde93bf78a6a25a,1,280.0
0x0ddc63bf2e08737320c231166b58c5a63a027322,6,169.0
0xf770e900d9cee45d4360c3577e366c1cce35e9eb,1,1000.0
0xb75d8632fa9a05313d5d5a6f52b212f3b5860fbe,35,755.0150856270742
0x24013b8c95da3e8d38d83fd52a055966d003a330,1,20.0
0x6a2901a4a49115a9301a649fb7263f2687b236b0,1,1000.0
0xdbb36add68651b91df625e7d3c9815387336e2b8,1,40.0
0x0efee643a3088662d7a0cd62e31784807d38eb97,1,1330.0
0x4f34f20b93135fcdc61bcbe140dd587c2bfe2c3c,1,1200.0
0x7e1a05597e7d1c3ee562ede65f9b011ee82e2e57,1,450.0
0x105f160cd9e33c1b8be637e787661eb522a3b841,1,70.0
0x6f01fcb2a427fc9a3a9a376023c8e461f9155f79,1,730.0
0x441249f3f3daaf27cbb94476108bafacb0c5d66b,1,400.0
0xb00522b148f8d2d67c400680e4843c2b2221d376,2,4000.0
0xb927333608cf874d0dab0a7919dbe27cd83d0caa,2,13000.0
0x99bf8dc43915695de18107a0cd902f040b49a665,1,20.76
0x136fe1ca185e3848f179f318b21445708ffca3b5,1,30.6
0x28344f9ece1c9c61d716d713f9d81c3e3c5d8088,1,28.5864
0x11e40b74699a2ccb15f06c48e2109e91787ddb21,2,60.0
0x749f194d3caebb6118faedb117fed9d4ddc5e739,2,51.0
0xf7ef03180e7c501d3695b44317b17e1f5862105a,2,40.0
0x288c28b521abc7c160b0c74770939c3c23298156,2,52.0
0xe93201372ee9d30af1d20eefcc60cc173220c599,6,22405.0
0x93f1f7c962e0314af478e9b6853d8fa0aa3dd137,1,20.0
0x70658b4313fb20ab366370847e18797237ce2f7c,1,537.3580150874577
0x11cb72e05aef5412be9629efa522a4388ade59f4,1,3637.75
0xb76adad1373a4ee62bb2d396523dc8bd92bd5f83,1,100.0275408129035
0x259a62cade15dd8c810b714db6ab9796c70a337f,1,25.0
0xce7d02cc41ed8fad8d7b4a79cfeac0fb496b2d69,2,200.0
0xcdf598641b8b28b14c712bd62ae6e05e463aecce,8,909750.0
0x211f4b6baba8465f622bb7d2c828050161633ab5,1,200.0
0x690950e86a66390efb47bd997d00214d8e92445c,1,100.0
0xf3bccea09a0be52d5be193904857726092aacdf1,24,10625.0
0x11b5facdc4ec2ed7fe286296711354dcb01352f0,24,1031455.11957728
0x7d5abfba27adda7348f1237fd057e3288e664164,2,100.0
0xf5d93a51f8956bdf585469e00220a12615d575fb,3,45000.0
0xfc3daa84bcb277ae85bc416c8361b38c897496bf,9,6925.0
0x95068a42c3296ea10450d893fe4e4aeaff46d906,2,100.0
0xc77071d57fa9a0c407c98da93955107840144e72,1,800.0
0xaf719d995d786f91a046d26c1e72e13fdd1c266e,2,3000.0
0xa2d36d69aee4f415865cf9fc3371b88d9b2aeeae,10,9880.0
0x8c031dd9af66755a6bfcc557f00d27b05b86b046,57,321180.7751104044
0x561ca11f6ca04e6dcf2f324fdf70c154e9ae8ef9,22,446300.0
0xb9a7b614723b536df6f328ad19d6ec5cd163c5a8,1,300.0
0x2637d80e4f6385576e7198e67ddeb62d4fe2ee3c,8,125000.0
0x58dafd216cd143b4148270ae806055dea4711142,1,1648.6
0x769924f1a3a5f9677d328b128093a9ed68fbb30d,1,500.0
0x96c5d4fe2fdb2cc72e1b41dfdff631a6cb332a32,1,582.0963316403911
0x3429ff162fc6bcedd227da279fb6b3c2d522ddd2,6,4449.0
0x6c52509f71a1832e3a3552015111d8b0417a85a0,1,9700.0
0x1f8d42f9a42c6c7f3052a67a04511bac1cc11484,4,610.0
0xeff1814af58b8a2dd4332f81f3161a5e88059215,1,33.82
0xa2fa051cc82869d47f88b006774b8fb9aab5cb6f,1,450.0
0xc572a3e437dc306f734653e92d36356fb864cb04,1,250.0
0xd5b18f11bf66b4754b73f5b637078ccf66aeee68,6,580.0
0xe7ab5884505907902ac083b4dca1e6e1b0e1423d,1,3000.0
0xbb96735599f8dd6882f2edf91af4e737345758d2,1,100.0
0x1ff76b1ff22e0bc122ef2bb69cf87f972c84deda,1,210.0
0x2040f4d579aa5cbb25e4e8a90d8973845285e9c6,1,3625.2194577787823
0xa3e3bda82614ba59ca45a7367b87f1970e0190ea,2,4250.0
0x27d13e9d659cd9c11a6bdff0d0c4b101df4effc5,1,20.0
0xf8382d13dd54b5b5f280262bd8acd90217d3ad38,1,750.0
0xea36debe87e9983720c497398d8a5828e2a01c1e,1,1005.7694476738418
0xef2e742742c9a54fc500ead24a69dcb0af237a86,1,20000.0
0x9a969afda6d4ee46dcbf3711db61e1ef3e07ce9f,2,2380.0
0x2931046595337214a20bc23ff02e90bf70f60fe9,8,1082820.0
0x82139d6997a4c8b17c8313943a64e1b65511243e,2,21.0
0x2252d65c04e33cca521c6c94ae0c930aee55e14b,4,2470.0
0xba0e9613cb6a38fea7c5fb6955c93aa377200a2a,17,3695851.02
0x55b81733cceb9c2aae056e312c1f36a45abd03f6,1,90.0
0xb00c3f01d3686593630bccbf90f1663c8af66c58,1,150.135
0x9efef5b03b3e99cd549031d79e31d2006ee16ec0,1,1230.0
0x9f5902527e329be97d459d08865dc3c18ad560e0,1,2000.0
0xdbb421d20194d268eadd6e5e7911055dd0f5a0b9,13,14525.0
0x26d34b33582cb1c5cead63777e5ca2adc28e390b,10,26900.0
0x3899586e77c3b9dba5eee5ceaa89e8684d06711d,5,5029.0
0xd23da2847a81e1c86a5c432af7d71856f263ee61,1,750.0
0x284fc0075fdc372b1c128bf08a2ed0a66b9ae146,26,10385.92703619
0x661d7e0e7ef096f2d516767055ce0889fa7a7e3a,4,65900.0
0xd1598bc6034c50b8127d681f116903ff42b01d0d,1,18000.0
0xbe9b6d1f75d9238ac1bf47cccc0c52882b1bc0ca,2,14000.0
0x3aafe853d5198df99a920871330215e6ec0af027,16,34650.0
0xf9dcf9074e3cec395a5c98299e9d36cd18b36a69,2,800.0
0x1cacb1152dd2f6a23f6571f3b17e4afa64f696cf,1,200.0
0x698b6bb3dc2bd685e832e9efe00c2bfcc3d77a65,1,2000.0
0xd785001890973ebdfabf071b951b6232ab0cf114,1,3800.0
0x5c0f072cc72d23bfaad419074fcfbe6e2dd7bdc4,1,1800.0
0xc91d0d83ffcf6c5df091614abeda9bd5881b8ef4,1,537.698619696
0xa815dfa95dd255158d175ac310d61720b7bb7d68,1,75.0
0xe9fc659cbe87f79b1e88254b4c75ec56a92f67fa,2,9200.0
0xf53f884da6403044985d2f1be5deda69cadc3bad,4,137.0
0x380fe3e64f287fed95eab13b9286ee392a2f0708,11,10300.0
0x53f6058bf843fdee66eb4cb63a3efbf1c674d833,2,1630.0173645225873
0x098ad1ca53a146fc0e45d1a37de7b09711fb024d,2,3377.0
0xde42c8b356969801519ca86ccdb012052d281de6,7,2720.0
0x18b6df99fd00bf478d16ef59724b20e005415763,1,20.8
0xac91505ebcc2e14f8c693fd0e6ae88744d790c5f,34,96620.0
0xb2d1f1d4ed2ad46bd018d8b8185a049057bcfa19,3,14621.0
0x947b742d19bbeb2910771d609c07bbb363458fa8,3,3375.0
0x37065fcafe257d5d5be243b974f1d1851e7d5635,2,6100.0
0xb4e6d169657f4a78599e8f4d77ea43ced48e81c7,1,30.0
0x09ed5893cca9755c08e0eb22071900c79ba78375,1,31.0
0x4e9f83277ad8839d1893e3728c0616590b513148,7,313.83056267
0xcbaf1f765d254815a2a73c280c019ffa2c7f8522,1,3224.536702514865
0xaf6dd1f43b46bf172964721d19a9918d8ec711a0,2,1655.33074493
0xcae3e9766b4375c7a523d167372e8e177e861f56,1,266.0
0xf928e27c665554600ef97f7f6b65264df1c40547,11,191645.0
0x742c8af943b95f2136110a942182bca00ba757f1,2,9500.0
0x28c95bcb69a0ac9ed1d2cc6b603d8dbcf9d68e42,2,1500.0
0x5c4995f50ac19d07f45ebb8367dd233738c95265,3,8000.0
0x7e2d907c5f1e2eb118dbdf2b14f7186e21dd7e04,1,500.0
0xe5724bed8c7326380a233729311d4acd78110c6b,1,15000.0
0x47af0dfd9e5012a6bdc45f20a2372fd4f9d6c990,1,1000.0
0x9fcb608d633b65acbf8d400891cd517c4ed3c9fd,1,20.0
0x133541bd1a52c746d8306e62fcb917a8c83b752d,1,500.0
0x1e11430c4db748a85201e63ad398c38f5398827b,2,1179.6406053219398
0x664e6f90e9257c8dda561cf421c304fa9f41f5cc,2,47000.0
0xe3eb9ea5797e979e05130ca5d172da8ceaddd4cc,3,4800.0
0x3e6b8c488e65f3573c81fdfe0c19b3a1f02efb8d,1,30.0
0xcc70186575c13487788275d8aa13dd484a0a20d7,2,120.0
0x63f0ab3ef84e8508038af96a3ac908d54eb32f7d,5,1076.0
0xe1e1338802585e28934b5fc08840d9caacb38006,1,20.0
0x22bb486da37895ef6b250e7f95e9a497c98d48a3,1,20.0
0x3075919a7cb6292feca68e9e28de7cfa1a0b16c5,6,175.00389815636237
0x7acf8bceca40a750dc9f5086220e23d50a99c90a,12,2275.32310165
0x2428301683691d4b70b67bb6e162b64327936339,1,25.0
0xb391461b2d6141372121cecfda3db7f342778667,8,1080.0
0x4c633cbd5497a08b3c6e7c678d8cb3edc23b9272,1,20.0
0x8d844e8e64b009a8b9bdf9c3e0256ee181b99dd8,1,500.0
0xfff2fd4fb87707d100f3dd2d2221df1c66f7a5f2,1,300.0
0xe9844ec45b522589d7853a60c304127f1c8fe6a4,5,9532.5406693757
0xfaf04630891d8d4bf07f14088a1ac518e39a3937,3,160.02069674076054
0x263fbf46d3e811640a36b836f31b3c4faaa68cee,17,169.11595445007836
0x286a58bec05dbe8c69f20abeed637a0575ae6b5c,1,56.6482
0xdb8d5a21742dbbb31f731cbc0efd55318d4b4bb1,4,54075.0
0x7a6d137d51e6f7b43545456759e82d475ec99550,5,10847.23382397
0x83806227fb881ce0256d0348817b34c6b520c1ff,2,160.0
0x80c70cbaf611735e7e21fb74d7093971e3d1c940,1,400.0
0xc7bb8bd5f58cf77e2222a1d213756815bb1a31b8,1,300.0
0x49f1c41d69e58b7fb6d4d2a597a3f8bfe07319d5,2,185.0
0x854b3d4d1002653699db2779105a76f741c476b2,2,65.0
0x5400490a09c97e1fd23d970cd2d82fe823b45b62,11,30750.0
0x949cea99a4641ae9444244b9bae3539196820d15,18,833277.514116587
0x25c13d56921f26004e44466508392ddad4a1ca4b,4,15500.0
0x98dec08e0654f2ca20be8332d7548f3cd1a7c33b,5,900.0
0x151905dbaddb932fce8a1b27685aec5e37734a3b,1,7000.0
0xa8e9e19a9717925387a736e0bb05049e63e0af58,3,600.0
0xc26040b6b0138c2e8bb0b0e4d15692ff16f32f0d,1,300.0
0xf9f1a62044c0f820470d35c32be117643a4de6dd,1,130.0
0xe16b24aa22e667a68807b6707bd4802d954c649b,1,20.0
0xdc915bb7d511e42b7ebbf4aa7cd2566bbe2781c3,1,90.0
0x95c94b1f79bff0c5312ad2b0a65f5222b349f46a,5,4750.0
0xd127046dd6ad332260482b7b61943829da42cf55,27,718.6780012913046
0xe06c44bfff976270d5ebe4ecbf92332f6fec87b2,1,662.14
0x4abd3c0f6eeaaca9ceecc1baa49279ec9dac38f4,2,4512.353370575749
0x8cca9f7af1bdcf05afa21b98fb905e9bbb33e9ee,1,55.0
0xa00ac5cd9868dd869b9322d3581bf4a70c7468cc,2,160.0
0xf870d0268265271909ec118df17c4712f2e63dbe,2,65.143
0xb69df0eee5fa2377c7bb1db33a9ffe8ae08bf3a1,29,414.195835243661
0xb61465268d9520886e3e63a5a905925f79e3cc81,1,97.88802
0x04d5aa1d26666dbcfdbf87d96acfd3946fd67d06,1,50.045
0x0f312af054ec69800761057fb7dea573f1b16080,1,330.0
0xd7cda97ef5f6e099b159cb3ec49ab373003b71e1,2,30.59781104930398
0x029fe2af0985012971c517e61dc3a679e6f345dc,1,20.0
0x5bddf72db4e6448dd303265cf7b3032de1d0a62d,1,125165.19308678096
0x821582c21f056430ccf75cd937e02a4e875b418d,1,339245.73268806754
0x23d9d22860f339c1ebd5866e79a39d655b1588a3,1,161997.36006041066
0x010c161a42f49775406560b394ac071088c55f46,2,20000.0
0xb4c0e3443d620fd2775ca250e261f53e1af71e53,1,20.0
0x052fbf55c158867878133909e950f02e06716b93,1,2795.1049080935445
0xb381d773499791da3496e164220e0c66c11d9952,1,5000.0
0x37e7e2d420e53046c76142e3cd21c3461df358e2,38,4450342.236161325
0x87d729bb16ee3cd0856010aa76919dc6fb7b5d8b,52,509494.0
0x9b93fc8847ba713d89b3c92b1c59abd18625c97e,3,4800.0
0x0ba60aa1176bcf7c0f9f3774106dec0e934cde8a,1,250.0
0x7f68cbdc249adc9309614d612cc1c562783d692f,1,1000.0
0xc85915c111c2e05f2207815eff5926aa9cb8db1c,3,2800.0
0x40f75a8fbf235d45bdbcc776e178c597c818869d,1,1000.0
0xa2382eef1f31d6d253ec145d29e8f7ed324cc14d,1,161.20752600923907
0x0a2c85d05053ad203badb6312aaad30c31c320a5,1,77.0
0x3f9dbe31639185bc1acd086865eab7c0a48b55ef,2,12003.822660000002
0x063dc59f5c5e0c76627b747defed25b655f1b908,3,862.0
0x18daada0d20f1152c052d1ae5f6f8341fbea4f20,3,1664.59326022
0x3061f26ab52f38aaa2581a61c33d395095af1462,10,695400.0
0x66a6c19e1f86d61568843d95ae6b29d626b0391c,1,20.0
0x39353953d4bbb688296f9398d84c03855264cdd6,5,440.0
0x2cea567012fcb8d2ebe209cb16de1877b549b8bf,1,800.0
0x246f4ffd5ba757dc1271ac174ae533fc3934d744,9,208058.0
0x06d24a1642aee2f3b63a785a5873cb3153a4bab2,3,87.2
0x2abaf31b5cb2ed4e9a96d963fdb9fe71863c6548,17,16239040.0
0xe84e0340353aea2ab884481598460a0d1819bbe6,2,40.017684826626045
0x865433ec377421b3ee58385950e024e92924e452,1,38500.0
0x58d6837b4445a35bbdeb906e1cce6bb5bf356a50,2,121.0
0x9b48cc79eaccf9698aadb6b1b54df06689ed631c,48,3836400.0
0xaeec9fc9c4c3557f1e1b1efe4709ed1c83694dce,8,38022.0
0x1d9613f0cb6f31ac6a348a8d63813a473a4a05c6,21,3376100.0
0x157eca4a212c59de8003bef149dad055f1bd9117,28,216785000.0
0xac598ce6aa4c390c546963e1d9e7d4c8459cfce1,3,22000.0
0x2c098a3e588c3aa72c5b72ab06ade8ab58842bbc,1,19000.0
0xb18e9de4ae43a27fa3e490d7d24d025c2eb2d93b,1,2902.0
0x5ed156f9d98f11d54ce009a05328da4185a7c559,1,400.0
0xa3c99623c4126df7c0125790b1e42ef2848395c2,1,20.0
0x87c699805fb2472e0db0aece7eae8e0a6fe6ef8a,3,382000.0
0x39faae3618648859eef9e64b53b35d7ef62c107b,1,165.0
0xd98b38b8c107cd36ca2ce84f7114de56770592b1,3,270.0
0x97805ccc817fad2036b6fa74772a6f5d86623eea,3,240000.0
0x850d1b2fb0d67d45e4a4bfbb201be4fb8ccfb469,1,2272.415010932796
0xf561dae531e32b59cd4420c02aa897e7b26c41f6,1,50.0
0xa0c82f3d2ada3d25691ad80faa7dffd7b489f584,1,14950.0
0x3b3d92af6c6d3a2c24989c27b5702c99760e7f85,6,77000.0
0x0ee75a94c466351f549a519d5fe7dc6a4d8d2cad,2,5621.0
0x9330a1c2e0599ebd161e0a04780f059d29f084ad,3,43000.0
0x982bbd47674e3e4818060d789a0cc5ce2a72feec,13,1327000.0
0xb48f755a094c299691bb38f31c6de7749e740120,1,1000.0
0xd5bd9833c7fa51ddde1d06736ab189eee8df44bf,2,1218700.4836353096
0x1b92e3484ea4238a414929af08a2a78c77822ac3,2,1104.9614876729975
0x585e35d5775081b75c23f83f31759cb014771f42,1,1000.0
0x8d1f5bc4f88da3038fd0bb4def1b8fea797f4a3a,2,3700.0
0x26448b02f2de5963e129f49e80ec1edcd132e856,1,20.0
0x52878ce22a1121b6633c0afbb7dce4c54b9801df,4,9200.0
0x50e7ffc6a45f8bd34611b4e22354369c4e631e9c,29,202460.0
0x1bb77dd9371bfcf2e497a67498e21118fdfee921,10,53000.0
0xaf431d4c045ff731bcfec21b63bb24e6c81be26a,1,40000.0
0x99ef4ba1e067171803f05dd2ce3a4223ed95a28c,6,486.0
0xb71f6c51fcb0c7ce0fc48dbf2bb676737b0f3804,3,18400.0
0xe56a4420e5c459d4c68fcd6ba32cfc21480e74b4,8,22777.0
0x3a1926cf1dd6186499bf680b4ba29203c66720a2,1,150.0
0x52ce6edbaf9c2ab3fc74c3d9c4dcd8ffcd8246c5,8,12350.0
0x828a9e1ecec953efbd7deea660c6c007dcdac1b4,7,12725.0
0xd1f51bd45c137771f7448ca96e57c599cce4c919,2,125000.0
0x41fb2f014c5cb075b4b92162dfdf29170f8a7df0,2,3200.0
0x4abfdf4cc78695263f103b2d60c49b8fff01d2cf,11,680000.0
0x970d9bc39fd3b7cd27650ab139004cadeda8a7ea,63,7916.0
0x7c64df06585a5e2981b995a7bed32814b99833b6,65,60409105.80981611
0xcd2e5b4abb0bcd471c8d541fd855a6b5df47eda9,5,98000.0
0x8691a86d877fc40deb4caa0abd9edbf744b79973,1,1000.0
0x9fdc236bb08b80b5ab3d3bf7140b5068cc2ea88a,3,9491.26495298846
0x853122a275dfbbc3d9ad58512be898ac0325a836,13,211947.3
0x8008f974fb354676573b071848c40ebe906fb13b,1,100.0
0x76ec4b5ad3abe5222bd784b33aa460a454ab668b,24,165989.59865240002
0xfee431c592d233b1e80890ea9b92bc001a325031,13,7227.0
0x40a113d6a2ef8b94abde834f899c982434d260ed,15,17051.338124382066
0x77b3d017192e781105f0f0532bb5a32738cd0b01,2,2181.0
0x39186dbc79d8c1f25d1e4a57984568044851dd7b,50,591955.3871312912
0x3cb95bbd52a1a4806445dca77d60868eae14b62c,1,1550.0
0x76b4557e1818634efb13c85a5577230c1c44ad70,1,1500.0
0x89a25625e72309ae20acee5f7e9c67955fa9193e,1,110.0
0xb8a7924e5115512bcc0d4e21cb88befe3d5a9689,16,636.13426608
0x12cd4f9ca48f745c605b464934cae4464395006d,1,5000.0
0xd794412309433ce298314dfd9ec401b831a55fa0,2,27964.101650424433
0x5d1be8c3dfc3b438cb9acc701120310d724b6c99,2,1900.0
0x46c0b7a3479db8a9a8872e3129274289323a5d27,244,11156076.02656468
0x657619aed0e3bd8dffd62ee0730fcb5d50148544,1,8950.0
0x4ff779d7349bff73f2e2e1c6fb700db2c36d5147,1,50.0
0xca7662e3a689b1b0f4c7c1274a243d3f08f9b622,2,100.0
0x60db23b277f4559299832971cf9d727862e82c2b,6,510.0
0x521046f1358807a219fcf968e16f46c91ab0c704,1,855.0
0x4b8ad64bedf9cf00420acbe129b6103418c7d31f,1,13500.0
0x3aca89aef8cca973fc86af47db3b9654ff2c4320,36,213661.0
0x531c9d532bb4d7b7b5c13f438486b539f1360fd1,1,1100.0
0xbf1f17ce1e136230e1a25915ffea74ef353c7fbc,1,332.0
0x74b035fb43bb110cd2d958453f0039c33c60f23a,7,15722.4
0x5dab59edc0700cb0a481e6410b5d531ec42743c3,33,22274.04695477897
0x07b70bedc979b217265859dfd2a202476eb73330,7,19750.0
0xcaa51c0940fc04b06e0569ff6af44ff980099d6c,1,21.0
0x9e895f9d8eb27cae4fffce0f08e806d2085e1455,8,1116000.01
0x1044fe52db42430139d55e88027b921767d9890b,1,1414.0
0xa147757f7704b467dccfc14f9890b4db5c3744d1,1,500.0
0x054824cdaf4c57850f60e45f6164a8330057bd36,141,32102706.751595076
0x0eb39aa0247befa4f7eabdfc7a6f3f23260da78c,1,700.0
0x6ce1d4845df470992e54f31627db80fa151a103e,9,203449.33836476452
0xb23f0061352b047df7f9614fb80deda9fd51eb16,1,2950.0
0x5a0f3c70e6331364432790b9ffda2204739be5db,1,11010.0
0xb90768ad79d25be80b5c18b1fa604780a551bda5,1,2550.0
0xe7b92d690277db5b083709575f8f041fb30896be,17,254621.5396556684
0xa9fb8da67293699e0d3767934e3692f7ad358bba,3,830306.6599999999
0x6ad08d275a32f0dc69fdf87a97b9d7573db123fc,2,10000.0
0x134d4add339a590778d0896fb9c7563e25e89dc7,1,15953.097383701048
0x38aead0ff8ab360036eff721a0297b6c2e61286f,41,2911067.17207
0x09808ebe75b4ce6f4dc8443b6138eff06685eabe,1,1991.0
0xc1c290b6a656d8341f8299a8b1046321dfa55b1e,1,275235.519
0xcdebba344dfd7ac22221e7fc62da0e5dfbaafbdf,1,100.0
0x81648055a4c1842e35ece6daa5f416d8160c2a12,1,3292.0
0x2b7e454a9ad5bfd395fd717ec803e35a7ece5f59,2,3650.0
0x4a47fe5d7f06a0de318c83af4c087f925e4b0e10,1,4150.0
0x4fe4183f01f299f2aea57a42b111647131511c2d,1,3000.0
0x73083dbfa33712125bb6765243d93f775c0c0634,1,108114.73288763135
0x69c149e037aae81824bde51030c2e1b7348afe68,12,30220.0
0x49d778e9f5c69c0de5baf79387a79bf7a0f189ee,2,60.0
0x0065bf35e23fc6a93ece382d1ab1715403bea2f1,1,25.0
0x33acc33df7924912038e2c4f404ee6d378630373,2,3702.0009313700966
0xee9134a8e0474b3e7a111a05e46b863d424dee96,1,1000.0
0x74d533a045f3e8bb369ffd4c09d830eb70ed34f1,11,708817.81
0xc590b45767da7ee04a69fc4a85c4b384db247f01,1,2500.0
0xefa7707ea33da03a304b433fe32ee2b242064b04,18,6158.87321584
0x3142de275f1ab87319810165cc822254b53c5f1b,1,2500.0
0xf7ec0ee578e15104cdad866600f9bd2a74a31eb4,1,2445.953818780368
0x5fb1343db42b758cbcaae1343623cf38b4097f2f,1,32347.03867781441
0xaded92ef48912b232c54d8eff63396d68ea22092,3,650.0
0x434d5d9e43d55da941dec8224e164aed337a9a02,3,880.0
0x0053a47e476b486279135f5dfd1180b3f6a11422,53,432919.7243592223
0xf3798f1145e7311cdd056ab488dbb55cb1fef47b,1,80.0
0xa1d290e49100ed45f0f049d33dae0108a4f603a5,3,72.0
0x159c84a9058b3565b8f2ed812b1bc9639434f0e6,3,111.0
0xe320c7d756b27dc69dea34cc240371b9a42d81a1,1,81.02
0xd71f0134df2d20a3b8221486abe7fc94c8f0d023,2,6000.0
0x5d69ee5f422988158e1d7b7b75bac38a2764719b,4,58000.0
0x91d3d3c694303650785d3596d81269d117598d1b,3,2100.0
0x5c12ae04500071e6505dc2fb5cf53d3495db4b3a,1,285475.5995503332
0x414f957363bad1e27d822a0814087b6380b4aa47,2,2750.0
0xfe7b8b80e6450ccbacaa3c06347d6ef7a70990ee,2,2500.0
0x8ddd06b4a150b29b4a65674cc9a6e37ffdce4c7d,2,1000.0
0x2ff21757d5a380b7c86c8296ace34513cd2c064d,4,30000.0
0xba13d93a9b7fc3df78356e78e870815d4e594952,1,50.0
0x607b73b71fcd6d2324d46e00c827a47003235f08,20,2010.0
0x0f6224eb2bee9754ba126e67328430055886e4fd,17,102277.5
0x23ce29775c8895d787259d52475f8a36f8cc064a,5,1205.34569977
0x09c7931a62379034969a483acbe69cb8f77e617f,1,1228.19678275
0x0b3e5e254b389eb012a239b3cdf58912b9cb1cfb,16,346839.82890414
0xa25d698e070dc8243be32da864c312348cf670a5,1,5500.0
0x507ed44d15f1966c6ed0f44bc1c038e9fc8adc79,1,3000.0
0x9c77e64f1b2822d21d7e0f8d386048b53be06015,1,1858.0
0x5f5b6783b7ca4b7a57b890d3a2f055459ac85164,7,7604.980089709999
0x11a31d5aa1694374c81b010eae24ff5601d14be6,2,260.0
0x74500399e47ca61b5ee403666bd64e506289dfe1,2,21.01
0xa68a8180b61ac0ccad93317a6ec28344f6d92422,8,134.77723188628985
0xb0781a88818d48ca843212beec2013ebeeeaef4f,1,1500.0
0xd9bc4280eb2b8305a301a72886677cf205542dd8,22,445800.0
0x62b028bd704887045c25c4ef614c0486e0ea37aa,36,354698.25
0x14e09dd803ee0a7dfe2bd06e099ce7430b619109,5,25432.57283564
0xf5c7061f037892f6ef9b72ecd255aba64638cde7,11,11789.7240414
0x80148b192379e521cc7bafcddb1cd40d135f5631,37,42074.323730620235
0x2504cd518a1f5183e1b2cb975052d06d953d3e42,1,2000.0
0x8b89ab57df58813b624b247ae2a4210d32bb4b24,10,1161.6630439012727
0x6f9b6180c8c94494b6abc60423b5ab9ce5c77434,6,3500.0
0xae95da895e83663267a1536dffb0b5ae6205caa3,5,48500.0
0xef173922ad612ad4562dc20e2442cc7d4dd2aec5,6,375.0
0x02091e0325b628ab0a4278920f7ab87a53749095,2,2179.0
0x864109ba57181d24ad395d3829c7c6ceba319c5b,2,10000.0
0xd71f557f481dfce0e9fa786a350757954d5aebd9,6,2900.0
0x81e453b8eaa6111a8314525dc9636982b01f7b8f,76,7842298.601719558
0xa1f2b8c3acc2cc6bddc6b647f41ab7179e98bfc2,35,3224234.01
0x1c47bb6773db2a441264c1af2c943d8bdfaf19fe,28,351118000.0
0x3954030bdd79584e5a818afda18559131a2c2b14,1,200.0
0x3431bf33a0f9717c2327377516a71080fbfff58a,1,3943.009791071672
0x99f5bdad27f4716ff2a532c03a8e6d6de4b8cd8a,6,5150.643345909074
0x63dff5cb76d9eda4546fe0499889bfeffba59f38,2,250.0
0x833f0f681be8b9d2192df55838eb9797cc3af643,1,1614.0
0x4683abf43e44cb55147dd63ac1af9969d5d48fa4,3,1344.0
0x4fd1699262d30d739371fc953980d1066f60a4ec,6,27100.0
0xd752f249ecd536975de02de1aa3a62f66cb8b6b2,79,582319.6308352129
0xe79ede34cba627b31931d2f8067b08ebdff75052,1,900.0
0x3bd943e8d2bed7cd9ba098d7bc7fb0d0829a0630,2,67.0
0x4abdff3e67a061075ccf3e9f5d618ad341aa118e,1,200.0
0xd2b032789a2f51d861a1e05378d62ba595907636,2,2359.2
0x474db2278d294b688b0cf0f606cef647baa008d8,2,9500.0
0xde56f7e6245598a7ef5c7f12c9200580c8b80f1a,20,974464.7918594349
0x2a7bc01a3d4de8b3171146ffbcbbab3a7447a6b4,1,130.0
0x48d6c63d252777ac1f49d20f2e1811034743496e,1,20.0
0xa1cf91c92c6dbaaaa3689d274a6d2412be6e385a,5,1625.0
0x37b1a65f02ab34ce6fff6b02e363dee286094ee9,15,2340907.758679415
0xbc6f017bf0b992511461ad2b79ad74eb93a88205,7,14410.6
0x94b80e8af8ea122fd67fb62414d3a84d1ed66c9f,1,622.2284388528432
0x962bd5dc4621d04a74edc6ceeffe9d0a37c7895f,3,163.0
0x57342a77d8f3aefe0442d8e32ed28a9d312d9bef,2,2000000.0
0xf34a67750c13576aeb9e99c6fdee58836e5765e9,4,13220.0
0xc9da7ee27bce1586923067a10b63a73482792cde,73,1618922.02766621
0xf1184196623e9b50d6364c0dce3bdedff066f63d,77,1930.5
0xab218918ec57ef61abc2f8f319d59e45dc4e4fcb,8,4206.0
0x1f2ad211992f630932aebb083f59a98e148d7489,5,60430.0
0xc4213e9bfe88c1d5e67165d3919093bcf1f89e18,4,556.0
0x0e19c6d587cb3bfdd05a20c90c3badaae351c364,1,1045.24
0xfb96ba124177370de30d60c315b68b00ef49efc5,1,300.0
0xe123038264dcaf0fa231a58c2cf58cf48bc72d22,1,115.0
0xff785b5fd874203b79ea40c37aba0e3566e6d36e,12,53834.75923979
0xfe69a14c8f79df83c6f2414148d9d630cb102deb,4,1126.0
0xed0de8097fd6f7ff18cd763ae2b307d1364a14d3,1,135.0
0x50f94cb5557c61a893ddfae771244ee7db09005b,1,300.0
0x3fb38dafc0e3af77400504e7197c07efcda42cba,2,80.0
0x276459957817d5f2612b3d445fcdf8e3bf6f5cdd,1,798.8831565253535
0xa8aa0e28dd258e41157f6f4d7dc5537a2f803974,1,500.0
0x741899e696843c72b240ebad2793da4e565d914b,1,13713.288180516292
0x96148e68c4094d693e469f654ccfae5d2d4027f1,6,862.0
0x841da5e15c4bfc2a86b3929d1f51d563e98ddadb,1,73.0
0x3728b8ca6a7cb8c80890a67111dafdc01f34ca52,14,669641.0051374099
0xf35dcac9fdeb156a69527c48cfd939831f42f3db,48,415540.66894404514
0x324c583a2178f13ffeb6cbac680fa4e1ed266406,1,50.0
0xee68e8f04befa69c606865e736753756414e9873,5,46835.39
0xe0dbedd4e60c00d19bbea0223def12ecb30e68d5,1,178.0
0x5eabe6b70bd9e98738fb1dc01456e06d5f8d4764,1,20.0
0xedc0c8b02896d0c71e9b80684d0e09f4e15541a3,2,210.0
0xbe87e61330e172d5934432ebc9d14b433a3f1e3f,7,27472.0
0x93d32727ace401cf24b59933017bffb6e8c7458b,3,300.0
0xb4ce68d3841263a35acae7892917b92ea08c2018,1,58.0
0xe9f1b5266dac9a5109166031d08b8918af2e5b03,1,20.0
0xba2806cc6bf749f8aa072cf704085f05e27ed061,14,24070.0
0x5336fa336fddba58d4559b397ce51217705258b2,13,5100.0
0x5b29a5157977976fcf203126a60d612599f68618,4,5000.0
0xb7104f7f136a21ec7d881c04e706f0044158a975,6,1358702.0843822183
0xf524bc31295038ed5c0047023ac1529f23042cfe,3,355.0
0xb3336daab6888a6518f6ea19eef3cbaf3de56a85,3,15800.0
0x622ac580de729348f151a81d64c5e0a050739589,13,217137.2
0xd0515d3884ddb2718c9323aa1122b5f24fa5f4a0,10,1144688.0
0x69ebfc69ac897be2e59db696494e46e8b8ad2847,1,775.8
0xaddfb399ea18e2f863ed58b09a426f74d91a2fc8,2,10150.0
0xd7df99ee68fea7b25cf7872143c748451697805f,1,20.0
0xb68cb3d78a04cd18c64f5b1cb494328ad4121383,15,97758.64902284354
0x7fc05f828becc30715990127dcdaa3faa957a99b,2,80.0
0x512c387463269f1a4fa2626b1f7fee0991516e6a,12,1249.0
0xa7c88e40470a40ea1d261703e2a075300edf3a98,75,1978004.9596848502
0x26fd475710812a413dd7c89ac192f8dac618b9b3,5,6260.0
0xd583ea59ac78ae31dbcd507cf764f6ce4eccff82,1,60.0
0xf63979e599361a3bbdad8610fc54f7896a072891,7,6845.51922271
0xec937432a07e6938a52ff152469bdcba34551c6d,16,61550.66954384115
0x7160d5ffb3c406d8056060dd4ff1665062036258,18,159830.0
0xf8b2d4b876c771e0d66235bb01dce269d880c9e6,2,4040.0
0xa7a2c5c80713f93741c8df66fe83b8e2aef5c1df,2,180.0
0x2e2f9c0d379d2c3dc5fcb8e4db730b10bcbc0ac8,3,148.0
0x0961d9684bb2d1bd7166b49f3d5ad7552a8882b3,5,1140.0
0x5670654a272355c666f8c39eaafa9f8f398c51e5,2,200.0
0xe2e074f294155d6b3e5c71aefb16a670cf62c198,4,296.0
0x61a68fffbf7dacb5b64cc3e1a6575141f56bf78c,2,25.0
0x86774fdd157755f315c364b59eadefab536c10ce,6,16513.0
0x6c347eb88dbcd6c8db47f2989930c6f868b630ef,75,464482.2773380502
0x5b3137c5377ccb07a9f426b6136646f7bd3447f2,1,350.0
0x742a0f52a05c463323b59ac612b836e90638b1ce,1,1542.0
0xac884b7b88af414401795262e9463fc28830bc22,1,59.944936289747936
0xaf856f2729a7c221432bc700351c264efc169414,1,50.0
0x5775d5d88cf585be3ef08258309151072f510df3,36,7556.48179927
0x8964211e62bfec4514aa04b8c26ed41d77bd0a20,2,30.0
0x3cbc7bbcc5d6b5539dd695538c5574577628a57d,14,12313.03472379
0x18c8f46df5d1c6d770bdbe303791d320debaa338,1,20.0
0x9c6b4f01a3b99d11ed70dbc2ef917ed6a2e5ced9,1,1206.0
0x5e0c81d3b081def13bfbbf0daecba9cd4fc9b55e,2,2883.57644674
0x314c5a05676d4850f83038bcbdacc305c4ad9983,5,715.0
0xed8556708b9e2e2b8d0dd5c4960fe60ac39b3b4b,1,3975.663378576218
0x67cce63a38ad8897f977699e934cfea2ddf8f706,1,600.0
0x1222bd68c6479322f803a6e3dcf565b94dce078b,1,20.0
0xabdac1e7d5c93426d973aafb9da7506c41b0cb9b,2,40.0
0x0d8d74f3355c7ef5f3ca6719ef8619abf6832459,5,310.0
0xf76620826784894b9f3817541aff8936344bd4ac,1,240.0
0x290e5c0fba94497e492bde46072e456c7c316dec,1,37955.0613322916
0xccdd5a05ad19fe7a05d0f551cb6a4152285203fa,5,120000.0
0x6c5868b10801fb1cada6087077d368c9e6e33468,4,200.0
0xd9ba19cf5082fa62d3e1fc2c67ee23b5cde4c63f,5,93610.85302783074
0x0378ffb9d6cab233959b2f0fdaec888657fdc2a3,2,20000.0
0x485dadb0c91843df7aba95d9fe41a1335b414623,1,50.0
0xb4148e691d49df4da9876160c5e255450804c1c7,2,5816.0
0xbce4d9e28358c44bad9d62efbef85376a530c911,6,10300.0
0x7aeea8d382cc87c5446bd42c0b1d8e868d85806b,1,250.0
0x6f8568ca97bff6a3970a1a826becef09a23e02eb,1,5000.0
0x36ef1a8de0122a1d537ebb42fdc6b76ce1303c45,5,760.0
0xaad0f94f9aa353e785bb5c0a020e72bf9e8e25a9,18,174900.0
0x6fdea88724c2d4de7e383d10a4bf5fd09910e86a,3,1332.7
0x34dca39ca2b60be5589090856d39c07ecedcff1e,6,3100.0
0x840d43e0cddf07fda5ebef4b072ed49e3025f45c,1,300.0
0x035ddbcd0ec828d1d7ffa750dfc5d19840d598f3,1,100.0
0x516708b5ee51de1290b4ac87c9f728351dba033a,1,20.0
0x0872130eec9a5289afe34a5a66988aea78c8fb91,4,213101.01633
0x85f708626fb46aee4d83a12bbc79ddb9680dd1f4,1,5000.0
0x6cb79a1785b5d5f91cd72be99182556690e5869f,4,9700.0
0xee872a3d92c41c7424c0c406de2cf8dbe6013a79,5,535000.0
0x879179566f4d63c03ecd432eabf943fb4ed6e890,2,1138.84108571
0xb46200c25381323349ffcb9bf07e0539ddddeb56,3,36000.0
0xc361c3bf4240104d5f4c84ec54f706cde60d6e7e,7,18500.0
0xc16376d30806da713b07803230ceafcdee6c3a2e,7,18000.0
0xd74e2fc0f97981e0fe0544084c5a8f3b2bfa850e,9,182240.0
0xdafe3eddcedab61d029ee31c335eeb6d9e6a6e2b,2,3110.0
0x706b137d5a87ba541fb583610fa6e8a51f31dc3e,1,720.0
0xd2e7a8b078491602cba272e5b82a20cdc73993f4,1,200.0
0xf1dd0b0dadd9085b4985183f8003e7282cc1bad9,2,73500.0
0xbc896447b9ce8c7b4b6a1b05c517e1870203e019,3,10600.0
0xeb9701dfb52345b115552fd109ea9190ea4591bc,1,4000.0
0x4ca370952c2360bc306826543f81d8a54fbc8997,5,14300.0
0xae13cc18700883462b26c40f3365050cd177cfa9,4,1552.08302245
0x91077b88a1e4e60a4139646438baef5e8b9bd5d2,1,45.0
0x8070181e5dd0856e7105574e3e717646e61f5a32,2,2015.5664376099999
0xafddc9817c96bb7d45c86f9a357f6bf1c2170718,1,500000.0
0xd2d0b7d0258b6e9cbd0312456dc5cbf969573766,1,6096.2432981682605
0x0f50a5493d0964aa25d444b21dbea1a5d6fa5ce3,1,118100.0
0xd288fe82b2388b2ba5433545074c1c30864c609b,1,5000.0
0xda082de27ef54c357c3b0c226ab5ab35d41a0c84,10,10342.772941308638
0x16f22ed1ae22100d72c7190aeee81832232be0eb,3,700.0
0xa7ae05bed3abe852492b4e190b91b11af3f7e772,2,3550.0
0x0166ace8bb1e12053a54df14c19138a80374034c,3,142.887440588
0xbce4148ba1b29885c7b92c31387f8ef7071cafb2,2,21.0
0x9b6721b5ba770cb44ebd1be9c09ac43c5b9da53d,2,7500.0
0xe59201bc604adca54a786cc878637d8e51b39eef,43,111584.76
0x87e4b34e1138ecc3473a830a7cef26b2018b4a51,1,700.63
0x78047d21c2333b4cab41d411533c5eb2ddeabcb8,5,53571.276160940004
0xddb971decf63754597f4933034cd816f5d551fa4,2,4000.0
0xc06a947df354e3ded19ca47e9b6a526e9693eec2,2,3200.0
0xa2aeba5d4370f144a09e2a7bb13cda3e00efff41,1,80.06
0x155bab218388acff979075d232a86f2778a02018,1,500.0
0x3fe7b7c47247e19aa159991069f7ce621e5b15d3,8,73500.0
0xb7ce77d5626a70ca80cbf3bb256fe6668b737342,4,8620.0
0xe3668ae931bf23d1f407c62aef47fd31b46f3d34,4,16100.0
0xd620733719d67e20ab506602994eff73b0f09243,2,8000.0
0x599b463bbad9b138cd0149ec7cf358962d9d9d6c,13,1129381.29
0x70c9a8e899959d444429463b333cce1ee2d1b85e,3,13650.0
0x855cf2324b2b11aae5c3c2a16507cefd8ea124fc,1,300.0
0xf57523546f856a31146d029052c846e6a32ded14,1,45.002484694840525
0x858754a35a20b4b065e055cdf8b8dfceea53cf33,35,87900.0
0x9bc11ffba0940fd0a45daf45de9e2d3a4fc2c7f0,3,7020.0
0x3a45c5cd4eaf92e6317b7d41dda6d53acd5c5141,2,50099.63554085976
0x66765fbb8883375a8945bd82d6bb734a2a2371f2,2,1034.5511095896964
0xa545b6b8cddf264d6b286e2c3a7e29e7e82cdf7b,1,970.0
0xf4f6fb7a85b7c10e47faef41e80374d17c0ad82d,1,15000.0
0xe8dab10ebae0ef36b006fd6a399027408c36cc59,1,20.0
0x0c37da99220746561127533d20baf93f5724e952,3,310050.0
0xe32b4a0e57b33441ee0e3b8c65a13f4b00972ecf,1,110.0
0xd3c7384863e1db653072ebec39529941d4399c7a,24,78154.85576647389
0xc90cb3ab5016528eccb744c835dfeb4ae8d00fb3,1,25.0
0xfd8d3cce1c7a5b5bf7556216c5bd3e00ef412eb1,14,26140.0
0x09ba6957b5cdeecd1d623a9bc1821bbc884af263,1,400.0
0xdf600663a5d070425c28bdfe117944d6650c4065,10,4550.0
0xd7105721b7695d71febff50cff22cbbd9bf024fb,15,950000.0
0xe1c93cbf465b9610e07247c41fd144eff32ef661,3,2150.036431428701
0xcb7849a1fb2ea3de2d39d00bea0d06b832337f87,10,3230.0
0x2f4a5ef514f37e247130309c764425066ea4ef0f,1,7600.0
0x375d39747f0c0b3a85ba268d7977ce933dbe86f6,1,700.0
0xa7f381a2baeb2300e94c755324fd23966e0d58d4,2,7100.0
0x2183f2de81423dc29084b1aefd0e7412188dfc73,1,115.0
0xe13da8e94d0d9ac39b1484459d6c62aa5e3103c0,1,20000.0
0x58f988cae355377c8134516a04d58c8d08c57331,8,94000.0
0x33999ca4328c8585a6d03e812e3e482dc2445dde,7,15230.623100783894
0x4e00a461c9af35a5b86c4874a5c6f0e36f9fa824,1,710.0
0x52a6fb1a53cc86fe5e52ef2c781846ceadf00699,2,15779.925566493586
0x9663efda228af6ee5536a57c4aed3f9a4be7709b,16,8366300.65
0xc590abd1a6d8d3202cff086c4efb7e1abc2b2d41,7,123300.0
0x26b55510cee7483cfddea810ce4b52b389a0f756,4,8900.0
0x3054dbb11351514cc8052165301db5118051934e,6,10700.0
0xb76bc6578fa452ddc5a51e8eed0ebf33912c13c2,1,300.0
0xdd4d2efe6a0494881c261faf1b3d1309fd17eae0,9,38350.65063407
0xe645e920e406c06fcb6d96cd543552f8a7a14b1b,1,45.0
0xab377816f273279f29519ddc69101e6991ced98c,2,300000.0
0xdce76bab2feb3dda6fae73188cadc8e570f94ffb,1,115.0
0x9d60fa9773f0289be6b2c164dd9e1e3748834837,2,45.0
0x48dfe232537ce9407ad2dd894a61452b35f9ff46,1,4264.6047495825
0x67b0f7bd2320e8c80c62e8befd0a42c61bf8ccb0,1,22.0
0x869baf9a1049d323f40382471928524b6e4a7443,1,1001.0851459120884
0xfdbd882aa44604b8068d19eeb5706f72990f3802,5,84144.78137945
0x3fe67a8e8a521641036cf8df1e95c976d0ec06b9,6,30500.0
0x9dbe9534a803b4925cad6d30d369c61b0e0c5bc3,4,5050.0
0xee6bb3c0593d30b0a07d42e6b49ca6c3543fc28c,1,20.0
0x7b969ac07d5247261f1a47ed51cf7917f547670e,1,2000.0
0x0b7d6fe75f07835a4a00de87247478bba3298390,1,4000.0
0xcc78a225c189b4839006a644bffae6210da156cb,3,3720.0
0xc949f3685b2e05da7caf74e9a545fa6d94f72325,4,262840.0
0xa2ac1675dddb067976acd2fe08df9ffd30984904,1,20.0
0x455f4381875c6b73cf18d8ca9facd88dab5cf9a8,8,38499500.0
0x52efcc3a38374c34af3f52396fc7f78b3ddf1b2e,1,22.0
0x7b7cabf74ada4c2493a96242fe7276feaad44c27,50,57768.817626770004
0xc5453ecc5f048a5f2698177dbed3dfa257cb9f6d,6,66500.0
0xd3eb38465b716ed4287295db138aabb4013514b4,7,4003.14427595
0x2aa9894642afe55e65852282519abcaca2b5361b,1,871.44
0xa3eff0ef8156fc4f32a849a28f338e86e7ed5e26,3,400.0
0x8a1a0483cf80aad4db7ae0e9edb25c36e13cf4ab,2,45.0
0x2abf7a1e2a4661447708ce2d0a054a087fce6642,7,65111.0
0x02ee225ed1f4b6ffad22af523ab07e4ca982e1ec,5,3401.0
0xf151c6eab063692b8494befa4f635807c4f98106,3,5100.0
0x20d82668cf5c063ca68e93589a2065cd439ab36e,10,61500.0
0x985651b81d167d5e962ce7d6ce7be2ef5bba1503,1,20.0
0x8a22c0ebb3b15a96713d9d3982a57119a9d59480,17,8787.74636647
0xecb24e04279e30348671f628254fd211d1dd0604,2,40.0
0x0c48b426cae28e8a8368d39a7c592ced1e9372a5,2,610.0
0xcaab5721e8526fcb2e199275030ed6d79291d96d,20,14191.0
0xbe01b4cf3246957acd5bc980f2898bdbe358ac49,5,17420.0
0x6216902f49ba3fb1aec97a592c0558c8b6523ec0,21,381446.9721748369
0x0d94662d00206c3f66b14f2210ae900b66b8d16d,1,20.0
0x73cf0a6c9ecdad7bc961e29d8ac3304eabd4443d,12,910.9691152949708
0x013955507433535e7c1f2e554e707b14812018fc,37,2337.00943816
0xac4d5fdd62b97cb4f54bcb2478dae1cc55b3d44e,1,2200.0
0x9fd204543d02529057b40b333c23bd48aa0a007e,3,1591.24517902
0x96721c5044cea3e94621340ed5a9b11fa327ceb4,2,40.0
0x6bb6e0cb534617740020b8385a58b952f40aaae1,1,96.0
0x1930505ce16e254ac9203bcb529c4b16ceec617b,10,15692.720699633699
0x9b11a1267061389f78202e82e618ccb51a44a29f,2,40.0
0x152d91288b3727859e18d104b0ba15434819ff44,11,3671.95493512
0xac83c456f93570c20e427f93004f2eac236c2ff5,13,72537.61166583971
0x6beca53ef8a1843ab0063b80359ff17faa7d89a9,1,20.1565205564
0x6912a6b64ab73e592fbcd4944fcd0cbc87f2a520,3,1600.0
0xd97d7b5cd6f3826eddb2649fbf6b28305cae98e2,1,8500.0
0x95d315a6ddbb836560e3d023c148af79bcef86be,35,1902.3923963500001
0xf45cc1f71c44c2510ec89892b23727de272d336d,1,20.02
0x03fec0b8e1f3da155f033bc2c9315f9cdbbf1fd7,1,850.0
0x321fb8b59faf772bc8e4133aafae81af2ae7481a,6,212030.0
0xcde6fb881a29a3ed7b768cd16ca1c0f473f8227b,1,20.0
0x01a1418e60158d42dc5988422790b653ceefe9d6,4,970.0
0xc2c9550750e777177c51b050d0c14164c7449db7,10,511000.0
0xb3b1cd94d59ff6380614822444dd97cfeea7fa6e,4,4376.0
0x60f136ece779ad6726c7219e499534a257f50626,47,938.9510058876683
0x2941b76f7cdc4da8cb083a0fe63d20ba7fef8e5d,36,1264555.0
0x15fb7e2fcb8b787c0e53e2945bca82ae9f8b7f16,9,2510.0
0x4c19aa09053d094e938ea5f66b7b5962e75ad812,20,341285.0
0xd01fdf41f9700c66081528d93f2bccee271add3d,1,2500.0
0x7c9d304f401d7e530342839123a6fdf4c064f5ac,1,150.0
0xb96bdd456fa9568f62cce25427ea6526bea4a684,1,20000.0
0x524462a74a768e62d742159b1f19cce15ce95d43,1,47000.0
0x683916772a2b7398eee286eed6b442950506ce13,3,130000.0
0xb40079e5e56104656d5a4d9e2323bd149ce1c646,1,600.0
0x9dcd9b760a73ac2d38384fdcaa265800e6518d22,9,2550.0
0x55b5993abbf736a7919cb29e94c09187b51f6088,4,1500.0187597487811
0xe2826a6fe606a32daab10a555747efbcda5b0512,1,25.0
0xbc143560be6a96bc57fa079bb61642fcaf9c9cc9,4,1512.0
0x9b4e09a2de23de4bd62916cccf42ae43dd711008,7,125450.0
0xba3743eba49f7110096ef53729938bb2ade0c203,1,20.0
0x78c4b6d93a966640b8da410d1aadf97ba14f3da4,20,75850.33440509318
0xbf9dd4a8d55035f2e004b4c2613d308fb74beb8a,1,15000.0
0xeff3bfc6db3fa63d403e591e56da2766a3d88a36,4,5100.0
0x14b28af56e297addd04a856ceb4cf4107f67fa64,5,24500.0
0x554150f76e431c8911a9e9b80f95607b4e0716f1,2,50.0
0x88dd9abf2a902a2ae50487071e90e98c7150cd3a,37,137316.31773154408
0x013472c288dc7e41ac144b20e95a2e77352ea2be,1,1719.84
0xf16729ff0ae5a266a1d7462b177393ce9bc2156d,16,46931.0
0xc04dfb60df1930b96d7a70d3f5c5ced9c0ad1125,3,15000.0
0xfc4c5c69bca3aabc469598146c063c7f9b33f5b6,3,4460.0
0xd0850fa2a0f055f3bd7fe6828564d0e8ef40fa0c,53,682276.3385542283
0xd35428512b1182dd0f3336167fb2d73a4deb621b,7,1078.0
0x26cd787cc6a246e4d79f917185c45cfe0c335bf2,3,3295.0
0xde2ebae1a0ad4f9f7fe40a5c9501443bb04325db,14,24510.0
0xe3b89835916751765ede3d877d0a939376f69c24,11,1311.0
0xb47571d9e8fc47afb73ab1178e0bfe84e8372f66,1,2400.0
0x00424471350f848c28efb017402a32134bb2edca,1,20.0
0xc84013d90c5d3338b4208cda4f5d72383964be68,29,75291.0
0xca0a002f4015c742db7d3a5eacccfe3387bf4c33,1,20.0
0x6cb5932c42603250ccecd3dfcc52b0488e68c442,2,3500.0
0x4a9008049a1195d59fc3c9190708082bdfd7cf4d,4,1700000.0
0x56261548e40fb4e615bd6c8925d9d49c48f60e85,1,25.0
0x17c94546a72e3cb440b8de6e0ac8144236b8e652,1,25.0
0xa55b4c59db9741686b3ba624a73dda6588b1d583,1,1000.0
0x25fb4320d9e0af67d51e4c24417a0c5046cb8056,29,47957.88934756
0xff76d221ceb697c8622d64777eebe3f1c8251b9b,9,915.851
0xbd9c6e163557793928310f08544ddd4d7963ff00,1,38.21
0xd1ec15a41fc72c06ce8818dc55650aa6a0a57fbb,1,25.0
0x714404704037e21b3d952563278f60456885a01f,2,800.0
0x7aee12db358a808495b0dcc8da713c5f8beeff69,5,12500.0
0xa274df5851e2d71129d4c22541740e512ae087f6,12,609100.0
0xf78e003afa77e203b3c06ec80b58849aa4b248d6,12,4325.0
0xd91c9ea5889580aa872f794d208bcac8c13ca132,2,5000.0
0x15f2b0f84c6f0bc14b30c3aeb4def8cb5ab2f755,2,750.0
0x14daefc69c2b5ad5efde844c6bea82a41f62b377,7,675.0
0xa5d47b480ccd76bb6e86066dbe9a80fddf4aa8b8,1,20.0
0x213e37414612ca0187aed7000241561fae71c610,1,500.0
0x668dbbfb12a1fcab615a5e60dfceb8ec79286fe7,1,500.0
0x3c974322b43a8267c9eb26281aad3d9490056c91,12,7947.0
0x2d846760ed230c384cb2c54f8f6aafc026ba28e0,1,20.0
0xaa84eec565d73761d4dbbe32a7d2e475c015a869,1,1500.0
0x2f2139c562f27686666939798c60cbaa0b18a132,7,492.5
0x8f1c6986be6c6ffb36616d550deee7a81d57befc,1,20.0
0xafaca3ee32aaf81ee0314e253ab789427786a45e,16,247956.30256189016
0xfc1d12b09199a798ee9052c7e812b76a35ef9c0b,2,757.0
0xc2a036d8f77655b110c73b5ba9d5ef75ce26bf3b,1,120.0
0xd804f754680f42103029c16c43cccbddedd67817,1,540.0
0x395dacf23378b0f957e99ae48e2eb74b2a48ffb7,11,15750.0
0xa91be37da8a37fadc90678e7caf916530e56a5f4,4,10006.015967041487
0xb196fd7ef3199e7e787ddebd3d7579555b4fb5c0,1,100.0
0x155091748030ddd1dbddea2b60002236ddccb06c,22,3690819.6588019496
0xfedf577633fc312286bcc1ba419034d04f2132f1,86,333937.0
0xc8d6f35d8b67856e6f8dcb7fc32545cf56f01e3c,1,20.0
0x2dff910270db059fbbfe9f949f3cfe4744cd3d41,1,1178.0
0x71bb94cfd1afa4607e407e5f6f6cc96a42695858,157,90193.18344523033
0xd0a474b44dcec9bb82686ef5b0be7e415e15efeb,2,800.0
0x258f75d38b214fac1b3e594a591bf7785568ddc8,14,80951.0
0xefd6404fe8a8f29a92c9884198fe0aa0258127ab,1,20.0
0xab492f970d2c5246d97ee469da33ee2da5318028,6,71500.0
0xe72343eabb5fe2d769b3584c8f61792e9ab176a8,3,2550.27
0xaa3ec4b23eae71e3ec0dddc4b77c8d48bf701d68,1,800.0
0x9de6d3dce8ff222a62b2bd412bceebd1fe215cac,1,3606.830425163853
0x34638351581935fe6c4a5a568edf6031590594ba,10,128194.0
0x63f26b1330819fc770799435324ac62c861675f1,200,107806.57617559345
0xa1713d2b698772e73804d0b4df0221282cfe6a9b,3,20096.40814186511
0x0de722914836252169329ee8eaa77efdeca3bdcf,3,143.0
0x715f1448e4273c8e842ac88306d70769a3ee26bd,1,3600.0
0x58e092a5cb982643656259eb3eab104495d6d93f,203,316507.36999169574
0x168b8e4b7e3e73c1892a6820654df167eda5d5aa,43,90608.6311558054
0xeaf6d3c8dc0baca01c0c13f16b7baf7249af1f2a,3,154.49250056225594
0xef9b968f6061a0f205b753b38ec96c53ebd5e7fa,1,100.0
0x265ccb8faedbc1e5fcf79045bdf44dab4da54a0a,9,3835.0
0xa24ba2a93513b2c9174c5b0ea252a47c5b4f9f26,2,690.47449224
0x79b8e94c6f8fa701d395baaa7fffd188c789fd20,1,20.0
0x228a54bf341eb213c3728c9bd7451e633b298786,3,2118.0
0x9c6be30630f0e47ea75c5794ce07fee6cb1fec62,1,2000.0
0x29b1f745792c46515f6da7a262fb15ad3d73a643,3,600.0
0x61f437c1f72436154c8ba4ef5925aaf5ac32c583,1,20.0
0x8e730f28eed0a8835a8ccf3b793d954199ab2e2e,33,380217.5926108017
0x5ac97cdf41f8c38cbef24364a2e584177379806e,6,341372.97
0xc74ed648a486cc37ca6b8ece2a1386f14f29810e,2,467.0
0xaa1d98ce8cc43d2808809dd2dde68b90d1d0e015,1,280.0
0xe1a8a38361814f85e2f6026ce52fd57cda08b089,1,20.02260414
0x2e55e0a3f90bcd43fd7fa90e94410a4b1d8da8f7,2,57.03
0xb3eabbf9078f971b0178cf51dfb56896d78eed3f,1,20.0
0xbe0b84f202389838ab80708294d9db7279bdc416,2,78.0
0xf35e6b9f77c2efab89d1cfb7d794fb97323129b1,1,20.0
0x10efc8eee74a099716ae6810ba165e17b120cc5b,15,6972.0
0x71122b0374a343604775e4f996f10f8ca86f4b70,3,40.0065918452448
0x5c0e8e4b90f98c31b8f19a7d3bdc85dbe4bd6c57,2,140.0
0x6699cf67b60ba72e094923d0412d201e336ca732,1,40.0
0xfc7b7ec63ad95b32de5fd5737d20c13831234768,1,27232.94437809401
0xb7bf93423f17f5c0488030f6bc932c4a280337d1,1,20.0
0x95535c61c76dd78a7f094b601107532e81ffcc17,11,1028.7281541460318
0x709612a1b67dc1c722354dc5bcd98e4f32110885,17,3496.95299748
0x85f575fba734ad11ccabd840c09302ec7033e705,1,1685.0
0x064deb1ea2362885aad1b3dbc252a7d289f5671c,1,764.0
0x6985a4677d74e6384d83d74964ac83ac4a096b74,1,51088.70184349505
0xf8c9a7b1d5f4bea6ce403b1192e9603cfe9b9681,1,360.46
0x3ca43d0218fae046ad9321cefb3d1ca1468b42f9,1,166.66
0xd246f9320c3e92b90236f8a67332d361e4a6a73c,1,77.69
0xec412c4dff8651eb06da021ffe35c6ef69209bb1,29,139100.0
0xaecd56480181a5f22bd7180bea5850241e06ad9a,4,54020.0
0xedf8e76a2bf840fa97dfd15bd8435ab6969857e5,1,420.0
0xa20ed501df0c29384434945f89288320551512a4,6,31000.0
0xb63e475799236c7b42efd4030a5fbb36c0025c7d,1,58000.0
0xf607b1bb098049c414b046c1ab1021f4d1711fe2,4,2073.0
0x318e82eec2c6733d0d12ca56ce5c07235037eb87,14,7165398.621991528
0x085083a56cca03fa349c30cc95fcfbb317fc7c80,5,220000.0
0x9031abea7291255827ffc928d50a61230d8fb202,2,1100.0
0x07317a5e5f2e05b07e65170bc247b6b4cc065067,3,4441.633878162023
0x11ed34d52ce87b435dca33340481fd9d11838cef,23,17014.4900632
0xf7eb69dff823e65a884f22a39e7d33acd411b3b3,13,24239.86
0x705ac83174205944aab4dfc67f5a72f327896fb7,99,2188777.4612301383
0x64d1ab28c0644a0103471a10bc8b62e9a7dbb385,2,800.0
0x4dfcb86315ccc3e1dfa9159c3a7244f4382dc9b3,10,157050.0
0xf2a4a5067e0e278cd469ecf5b8823d6f0e9c767c,9,27584.0
0xe23818a9011c45c5eb78345e35a9b1b2cc87d0b2,1,40.0
0xf89c875113a6807a3bd778dbc9ce5e74bf7309d2,7,11499.853338
0xee7d8223f9251843f81c78ad72905cbe94fcccc8,1,230.0
0x78baf93bd9e51243839460d16315e29efd0871cb,1,20.0
0xf334d1e7b7d52ffffc4d4564341024d550952098,2,171.71020533335866
0x5a000e2920783b56c63d4f26305fc2bbcf7477b6,1,40.0
0xd733c8f48d4bc7b811c6bd449adb2b22e6086c9f,1,50.0
0xc1a92e8d3152833580b08063f9a644dcd48e9cba,1,1105.0
0xd8595ad84b0de0b284d1175c07f9d77c75673464,2,2500.0
0xf9b17702190c9e8d0dc7d143b8a6c42b76a5d7dc,13,35035.0
0x9c72404486533a3020462da51d8f1caf451991f1,3,70.0
0xd5938ab4bd6ea856b57ffdd9fb5db2c3fbdd2cc5,3,5280.0
0x04d82f43fedef49669eb4cda6f18ca4608fb04f2,4,5810.0
0xec1c71d8197bad6af92e760b8ad52a2eb4467618,1,75.0
0xb3c3e7a8999f5847467d08deaf23319e4193a2b1,30,131757.0
0x7dc89da31b7cc445ed38b9d13810c75b7e7b4d1b,4,1775.0
0xb1a992f9d7e92d027f02105bb8e3b0c26cb60615,6,12185.0
0x90c2932092e13d29c37d5f6d23c65d039641ea29,10,600000.0
0xc512a43d98ec7f8db1911136cf34785d63fd1f51,1,65.0585
0x87caa73a08883c8a70b84544321a8265c5c5ccee,3,1600.0
0x44153f6a22363f1caaf5b14873825a0ddd9fe988,25,27973.032121891418
0x42fcdb9fc646aff96a51c7560d42ab2459884c75,1,227.55
0xa30415e72472f5b6707565ff206ce7bcc81244c9,1,30.0
0xb5b5dfbbf1fda33d50d063ddac3cc3a06fc64afd,2,47.0
0xb82e4fac448b4e6fad44d7e7fe82b28d8fee0af7,5,119000.0
0x1137c3740ade00cadc430784661a9a80a7a28030,1,5006.881951974668
0x7effbef4b19f0734f79ae85549b4e9618d66d624,2,160.0
0x5ec8c3643af8ebc1c3981a3f8d0eacc7ba9744dd,45,38230.5154027
0x3f3e452b1ab558fc50706f410c238acb17671311,3,82500.0
0x64253c27afbc26379ce2d9479f72fd3abc191159,1,300.0
0x777c45253618106d939dad592e3d4d08a7cbf3ef,11,2495.0
0xa6a6149be53ee7873de266ab31a167b6cd12c529,1,300.0
0x976c8b55f82c0ca8039d64a6ffcf6dc0ed0a0b00,11,14100.0
0x8ea22f4f7eec2b70e68a670f5072adc902286798,1,50.0
0xf8c8ce4967a145dd98e10341ca456eefac394a71,2,2000.0
0x2cd7c98f659e2b9863b0d924a8cea7b6a25df877,7,4020.0
0x12f9d130f7d2d1bd0ea8ad3f2e5cb5d5fc8ecf4e,63,340511.48301843
0x3e226b529f2f49a03d882564e9ba2c43aec3a211,1,80.0
0x06c91aa25b1c9230a79bd8d793017e10c9c57375,1,65.0
0xb24370831995db7fec9b98ba9fcb2037ea2718c0,12,4455000.0
0x353dba51d4d1e26cc5c295ce3368b322df084a09,59,25733.0
0xae3fe0068201bb6e1288fcc9ac5d12366d72146a,2,16000.0
0x78b0e75e4c819b477a11fe4fe7762f722c3bd319,1,20.0
0x1cf841d2e1ef9350c80d3a9dc47e8e25e0bbdff4,1,200.0
0x5cdf22fafa4f7b32a24c1345988b23a8ec736114,27,26020.0
0x1db48625ec501aa31ff962a950ec84a5dee389d0,4,2622.8637310180225
0xdbbcca4a0ec5ad9446ee4493a411995aa5323a7a,3,855.6443221018129
0xbfcdb5057da7fbe83a629728d9857d1e08cedde2,1,20.0
0x009491652d44c798b05b561b7a542583529df630,1,20.0
0xf247cf6c79d545353caaf5f9382778cb1f0bcc71,2,26.4767563408
0xf2b5600f02c04f1536c84d2de8762c5f0cf83abe,2,800.0
0x3fca8fb8c07d4411dbe670dffae01fc9b93eb337,11,110400.0
0x6144cde1aae22bc021bf7eeaf74e6222e0567769,2,1750.0
0x8a43a85d2933987bf19c155b91d1016571a0e885,1,99.20958
0xb4240a24c6dcc091db91b42f0b500ef6e6e01e9d,1,500.0
0x5979e2da3faa45ec26d769dc215526bfaebea769,1,20.0
0xef0aaacd2bc4e953ded677ada31029c362200c35,1,20.0
0xc905e082ddfcb6e491513b1fd5edcad0ec754649,1,2800.0
0xacb7459891bbdef024fac8a0006c5a26be8fd22b,1,180.0
0x482fe70c2e4004c7ebf1966873c7f97efe5299e0,2,270.0
0x3bb571de8be83f266866a76c0c6214185833c083,1,2500.0
0x02e7b4bdca11eb0e1d1c266d38a3c25079ab460b,1,500.0
0x769500989986b36e33a4f9af8274ffc9e3567da0,1,200.0
0x725311c1df07abccf70857ccc91c65e79316fd3d,1,21.1872
0x6d23f497bc3bc0988967eb454f3861dada6330a1,11,57400.0
0xc5105dd250994d25d6c60aee513c42a092d5a2dc,13,728157.55693325
0xd4453e4e2657007d50afbb659383645db2c10252,2,22.835
0x754d92d7ab8663bf35ecc0ce624c302667f765cc,1,33.0
0x87046c180fb179cad2c6a4aaa39d03efec116305,2,287.2548021
0x32898b49bb800b9687e94d9095a71a066b30d977,6,218500.0
0x92ce6690f56f706ccc1992d3b11c244acdeeac28,1,90.0
0x6dd2be20ddb9da3ae631492dc20eedd6069dbd07,1,543.0
0x2aa762ebb23b4ebc392050ad16519d2340733087,3,19750.0
0xcfa4072a443a313497da0529ce659c9d79fc66fc,7,210000.0
0x27cf562c48c8bf1dd80efbcf2332f9ad14764d9b,2,30000.0
0x06f4cd61e0d0e8ddb94c3019727cf3e7d46166a0,10,40726.0
0xefae49284104dc44a14055f30591770e1de45d01,1,1800.0
0xa688d289fd0528b19ef715958ae5c4032012d713,92,2659685.8699223553
0x0bc05923cb91a742171230e4f7d7cfc6b4793f3a,121,269750.0
0x95c3408508a1725dffd921e4c7986436f6c072a7,14,29200.0
0x24ec02e1c89b9f84c86f117658965a4a9c8c7345,2,40.0
0x790569b11ba4d09b9e97b813de64025962565f75,1,20.0
0xfdc2157a636f3ce720bdd829dc4159e8cfabd3b0,1,700.63
0xfa38e2e1801715822da8001782d7c47b23a04fc8,36,1029640.0
0x581d4b4a082cbf45ca0157d2e93d1923e5616c08,2,4250.0
0x86452efc44e10f4b19a91d0b11859141e53c3887,1,103.85898904
0x84afca674f285c56821f8ea999d5c726a8076ad7,1,1300.0
0xdf84848b7e3fe23bdbc158fb48a54e4edf95feec,1,110.9277452
0x4f89fa80512cc77bcb00d755fbf5207d2cded780,1,200.0
0x727b78a53f447dce273a25ccf591361cc1233811,2,101.0
0x674868b6d56b94e47adf13949f11092ab8e8625e,2,2995.0
0x0a49c47e1928737fbe9071a459afc792cb54eacc,2,2350.0
0xfeb9400ffe7c42df1f24dbd1eaabc722ab78be6d,4,2425.0
0x0779ad108368c4e99e0b63c15b709b2d1a601a5c,2,600.0
0x98da84ba2bb47e66c81ca16af32886aa77acde38,7,139.13
0xcbe8951de91c426fe46eeb8cddede339a2c2db39,1,50.0
0xcbf693935055665207363cbc28e079fb8c376477,3,116.0
0xa9b9a119b36f942539d4a0a327880ca1ece2d831,1,20.0
0xc99f3c82b3e2034b07b00faa624a020fe4de741b,1,1300.0
0xea03b6960c86bb7957830a70741274c5ce09881f,2,35.0
0xc293e329c0354f8901149689e69d68f708b6aba2,1,2500.0
0xa89f695b83bbe62fc99a53b4449b82bbccc92428,1,7000.0
0x90e1a68ca740a0227d65a6df719e993b54a8c88f,17,90486.35792106166
0xac386834c1b6ed673c796172f8439143c490cb24,10,17059.8
0x6d97963e23865120e8f65490c222ab1c60ef7682,1,2500.0
0x9e8130341ec116bbaaa199f3063e1f58b92c4d32,22,79453.50362565686
0xdfa5e8dd564146525cdb7913296c151d37c728a6,2,800.0
0x62b0017424ae51796a10e755e3e39317b4281b21,1,20.0
0x552d6f418664009289977004cbcaca40a35ceb1e,1,20.0
0xd4ec58f988906133ebbdee181d9e35c6668401f0,3,8617.4896392234
0xba5564b5f4a329adef60fdcd988cea95382cffa9,44,16890836.70503
0x43778511f8adb787287d27946024226aac9788e2,3,43425.0
0x4359ac9a953e21ebde9f015e9ce66602b21cf631,1,2000.0
0x4fb5c72a8ab8eff3d2e4c68acd1cca934c34016a,1,20.0
0x19a83c2aa5c3b1c4106665e04c424fb10aea7548,4,6502.658133742292
0x17638b042d59e932c278dfc7238fb2430fc4938b,8,3396025.0
0xcb6ac41fad22d3ddd6c1803b8381bc8bc4d4fd30,2,60.0
0x4676834daf9a4baed75489c4f538c375e7f3eaa4,1,23.27299383524159
0x5844dcc54567bab2e7cb1e3e5be6957cd846f4bf,1,100.0
0x521ea579ad74b8fe2c574c8c49c1d104392b7c3c,2,11688.0
0x07eaee584e8e3bc11696c4d19dae2ea489b3ca1c,1,26.96
0x299c8c8d0d8cee8d21203823a7e1130ee3de93c3,1,20.0
0x6bcb573b394e45d1fbb0a09b04b266c11af4b217,1,20.1161682
0xe573fbabcb2341b9bb6ccaaa9eed3fea15a2c5bf,6,458.3206321593033
0x6456c23a0e403117532c9bb1177e3f1acfb4dcd4,5,260.0
0xc306b8d4f710d99aa05960d179a62bfc2f30c7ab,3,6600.0
0x07d1a89534d187212150e3ddfdf3f7c707ff1fc1,29,33922.386094913774
0xfb00768e18b1c4625032c19ea8d640f363d18086,4,85.0
0xdb0a35afad349b8f5c17dc830780dbb177dccf02,15,951976.0
0x2b4b4d9e6a34c4594823b4a947b172c9a2add57c,7,337000.0
0xed57cdb074a0c942cf822f045a86ce9097d7f5ca,1,20.0
0x1e2e1b565f89ebcec47d3d00353aeda997aa334b,32,39363.0
0x7f32088675306dda0667eae757a83dea2e5fa313,2,66693.72021857032
0x54a9de00f7c6445e8b4551102a903473cbaf262e,3,482087.2191607928
0x71e0e8c1dec7e22f6ce615e891f34f85f47fad0e,4,8000.0
0x53851f08b974ccf1959777ff35ee44031826d656,1,20.0
0x464d11fdfec9842b7d01319a8b6117c0321951f2,1,20.0
0x0f5b66e71ade4a5a22d0b29e7ec0b9218c342a9c,1,3000.0
0xbb9bdfbfcd438a5f9852fd1a8efc091d1f4c5225,2,100.0
0xc1e3a6c7878099f9035e4bf18152a05e2b028a81,2,90.38
0x5b07fb52331d7ee8a27cc71a4bb4b380f20e7293,2,40.0
0xab33bac3304dcce759950ee60d0afcd5d343805d,1,20.0
0xec36ace25b2297fbe36d9d0ae076931136bbdc6d,1,20.0
0x3b39a9c17b7c1505817bd6a88e29d161acf4eb75,7,10760.0
0xb85fd387d75c9a56181998d13a6c71bd5db7f586,11,48100.0
0xc2295946e130941b0d6615d294707946613f48fa,1,27.0
0xa2c9c390346ae8117d3af90939fefc32b3680fe4,5,44200.0
0x79a548f0f56767edfd3f38169aa2c9bfd60c6cc3,5,984.480603624
0x2659fe415c9698724ef5c70c7cb6182360d05957,82,3324140.1159214103
0xaf050df1c8e2d99236827792f21708fed79cf768,1,20.0
0x62a2851197a313901990d277e32cedec0905ecf5,374,633666.2848741538
0xdbe9d4391a604b09a3e057c0f86ca14697529188,3,995.0
0x36bdfb2d50c693d7731d1acaf33d39aeb105143c,1,150.86
0x706ac1a5333981b4122a9edfa86566ab5c53de25,2,80.0
0x7bf58dadf179a37c279993444b1ed4dd9c81e61a,1,100.0
0xd4bd44dd5be2b8108be7489ac20e6a452cd2a96b,9,33900.0
0xd96cc2b5769fcac7d47643ea91855c46b5e042a7,2,2000.0
0xfb3085c6fcc7df51a5ea43e625000bbab915cf2e,12,20600.0
0x5bb35632030013b20c3cfb3015dccc3ffabf5cf9,1,19000.0
0x53493749f1f462af0640aea06841c1dc2093c3b0,6,18698.52580998897
0x8307a01f17f496497626caf1f6ce490faed224e7,3,815.0
0x4041df3d6387953d1108df6991d611ccab665dc5,2,705.0
0x2dc72b4ca08ac27037b50e3ea817a09ed07aed52,3,410.0
0x70082954cdd6e3a774d7377b6d26b0a946bf526c,1,150.0
0xfc20d95c2130124b3434f9683b77d227d6f47167,2,45.0
0x4b3542d760aacbdb981d9213ee4e1f0dcbbd8c93,39,56319.81112048
0x9cb03cd03c3c39acc78adbe1dd6439e5924af3b3,1,20.0
0x5e2b589cbb9b7aded5cd04ca27c9c17588c9728b,3,870.0
0xf6fba7f5b7a94294a076a38ffb871297f4b8eb83,1,20.0
0xa8078be54a24ec3f068c98048570b916752e22b2,2,40.0
0x281260c450dd36378727c1f68c88b41a032a5e52,57,817330.0
0x3ed8b37abd2bb7b71f3def112afecf29ca7ef81d,1,20.0
0xba6a7cc62b5f6fdd75e0f037c7da96c744bc8b94,57,25249.177366836826
0x7e537cc54bb3cc110d699704b074458bc98e327c,4,80.104
0x9725b17d29474442e8830c51b2c2bb0e0921e6ce,12,477000.0
0x7f0f14fd904b18872451e695f14513203f8122cc,2,590.0
0xb41acaa9ae1271bd64bc100c2a0a0c9dfbdc3b22,8,382.0
0x6f458394f980ab3fbee41046a8acea5ce863e455,1,47.0
0x61e9ac8f9aeaadf9f90632c6ba6a146604ee1b07,1,25.0
0x7d0a1eae91b7c606954459b057b05655aea6b28a,15,5690438.1
0xe0e54de2967093ee5bd7d37834ef73faaa1ead73,2,20320.0
0x09fcb645d4c468e89a40560afa520bab410170d3,2,30.0
0xfdda40bf3d034c3a50e8156edfc2486dae998c1b,20,3055440.0
0x42a142cc082255caee58e3f30dc6d4fc3056b6a7,3,33.0
0x124ab271db101da351b4077a86356784a5bd50aa,2,130.0
0x003cff9c892cfee6dc0f7a3c864fe0d3b243072e,1,57.0
0x6a82adb254333fb665de27bb090d5e847ad3f96a,1,1500.0
0x69e246f57784ade2a275859cdd8517faad8c63a5,9,4577.0
0x0c5122ea3ae01aafdb2b336a0a21e895d6dfe4b8,9,9586.370525999999
0x11cc1e421b3531d462b9c5f5c342777ba2fcd3f3,1,765.0
0x174d586fee04f228e170d3743f49dfc9ffa3e407,3,355.0
0xd39c14d0e452ea880cc46146a205bb71287d7d8f,1,20.0
0xa0181f21a4b945b53660a947dc1e63bf904a4310,8,1425.0
0x5858b2530b95045336c6fe17d5fecbf0e1844fe5,58,175837.04189992763
0x8864f10ca9cc5b141a1c98a4e5cb025c3bb32b48,1,25.0
0x4baa8e216934f72264e4ad75a35a84ac99e8a920,15,31648.25134522
0xc909a7dd1f4116736a1b1cfbabbcd1db9de5bcd1,1,50.0
0x3280537f373633577f2defa17c29ac0dc0a9931f,6,160.0
0x5107a070552313244372100c0c2882a2097678ea,1,65.0
0x37a3cea748cfb7472b1278bc256ab320d7d5df6c,3,576000.0
0xc6afcaf9fa089c2a76724591b09e738845bd334d,7,25660.0
0xf386cdd88768759794be845b2bbbe731b7eefdf2,1,8000.0
0xeca72f604c042a2b117d5479850da17d87238a41,4,3215.0
0x6a85cd40b2bbf764e54c11874b6ad538507776e5,1,25.0
0xa8acb9e8670e943e96e74d423befb101cd702bc3,3,1350.0
0x908f2aa462caa37d43cd409b4770a60780b1bf1e,1,21.0
0x6259993994d2a2f128a6796ed982ebbda0df7ecc,1,1400.0
0x7fdea7e388225c156164cc2439afb1276765dba3,8,484.5269912047185
0x7b63b57d6ce78192b0eceb061028d61683b9a57d,3,270.0
0x1b14dc2437e2f498d241aa7613c24c534242b1a9,1,60000.0
0xf60f6c281dacba5f4e837b9f545a1671bddf4567,2,61.0
0xfbaf2552e057c0c4e42b4547272f42f3400310a7,1,20.0
0xdf0c582db6b1958807e4f635f0aa1090de2469e6,3,6550.0
0x44902637cecccdea0ccc2f06e5441134197b32e3,6,3510.0
0xc80de8b3b1441f7dd858c8956e9f02d35a95abb7,13,1095.1110994774324
0x23565330a660b4165455e9c3d615159ed9b26825,3,2250.0
0x136b9e5f2ab0dd060bc5ca9fe7b158a548fb7480,4,4000.0
0xbb93d1baaca03c692222909bcce67d5f4f0328ab,1,40.87130839501352
0x1711c14745674daa4f1c69153417cfb620e55794,5,255000.0
0x6d2ac89923b2f98296c4654cd8410ff5b212f5a4,4,368.0
0xc8fcc013410b3502a354ca718f1a64f14f2b89a1,1,2470.0
0x1c92490eb90386898faf8cdc1d3c3b0ee420430c,11,51200.0
0x95aa89cf93322c54a051bdd0fbb7d050ad2ae83f,1,128.0
0x479b34b07f7c9c1f55b21ddd94195d6e8c1aed57,1,20.0
0x5e6c334c457dce50c05b209c39052f686942a847,1,700.0
0x93b92627a04f9f41d75e52b2cb3105aa08f929ed,1,400.0
0x62e152717b433cfe9a4ee476e8b38407222c579e,33,308.9143777095181
0x90aefc8ade9aba411f2a3c8d9c42b3494bec2ded,1,20.0
0xc0e6161c8c2239b1a472789095c6e433194d1382,1,70.0
0x9cd9247e6bcca4a7abec6854b9605b0231228658,1,275.0
0x0a648306ecca825b399f2e9beac801c2ea4fbdcd,11,3190.0
0x4293c86112f383508696d0ad78de4163226d20ee,1,300.0
0xc14c12e3fefff42e3498c8aff31e4ea4582c66a2,3,294.0
0x3eb032ce95eb0f150de84564eb084317ff7ceea7,1,20.0
0xa77c845e6ac5feb0ceede341496a5dc26e951345,1,20.0
0xe8aed3f60f9d95143875219bba9bb11493b45da0,32,52582.58754061433
0x88525546a8f6a3f17b929b7cafa2f7a3b655c064,100,594713.7675981884
0xdeace581395e9cbbc2a4267fa9f28b1005877558,2,206.0
0x5cecefe7de436973ec0b913c4caf7c749f44abbc,20,919349.2089765377
0xf4794e1547f1e594f63a23f9cf08476849831dbf,2,290.0
0x210b0ed17c6fe603fb434b5136e0a9cf1685fa30,4,2325.0
0x8c39caeb87c2e867de99e0d97042fbc55c0b980c,2,500.0
0x78a3e123fc502ea47db6c23dcc772ad6a82250c8,3,2730.0
0xd610d29be195577bf32615b3adce9a48c3be6624,2,3900.0
0x123ce9f2a0d549c18a8c11dfa2d5aa71810badd9,8,54.0
0x44c3796b914a56b1b09021f47f0f5491d5acc660,1,155.0
0xd7762e0896a322414f864c0f27caeb4d5316ad45,1,20.0
0x1cfb27e68ee6a1723695326c7ca11e909c3cc170,4,9660.0
0xff73bb6513c7716e8ed8325f823b8046272d3340,9,284027.74764434143
0x623de252166ef1379563a4994b10aecd8a04ed9e,1,50.0
0xa34e5fe6f945a107bda72d0724e650b12218338d,1,75.0
0x7138ac2d524c3281ff32bbdcdee17839b2a22da2,6,1230.0
0xdd33082bacdecfd1c857c795520e0e2676cc9e50,1,200.0
0x1d2ad868307ba2b1235af0721b53bbcd41f10e88,6,2840.0
0x18e56c4444add10b72d4b5065d4e586e37f61967,1,25.0
0xa6bd8e0235683d7835b1c98e910cd46bf239d42f,1,20.0
0x68cd11f7a1df5cbdf7dc875b512d30ab900f95a0,3,105.0
0x6a6bef1b375871789e8a6da147b55a9fb7c70d5d,2,1150.0
0x729807eb8d275ebefcae16fe783788f5a72cc392,8,980.0375138623907
0x4bac8230d42d518f3d969be1d80f060216081f34,1,577.4651909509839
0x59c3a4ffd35a35804dd20eb37fbe963a60951562,1,20.0
0xdc1059a161cdca7f443b75930b8ad434497c0578,1,20.0
0x77f2b791a6b16627063ffa0b32154a2dcb37adaa,2,54.678
0x960601c5450f971cab21182cb796da8bd4a4f4fc,1,20.0
0x634f96dcdd4cb8b5940f533183e577ddbd71a9f5,54,22289.652465488183
0xb85dc9eb438a7c116548b95f363ba5d2bb5611a3,1,20.0
0x0f71309ac5f0d5d1300c43a9e11fe2c35e551044,94,297874.13367753255
0x1e67d03747550aa2f5c99c16f078c71677581ea4,198,223533.3654389522
0xcc2e80dcc9350fdad7732ccaa0338dae03c951fc,1,222.0
0x27babd9cfd7a2f8c34841c83516179ff4930e94a,1,111.0
0xc5f93dc7e5ce4f83f1f31bda57c0151934d75f54,2,600.0
0x7e4ad573e35210c043d7b74e2a849a8bbf57202a,3,120.1
0xe98317cde3ff1fc43bb9e45b9cbbc9bb90654a56,2,40.0
0x1438dd46afbd70aeef27dff2ee85d5e263298223,2,50.0
0x03a3b838d8e4df39ae3b8068acaecec74d407449,1,30.0
0x0d2313b2216b6aab909aa1a62ffcded71d402986,1,20.0
0xbf4d728b5b8dc310d7c3f0412022310081f046e7,1,350.00066082583413
0x97fe854965147ee66e58f6db2ede0a122d483a6b,1,20.0
0x787f7d31a176303f2b0a3d11eb0ed83c8e458223,6,1100.13
0xa20f65aa3c6369f23b24c3952d0f42394ae25b3f,3,41.535860799999995
0xd951d4dce59daf01b8d219e476405acda6562cd4,2,40.0
0x8b1d6f75fbb06dff01158b04c9a2e705bb5761be,2,40.0
0xf99db1422443a65adb8fbc5dfab8b825ff500997,1,1370.0
0xbf4af08ed415ddf07a184176bb4f59b29907c61c,23,8151.134502169178
0x36f8da8d32bbd3befd64ad2a4ab605afada0fbbc,10,26700.0
0xd008419e290fc3f15a72c3ca419946f08b4122d8,2,40.0
0x96d906a01692a14e6f76c214ad3b315ac9e76823,4,11203.249897310001
0x6b135813ab8d593169c3daf5f5df4bfcac16c509,2,30.0
0x285d6f59fa15299e82a0426842f5b553c246e5fa,3,240000.0
0xacd3859b696c2eedc03f0e11d44dd40b3f31583a,1,50.99
0x68be3d0cc3c6a7b7a549238ace15048c0d141224,1,150.0
0x361dbdb248f6036e663b3c9b8002ab975d6a23c5,33,64300.0
0xc670cf66f6fb64291e544bd041910817b67d8e4f,1,29.0
0xeea56e17d9c6cfa2f67945a80c4363c7c9bb44c6,1,69808.68902460102
0x0519be0914fba97691b80dac0713d6ac8dfb3fa4,9,3197.18415531
0x5ea3a520da12929d722aea7b70c846fd10f46286,5,2396.74498662
0x7d6cfc4d00985ef0277a0f8cde8aa83a1b892b36,1,210.0
0x78fe3e2724c67e5828a60dd4b3fdce0f0714aaaf,19,467590.0
0x3383f5aab06c9b62983ca66fe8fdcfdcdf3f40c2,2,140.099
0xbe53fba4d5198ceb9d9937b0e104a70381b205b5,4,10800.475414022087
0xeba4f7448e3c81359cf391147ec5f5967c09bce3,3,159.0
0xa2633bca46af81a5907ea8d8b3203a757e60582c,2,420.0
0xe9402c89df4c35432a56591a4562c6b35b215d5c,5,2700.0
0x14fd63ef0da7c0605f159d611b0b65377fb01a58,3,7500.0
0x5831d9af231990f74745a49a9022fc66894841bd,11,1145.92
0x4f4d84064cfd8f84316c0c28030883c57e453767,10,50950.401820003455
0xafc1e51e03215fb8b3325881c3a031d89f614ca8,1,442.7483304475453
0x6a117f93034b38e24ccf2dc2a14e426ffe485b3a,7,2060.0
0xbabea9f679a40e2bd22a00ed92bfb107ebe375c2,1,100.0
0x2047a9b23b65a2a8504d367b462f18ac2522506e,3,113.0
0x6c0789cb690d4830db4979da381e57e867c724f5,1,62.0
0xdf2e607c8f9908931177c90f4c920fbb5ff74684,1,1000.0
0x2d51104f74f609d7deb960e5bf2177d7d7c270fc,1,500.0
0x6f9871a955b6896d17ecf2da60a05e01fb7a058b,2,1075.0
0xc39d1fadcb98297f1f8782ebe607957ec5850dc2,1,21.0
0xf25ed7f3b3571f2f7f791a1f5424430606da6c73,41,116296.0
0x10a11294cd37a9858284f5e54d384c3a679f5b92,10,2486.9502595643
0x44e30962a39fc7d295bf34d29d4f1155f8c5bfd7,1,20.0
0xead76f7e8880a300c174bfa237e2ea59c58645c0,1,20.0
0xb5f130890d17b4f4843393b97bfc59c0c62dfb89,17,119021.0
0x8c6042f6cc4ac29a48785269e113d63406a30e91,2,110.0
0xabe545209260afbc05a1529cac894d1147248d7b,2,48.0
0xcbbe59232bcce1d6193eeca18c8692ab80c9480c,4,730.0
0xa4e7663e330d71ce0f718197a96e95fbda314dc7,3,4800.0
0x17b940e2d4b7c4bf7178e792ea171922506dfb62,1,300.0
0xb888c87ef50eab50aed7583266ba32fddb3dee8d,15,196804.4315313427
0x020d157898ce065c5a1e07ac2ac6d8702587cf62,29,748.0
0xc599afea63c3e1fb17100e4875fe5dc0c38306b3,6,900.0
0x98cd9b49c225ff6479cd161c7841b90639a117c3,1,1000.0
0x35e7669312de461d1b10ce9a3f0d0d45ba63a148,3,7000.0
0xaf0b60ec8f95130d671805b8505d01da7658bcb0,1,1200.0
0x458b217fae13211029fee573a2c5e1d814c9ca1e,1,30.0
0x265470924a24652ded3f4d04b9426dd03db89652,9,2777.0
0xbc7986fe084de1d67af5e030f6c8fc21d7aa85f2,2,25.0
0xdae3188613ff94768507979dacf5e36a32684969,1,760.0
0xe669ed442456e1d47b76d732127f6d81f68cfef1,6,398.0
0x40ff6e6b1030b8c78f6a39304304096001e86d4e,1,58.1250690976
0xf726f6a9acfc7a1b229c546135e8d29a99975323,7,4738.0
0x2148bdebd55895cba108dbc73f4ba90121b89f3c,3,1700.0
0x0444587973f52b301248284d5d97ef15812e5bf2,1,50.0
0x875c7941c31f3ddc80a35511db9e8b7626f52267,3,4300.0
0x1ac26a481714f3b349acd77a0106125a259747da,1,55.335
0x0e7179ab149995666b8a11da82dcdc3f6f56c572,1,328.75
0x90f21bcf132b16c5b8eb9ab5ec5a57582387d6f5,1,270.9
0x94c9b5b4b04b275e07916997a15f12dd81402908,1,195.88
0xeb5562ce2da6e0f93ceea22cda77ccd4f34fb086,2,125.0
0xa2810a7a5dfc5683a997b3a0e1d7555a2ffd67b5,1,50.0
0x5ee9860c8c4440a461f549edb83430bc02de7cba,1,61.0
0x4e6e0e8a2d31c0f518d2557e8bd118b55096117e,1,56.31686251300794
0x858c52737f9b26127deb92a2ddffd8bc5daa9b70,1,9200.0
0xbf7ce4f22e2bbec8041238b52aa2efef64aeb8a5,33,72130.2841319
0x5ad54a38389712c2e8ee2928c33507df67b052e2,2,735.0
0xca2f184263e4402331d46add33ca46a9059ebf11,3,890.0
0xa25490bf76880d0cac7a223dd02f935dd7f29b2b,103,22927.0
0x7df7a44963834ba6586634f5e568fb8e68347eef,1,20.0
0xb58b3f848a29b29a4ebb668039c5f499bbb4c54f,4,69000.0
0x4646f6fe8873614b8065942e2439effbf6cb14ea,1,20.0
0xe7dda30d4c5c8ad2e1b9606c80c1b9486fa302ad,1,20.0
0x2f81f9c5cd9d2a0140a849ebcc76ae07118dbf6c,11,1070.51997229
0xad4bc39a11fe3052a4b8029dfe4f64400929b096,4,738.7942182368888
0xe6abbada668b1f8468a72363f88ad922ca49650c,21,38310.0
0x6cf66ff9e15525f43d96036cc52b6a37d22ba91b,6,43522.75
0xfca725f304909d66f0920b198b6157928b023954,2,35.66722330551278
0x24f789c642569d44c90f9a9d459cfea6858d1441,2,2100.0
0x38c2509d91ff69f5d10ccba59e518d5502179410,3,700.0
0xbcd496cfed4e8b873d37729deb0931e3980fefe3,1,50.0
0x8003c8a830b9205cd2178b6dcf54e64343d53788,1,40.0
0x6cf48a227636c2025071497ba89d5d20f0f499f0,1,100.0
0x87ec7f5f22b9d4478bd43472827f4f054202852e,6,79.25
0x74e2beee90926fd7280f4608b559013057bc1b16,2,4370.0
0x0c9026630aa41300abb0513993ca31aef5b448a3,1,150.0
0x68f30bbb297c5d1b0eabe4083737c7897a92126a,23,3362.4
0x2a5abf2b0f603fea6cf37168233a7681c58571c3,1,22.0198
0x21e0a7c0f5772b3a2554c9b7e764b736e49828a8,18,9711.0
0xaef735405bc718b38b6fd0053481443e1c166dc9,21,42770.0
0x518081b1053fdd29134dbac5a5bb068ad0ed6af3,5,410.0
0xbb2c33d2d04a961b4cd241e7e56254f917f647c7,3,47000.0
0xcca04d9db673cc6800085002590f62700967575d,4,1770.0
0x42b2e135112f0a98f09ce3bbe8c7168320a0a39f,13,6314.68247899
0xd014b6c6f3955d8ed3286482a07e45a390570df9,5,1264.67
0x9805a0170f7d32815f403d182b0d75305ba0ca4d,5,20000.0
0x58884c84b3718a47ac2547c459f4d6d61c8d9823,1,50.0
0x71fb23aae7d5b2709fe3300750b602f4eb406483,4,322.8769767061643
0x97fdb4bc4cd6f852cf7fcdd55e8a96eabae67eb6,1,2000.0
0xb4d5283ec51608039ea006a80d12adde7800a868,1,25.0
0x17dfced115a47fb915c485d230f43c33da8d0a32,1,20.0
0x95b8567134478b735ceb0182468d3e23c053b96b,5,238.0
0x9438e43ac09751af550660e5bb735299401b2997,3,26755.0
0xb531360cbb70262d4f803d9bcd08616095395926,2,1840.0
0xa192d7a0bcc573b1a9bd48251b42de65082e337a,19,1170.8032841422714
0x427ee303f6cac75eb4733fb1a51c4fc0641f339a,1,20.0
0x3e99bd5c5bbce72ac96dbaf1f9403bd860c58ad5,17,15668.43187441
0x946f212a1cee9b63c3588f6af41c8dabfc9176b4,2,57.0
0x3c73d1a3bd68f0bad2924ab6aae40f9abaab4bef,1,50.0
0x9623d792d71ec7c8fe8ba5d7d83c6f7e84623722,1,60.0
0xaec13cb4ececa169fbdd4c9bc883acd9bc655bba,12,6526.0
0x970872c497e6dca94b2a0541b64302549331eb98,2,500.0
0xe242bec12a176d6e3876001e46b8cceef9d52ad7,1,65.0
0x742f8a25b5447e0de0a7d63ca95f4c51d832ecb9,1,20.0
0x6aa441c515cde1f00923080d835aa93f66ed0c33,1,20.0
0xdf5ada5c4e82781340c21139e1a45856e341f070,1,2002.0
0xbe522f167a7697f8a842df0c6e1368e5f6528b09,2,795.1329996243971
0xec754b0e844eb770d76b84fe389e043ff4a2b99e,1,20.0
0xf999d9a48c888bb538f346b36e852e73a0161c9d,2,61.0
0xd358c1341fa4f1cadec64361b51c152940c0466b,3,229.03252385482
0x6e66cbab19df326448bef5199cf35f95e09039f9,14,33270.0
0xaa9e99cc7a52a04ec1d8e2f3006556e3ae8dd0b7,1,20.0
0x03d1ab3c095ad0ad8b645a4b6e6f8bd1f92e9f14,7,830.0
0x624db126e01ce302d547d28607bd0df68c4ce474,5,23000.39
0xbb348441988b41be850a49e5f0fcaf6d11e786a0,9,19000.0
0xe137c6fa2748c1d8b0d02ccca13cbe3b26823e38,5,278.0
0xbfda6f9dcb0b9f9227622ee49f6d49f8db28c4f7,2,225.0
0xe7c6a36e9e2ee27c80770f355cf22f3f67269e28,26,187562300.0
0x13f4e9304b79c2df5678f6bbc31440d2c0f8d483,2,116.4037096
0xd20edbbebc98a27fbb2651a5d816718a7e6ce04d,3,24100.0
0xe31bc743408c07e789ae3e02db8cd37852bb2ac0,2,880.0
0xcd87c3d7cbffeb77b88baddb640239e8d56b0de6,1,42.0
0x3a84fc38e05cc5960a5f8e5b7622544ac2823bd2,7,95100.0
0xd72e0ff95447ae44a796b84b61298fc2ef8e2333,6,1925.0
0xec0bb90dfa31ddf09ce2d82a1f2dd5e6f6b6ee07,2,75.0
0xe9013ce4108764c43587634ef3cf46a1d9156139,1,100.09
0xcdca192335963a734eb393979312965ee016f94c,1,270.0
0x4b11e4e8f30343f1e8312326554febefa84e4f77,7,59644.0
0x2fd5c2fca328b0656a28c813af631b96d181e0b5,1,20.0
0xc5f67c1bb0c6ed524f7cf2bdaac4e03a2a7b6fa4,3,6200.0
0x6ae24d81d7076726b83b28b2426f0dd9555221e6,1,160000.0
0x1f8dbf34713c9f8dc4ca869d8b2dc24042c48227,1,20.0
0x972072739fb8c6480bccbaa168024489b4b4a61e,5,805.03018169758
0xa27ceee50d1af1d11df5c3302dfe67a577941447,8,58000.0
0x027cd0198a0ccecb56af83e0758a71a3b536f081,2,27.0
0xbd1c3303add07593d8acfef168e780f9ca020d03,22,745550.0
0x8a80e4925e83cffe5a8d76c11bb3b00ed11f9a09,7,22351.16
0x59b5068a67d01f689cdcf96f47385ef9fbe816ff,2,448.16
0xbd5c3184910d5268cbc2c700bbe14b280f59d698,2,100.0
0x2c736a3b2044ca70661f10e207097978fd4209c8,9,755.0
0xd5df1b89cff0149074390e1b70212cdb98583966,1,20.0
0xfe10a9db51462416807304818e5ee457ac60e7a7,1,25.0
0x92ce7eadab1cb13276fc815c88ef158d31158770,3,950.0
0x9302085750d708bc356214e96df258f4bf8b8088,1,20.0
0x522677c9adcfaf1dab1c7b0a89d9e6697d62b8cb,1,1000.0
0xa772df1c8a4b773535e8d603e6d7288bc4208d92,1,7023.55113
0xc3fcaeb9d5208a3b3a4fbb15e07a3f3d4a9cfe88,8,138107.36156020022
0xcb92cf8735e2f6a3bd179d482d699e0eaf65f1aa,7,1930.0
0x83efeb8877a91b1cb1c482844a1a6325da43922b,3,1290.0
0x2cc969fea23afc89d2a3a2f796aaf08c912b0031,1,20.0
0x3add59c81c5a70ea7fae71d5717d49e22396fb6f,3,2050.0
0xb56793470f257ef4f7a1e6c1bb290d3c454af45f,3,174.59634874175794
0x9c065e3c1c94b46c642e6afdb398a08b887006c9,2,23.08
0x6b5a8f8399c85eb8706a39088270b37c58d0d9b0,10,522.0354608215997
0x7640947d24915a18c2ed01645588b7dbfc6e5be1,2,30.0
0x674784253fdcff99f77f6ba342fc3aee5caaa008,2,95.0
0x4a3c3abf728b4401b1f4166352d7f08cfd287545,2,28.23
0x9e4159654e8993cfafcf5ec20306ceb3f7676c5a,1,1150.0
0x8145076fe04ac7dfa1b9cff6ba590a7b2a3532d7,1,70.0
0x42404f9382840bb02c6a89fb6640232a3676e984,1,5205.0
0xcc0e5e76ec81ad472d6df9fc83eae22e1000fe53,3,73.0
0x6cf22a37775a8cfb8660529893bf75f3525868e1,16,28775.0
0x1f544ed4425c8213ce696462540797327c831459,4,149.0
0x8e4c2dc4a86fd377f624ea7a5c8a6b75f6e8f979,4,2695.0
0xdf65e2d778c0cd398b1f4c64458199da695d93d3,3,1110.0
0xef25b76977632fa967c8feff6f3e0ddf6de17a2c,11,30400.0
0x9f35a15afa4597da088a04510f0d2411f4fef51c,1,7100.0
0xfcb934d42a777725481c11bd0c5dee175c0bf4b8,2,80.0
0x497660839f43cde1050d1223396781c3afe46bb9,15,245422.20058688233
0xc8db984d74744d0574c13458ced6a220723303dc,1,210.189
0xd14382857f0d2ab9dde6a5391ea6bdbaa50da14e,18,92655.04000000001
0x808cdf326142c957141bcdfb89cce28e8abac11d,4,242.40697784
0x0cd3068609cd532918e91ed9d636214fdbe6a25c,1,50.0
0x52cd90b05cb12c41bb6ccf262028eaa72ed74db7,2,180.0
0x0c8f3074cdd1f18e4831c1ecfefb6cd7ef3309c4,18,15495.0
0xa0d858a58a02b551839257747096df14ef2a2bd6,8,1419.6899151797331
0x33aed5b2c7571b9c19b46d41bfc12aacfa04441a,2,525.0
0xa9a315319580452a4448ae2905685fccadc7fd0a,12,687952.0
0xc5946e87b9835de1ac0899e00cd50a9df19bf2bc,1,300.0
0xe3df4e2c9ba3bef1b5be39e981f8ecec161301fd,1,56.0
0x39a01d65f34e849acf5a117e7de6c0936f02e623,1,20.0
0xb32b892225de2339baf65c87d26bf30d015e20f4,1,20.0
0x0ac57bb0a0f40b2c5500f9ceedf3bf999124bb38,34,257105.870737
0x01d5afed6d15d5b6e20db44652d057d3d7c58b54,1,800.0
0x6093f97f154b7d105884ea19708b1fed2684e0c7,11,1369.3481171028716
0x6ef59c78146164aa232cfcd0431f5ef809339706,1,1640.0
0x463cd30f143e80e6b86a32c815cfdfc09a701085,1,45000.0
0x769013c5ba382cf47e936de8d31db0c144ed0ac4,9,75947.2117307068
0x26dd21dde54895a774933f41bc72829c71cc302b,1,25.0
0xb45aa5adf3a45498b13b481f5631a5bdfd91004b,1,20.0
0xe08139452b3ced83293c62e7458d24d0182e09ee,1,75.0
0x86d4e8b228a873b955faf2a0e5e9f6a72a8a7c2f,2,90.0
0x08ccc61d1dd0dc1dcffa7bcffce7ee39b0518eb2,1,100.0
0x6a2ff075228319f65a4f6cfa248a2cf375ffbcd0,2,42.0
0xbc6861db341e869daea7420f415facba6241097b,1,150.0
0xcd0927441243689f2002608d3baaf3cd8dc5e8a3,7,191000.0
0x030501fcadccda2838a704a234178f69579ad03b,10,13100.0
0x4808b98267a8dbf344bd990b0716cc6be6f66342,29,133644.66906423328
0xf952964a420276c40b7d27bdc156b85d069877c1,1,48596.3134704515
0x9a4581b46743d3ea0081eaf346ffbd4921f63a53,2,500.0
0xb33062e24a246b06c9f4a5e69cf7cc4f0a611cec,1,20.0
0xcbd9cb38664a257463e8067d19dbe2214fb35ed4,1,55.28328
0xba2707ee972d1677453edd33871dde7c6f8efbf3,28,36329.77037959
0x1a040bb9a2c61a44b0fe88496bc208611926afc3,1,300.0
0xfe64881c364be56dfe11c0d8e005dacc479e8382,8,150.17000000000002
0x9a66ab5de4297e63496076c6c2545851c8026919,1,120.0
0x6e91e409a2fe855ec2e43ed0ed5c410f13d47361,2,45.0
0xe02091b6ea14902278a1200f1daa8938a2a5c3ed,1,400.5
0x0aa11b628687edae6b220135e2a3737984db6dec,8,19700.17137551
0x54f39d20660873b36fd874acf88d55a47336411b,2,203.54399999999998
0x1fb2177c93319ef35e9b80f273adc1838de49768,102,612694.01
0x6d0d0e3dc281b3e62ddf15a9ecea5e2dc7e6fe41,18,2399577.3
0xafcadf8e9954e7fb1474cf3c0e62cf84dfb47855,10,4200.0
0x8ce0be55291fdd218e404ac0fcf4e44bf8b019d3,13,82550.0
0xc003737a464e2c02c279be86d5a4a0d1039b3cbf,2,105.76125685894584
0x7b1c4d428e6f1b01182995109f0c1f795b845dbe,28,362257.2406262642
0x9a248caac8f44ce2a1c34b08cf347bca01ce83da,1,3000.0
0xf98d7ae659b495651caab303254a8ef52bc688ca,2,3060.0
0x50207176ca31ba4c8f3a472df4b23d7c492f6fc0,1,50.0
0x3449a2d381dc0daf3a1843dc7b9b7f1706e28945,1,20.0
0xc717d992ac441cd39e79b5fd30389af0965bf3fe,12,3339.970002766112
0xe0072f9e024513d065148c9597fa0002ec4566f7,1,55.0
0xa341992a119d0037af3db4a8e98bc3fe4c580f75,2,370.0
0x038ed271b5a2b20cf3e66ba487c763544330c85c,1,20.0
0xbff089dce7431cd50b852123aa78638ff496f962,13,31590.485997054406
0x0051ca0f1615c1e09127431235b529ceaaa6bfa8,1,45.4
0x36dd6a668690a917b9b61098790255d6afb75f9d,1,25.0
0x9049dfd773aa16d4ac475ebb2f51077d894ccc62,41,777200.0
0x36d886158c15fab6a44bfc1ad11a7786da104e10,2,73.00063514116138
0x4165beae443fc806e9caa93e17e41bb9976f4576,2,287.0
0xdcdbd2b44df7253dd5ef3ccb5ce6d215bf07d9fb,1,60.0
0xb5ed70ede90aa6c5d51088e5c334751abdc0b6a5,5,2510.0
0xdfee8697ceafdebb318ae53e0fc2436acaacf026,5,29920.0
0x2efb4772fe7c45726c3b8ba1495d03076318b6e3,34,6859344.566083111
0x4dcfdbf8446a16292fe954f6655da674ff887f9c,7,6650.0
0x8027d40d5c72c79e869b902be734b34a0a332404,12,28131.0
0x654a7416db269476245929312fd1856989165a82,1,20.0
0xbfc8ed0944bbe907c733059f81073e82b98e34ea,1,20.0
0x50d8a52572eb66814d1ffc127d95dd54dac76be2,1,20.0
0x2e755a866cfb71ad61c702d21e9b7badd79f78d8,1,20.0
0x65b25ac10e7de982f35012174b18b1e23c0268ad,1,20.0
0x655adc48c216de4d017f9f00055f83b7f07b8935,1,20.0
0x2df6ae79525386ac0edc04d8b722733108aaa9f6,80,7773841.897898008
0x0ad8b2c1702d026028e42061502b917e44a0e93a,2,222.0
0x7fe0a0afd6d656d546fca2a5c0e5a84a5fb62c17,56,20546105.45087305
0x7c355da4319ce99470fc72b1cd14b977250627e8,2,402.0
0x7877d7e88c42b32a69bd1b97d55117b05b48d69b,1,12000.0
0xaf3216d7f07c4a77dbdf43ba1300a38eeea2a3d7,1,20.0
0x090913e821085b647429841a8e5f4e1c0948e62d,8,87.96548324226032
0xfde3dbc9612b168a2df86e24fe17a81b8328c75e,1,23.0
0x131ab37a020c76745b399f4bb9f14dba4c0d51fb,14,65347.0
0xfa2d9e4a494f149f71d8ba637e853558c4e73c4a,5,357.33677798
0xa8e9d19f295eb6acdb8020ba0153f10127fe8426,25,2416.0
0x5805d3995f3c6ecbb0a5edb8c273c52181c15bed,1,91.26427008189684
0x7641c44924075302d0c0a1ccf408d7f4445424d5,15,110800.0
0x6bf11251dd12ef5801697ff074f5ef62c990a692,4,101545.95019147452
0xb5cce55b884f15d5ecd70a8bb765f7b6c2eea0d9,1,1100.0
0xa7e3bb7a4fcb508ae60553ff694cfc3a165138f3,1,540.0
0x14ef629f8d2a942788d7ca72e59200cf939c67c0,2,110.0
0x8385b8747d3cafa1e61c0d0c033d056b8e9b3411,21,2283.0
0x2d4353ed0dda2baeb5b4978f1742548066523710,1,100.0
0x00d5b1d38a7545d7d1627bd3edf14af543c26fc0,2,100.0
0x7d16ca5111517f0730becb4e27c2f86a962a270d,4,100.40384076559252
0x08e1486f8cf22b652d6b49c22d543d5415b52c7f,3,200.0
0x2ea7088fb576b94d46fb87796f450121ae88c365,2,24250.0
0xf0d7eb1b1855a7774b247bb1dab57608467a1153,1,41.11
0x48e97b2f229fea2e5043359ca1be8aee3b6db5bd,1,20000.0
0x9519c1af0d027f64401efc38378acffd942083f8,1,25.69
0xc43ad02d2c25c9bbc936a595eecc55c9937ff277,1,20.0
0x095957e3685205a3f32a2d441e57dabf15507d33,4,2510.0
0x380ae9997f10a3cc723a40bb698d225f9e366d5b,18,611400.0
0xa19f0c6117753eb6d320dace660a1d409021435d,1,100.0
0xc5539c61483220542f7f4e5b78e3932ca98160b2,1,21.0
0x593b147e71c60fb901efaabe833f6204220e6fc2,4,198.92000000000002
0xc08c2260b7f67748024f5775984d79c466608aed,1,20.0
0x8e038a86159999952aa27527f333100d7f69a62c,2,1020.0
0x4d69f0d20f5ad06f7c93d905e0a3ece5dc0b80b2,2,300.0
0x28629b0d6bbbc4b24e2b9841b77c0db6dc3169f8,2,325.0
0x1bcf237c1e42a85c68a9244070fa1514dfaf0e18,2,2300.0
0xd9dd95a53b037d1f8a683cae4adf57c6f1d4bd5a,1,400.0
0xca32b497780f281d854f2656130f6196674cdbde,1,100.0
0xd0f2662172d12132b12bf302bf30a5b0b37edf3d,2,23.0
0x049b5ec1f954f06afb307f9338cfe7c82d992af9,1,66.0
0x8136e8380bc2989bbae854971c9dbd4172fa79a5,1,25.5018962355622
0x7ad8a05bdc5d20b0612e3c5322a3ee422b3edf22,1,30.0
0xdf84c42962014c64758e720453a999e2bf3255df,5,4227.505680002854
0x81558715bfbd50860da8beef63e5d5542163ccee,2,53.0
0xfab557b434cc5e890ecd368368bb4b50fbe65a15,8,5200.0
0x98444db1f090623e79971eea64485a2212acc1cc,1,50.0
0x1ec778ac803e4a0336740a047060ba3e85d417eb,1,10000.0
0xbf5030b2b7faac1bf2cb42733e211e532cea4d3a,9,111.24150168107826
0x8f507a5f875e14b417103c625da16fc252b80ad7,3,60.09202251720694
0x5454321cc8545c0a64d616f8f6a47756af5645a0,5,119.12053534545001
0xcc3835ff817043621082af8d2c8c792f44929084,6,133720.85009999998
0xce2eaecfcd59b2ff282c82fe16c2ac222906c5c7,1,20.0
0x2cc4f7c1254ef0344166ad7701d50bece9510df9,6,11316.75
0x99a2d18b55e2ab24c9eb790fa4e279c5af8aba7e,1,18500.0
0x551aeba414105b68516f1caa877e7dc864d65754,2,166.0
0x449b87d284464844d760d606c80314d760ec1a4f,1,80.0
0xb1d81e25763a5ae4b87db52ca46c2d4c2cbb7198,1,50.0
0x437a2dde1e53e85d490bc5796376803de09c5a41,25,544449.64380427
0xa2fc6a1835c8576190e8cfba1b6a53fbe926ab4a,24,561871.4101075422
0x7ee31fd489200beda7c51e74eba84dfb6d7203ae,26,736004.2063017624
0xaa163c9ec896f953b6529b237f64f52b01c1a17c,1,2341.0
0xfca1f5a22e5e7949218e480182ebe3813939391f,2,22.0
0xec08e67b2cfb1e50182db38734744236515a9b29,20,16814.69
0x039f9f6dca5139b3d57c4a5ebfc9840ef48d7b60,1,21.37
0xb313cb2ae90062f2349b0a396bfb19e5bf3e79c3,22,348347.08
0xca276b2904aac508afbe908fd525a68bffb2102d,7,32981.0
0x13a8241c7bf49b629dbcf296c7abd95ecc4f17cc,1,21.334626000000004
0x7481b1f5b1001253dd1a51ee8bf684872a49d888,11,234064.36000801448
0x162a87521650fdb37f98d550d67a3264a9b287b6,6,6728.612488620286
0x4471c41a3107a34948fbaa3d71ab85e68ef1abb6,36,110822.89817878809
0x074564712754571ae9bad37afa021cd477a854d3,1,20.0
0xd290addcfacf9557ae5cff3c68188c9d6d08a580,26,383106.32315995294
0x8e0b2a25472a27ebacd344001eb80ff90e2a63e7,13,50500.0
0xcc00f4294767d1eec3afa29e4b5fb4cce3b27919,2,13977.0
0x15b022c9e6eb611bbbec6ab8d0627b388a6296f7,1,20.059932
0xc354864583d6ed78067cbebad2f6e866e9c0eb8f,1,20.176451538904253
0xbeec7f25b0e466fb4f9528ed34e6767752abad15,2,350.0
0xb96825f3829c86c15c5728d16c7e4501ab9baa2c,10,157.27893642519456
0x7ab0599aa3af29cbdc0684cf35c03cc1eec80df9,1,33.0
0x1af72c32c503d04449f9404419e04bbe400d457f,2,40.0
0xa4da0caca65d15d07169aad84eb49c74dc3b186e,1,20.175271871098893
0x1ab63f7d9983f95c231e5adfd56066417cf54a2d,1,75.0
0xec254d35d0aae0d802c5379b809b8576d9c851ee,2,263.38
0xec32b968f1e1cce818a044378a17960b0acd44e7,1,25.1072
0xdbd98da8398c00047c570fcc803ad05c8dbf7b99,1,30.0
0xc62fa362cf0d51a7f86e711f83a3777825c31b73,4,107.25979102853238
0xf2a4115e84eb87d7faa716e4d25cf3fe47300a0a,16,243387.9260528399
0xebb785b7c0934169081e1d946573b1230a3545d3,1,20.0
0xce7ce7b6d2afd72e2f535041bb055dcb55334418,2,100.0
0x31a7d3870974c4ec5b30723e2fe614b6c7fb1aea,1,25.0
0x47bd452485c8eb5abebc561bf7813591fb171c72,6,119225.0
0x3311ddf0e2781344cc938265a47fadbff0369263,1,45.0
0x7ffbb91f4cfe518c46e4e33593d7a1bbbab01a92,2,15000.0
0xf2287a865b77c291db4c42240985c14694fb5537,2,87.0
0xb6dd22369c49379da69aff989bd131a23a3876a2,50,761810.82
0x76eb96dc95e2deb75b965aa767a72729ac368cd2,82,761906.2554238073
0x3148958f3b44508fbe9002851ac4d76f243cb6aa,2,8665.0
0xb671aa6ba13d8d27feb7e0c0f9f3347c994198f0,43,263925.10189180885
0x9f451b43340d40159ef8e51199ee615365c59eba,1,100.0
0xb9f359c61baac3c5776334cd65600238a362ec23,1,200.0
0x01be25f7852cd0fa5f51652b39bd1c4cc0d39888,48,13135.195929746305
0x9460ff71873f449df7f2d3018d51743a3506caff,1,1000.0
0x9b34f4da214bd3e376de9139beb99d129d2c0bf6,3,12000.0
0xa6a287522d044d11ce9e9c380ecf7d948a68a74e,12,4198.0
0x6a4a1344fb88630996657ba0dea6bc76a59fcc81,1,2000.0
0x657538d4438f41f0dc2fd94889eca3cd8b902a02,1,20.0
0x4aee2f04a4992f9eddbbcda502fb3662bb797f97,2,36225.02156376359
0x73b2f8bf6387b39af423cfe8aba487f314a836f2,1,50.0
0xbdf19191b2a8476896100831843a89d813ca2972,1,20.027484277081417
0xf8fd49871ccc715b0dbafdd400d13babf6da8366,1,20.085564978940628
0x498bf383054dd487cd7608c8f431e31403e84220,1,20.14381311737956
0x95438fb2b3ca3b3ac88316f8f0cbd2c676e9833d,1,20.20223223623477
0xb6eb42916b94dddc7fc2e126fa191ffb5b9878ac,1,68000.0
0x46fbcd8a972be324ecd100666e782c1ca9bc0ce4,2,25.31958423958384
0x28d62d810132281944d6b118d6b317fb1e8f72b1,1,25.39301395087272
0x135809c4baeb2edacbb5efcc27dff35845b6a750,1,25.540517085364318
0xf89e874135ee6c3e96f2a9750f53a007c09af9be,3,61.30926323287898
0x13f584ba901d1bf19647d6094c3fa23e117a5981,2,12697.284541714951
0x98096cfdd8086cb8f2931e5e19bbb35319f0c6b9,10,8344.73460487
0xee38dd0d9556054e9a5655ce42427af04bb79233,1,20.0
0x64d984d949b4a37b5570a9c52a164d95a81df996,4,162.0
0x3c9b03f5619859325b883a39c586267ee14618c5,1,188.0
0x78c532a2224522ce35e0cdcc4190924e2590711a,31,47188.907650897294
0x81374fa46bdbfb9d9b5432e278778a9809911f2b,1,350.0
0x3bfcdbc5535a839f098397dda1407f9c8d4974e5,21,4917500.0
0xf06b0f31dcc4d97d683466a4306912b550530e98,1,58.0
0x180cc414640034080d727e4c2e1e6c0fb149a5a5,1,75.0
0x56ad346b6181fdea8a6a4d5b5e6575f28c6a55dd,1,20.52225342
0x479ca5b88e441a8e5f75f8c1b8339b93dac70663,1,23.02
0xa97ac849d405d9af4366020dfd81c75cd761141e,1,23.02
0xcb4456760208f10210c108977f9a556ab7d08acc,18,73918.6517088709
0x8cbe0410d19e9a0b27f887810f437211040c0540,82,1470461.1292776598
0x634c2a21d2c5d7e0bab3ef884799b61d666b6b9d,12,13170.0
0x972da561851ca92c683bc4e8d20e5b0a3241ffec,1,1500.0
0xebf6d7254eb32d3379da905cb5007a8c01450dce,5,55000.0
0x5435d3f3ce3946cfa0669d622b8f2ad693f3c164,4,130.04654657636408
0x06de3dc4bb0952c1624b87d8311820908fe70371,1,20.0
0xc03c73a4e2dca6125ecded862729b8ceffbf6da3,3,687.4542014161764
0x4bd947a8110a98d48a0c0055a584fa1d2610d148,2,1400.1056656147696
0xed2f4609561296b443218ef0b38374f277068fc3,2,5065.0
0x39a4b38858f980793c4b9523e4c8ffb81590dc80,10,55256.0
0xde1b2bfed8bcdd82448d03681219d6915791ee08,2,30.05808193623851
0x99bc99a1faa58e1ebce91e1ffc04e991ead6ee2a,1,20.0
0x78cefd69d03e06200ebe6f4a433fa9619cf8b6a9,1,30.14525359667641
0x990b679cc63f861ecd10798b31d6df5b7477a9de,1,30.23267483210677
0xcb1d8bb982d748adebd25577c52994bd61d12761,2,50.32034958911988
0xb735f76e7d69f93b7cbf66d654423371f4f00953,1,200.0
0xb06571af1f20913b34f9b1c354c1738135e0a4d5,1,407.762742
0x083561d5bc5fe925e09fd67abef57de7212c7ada,3,190.0
0xba0e5b78b8ec39f189325d852da6ec6d699de87f,35,300523.646858391
0xb9cced79150018b9166f02c13181503dbcb77a1a,1,26.74
0x3cd25d9e0bf5db6f04e95d82f0f45766ddd4ab16,1,44.3322592232
0x875b5fd0094581b1b0e03cb2b4cf191e02c540a9,8,4493.546646862682
0xa61f15ce3fa442382579c4354881fe8e34c3f390,12,16825.95
0xaf4c6c88784894cf8e48b504fa6c42f8b8537a58,1,25.0
0xef895c08fd66e350da83151d417b427582c848b7,3,2545.0
0xb3518a4368e7bb1dd79aa2b59c5bfff88764a526,4,21550.032376665404
0x3fbcac06a19d23bceae8225a538a6b7510e7ddf0,24,7481.6222206207
0x5b6b43d4a13c4923a44400002c377ca737cf01ae,1,26.81
0xcde862f52e22d2b62c44eef68e7808b65ad834e6,1,208.95
0xe84fa1d61eed901d0ef0c5d2dd97faa766dbab3a,37,200188.73655711728
0xdcf3407a318f8381b71c5629cc000c6915e20712,42,453111.04799688165
0x5dd78da94f192fa488de82aeca51b8e7f6f35e63,1,1300.0
0xeb2816264f6d8a110cef955446dfcadccf3040b5,4,4400.0
0x8ee697f7dadde6e78b5dfc56da1278127f9dce26,2,18976.37416036715
0x85a7007d42a5f71f1a264120303c08e764868a2c,4,46923.46816363872
0xa03ef9727dad3f0769d675b896afa6a38d022098,28,508613.89584944944
0xee8fc3781251a38b1e100bf191a4905a80698f79,17,138659.09542208823
0x7d7c149d3ee8af581b86d7a975640fb24baa1d55,37,387316.91650538833
0xf9bac1e81b3c6a0ee520c316497ee4e1611132ee,1,104.47
0x5cec3bc1376b0466a3f4604c59753d74f56a2bad,1,250.0
0x77a23ac662d4f22c62339edb6d87851bd5d261ea,2,3000.0
0x35c985e5dd1ce77c869dab7c9186710049751e5a,10,29866.436561492206
0x9ed6638790c7e4e33363fb01098776a34c771de3,43,583202.0
0x5e8f153112f2fbae1c9ebd32c8feed89dc88b144,1,194.0
0x5a9f9d85c1a3cdbc1262130efe2e9ca269895c3f,2,30.05800051390467
0x1ff662015a37988de3868dc28a4af1bda982fc24,1,30.14517174731765
0xbb8d252ee435eaff408a38de69efd02c9debba1e,4,132.0
0xe159410e9ceb800e7ae63fe3efc4a797b862e2fd,3,182.32
0x80686c1fddc7e24e51cd28c59c4b15ec25da588d,14,155600.0
0xb6e75813fe688be1b3a3a5ca2c51dace1ed63411,3,45.0
0x440fae764421c5d0a72df89daabe0cbbe0c89368,21,17525275.0
0xd623eaab6a0246062ee568e23c2dcf49c27e778b,2,80.0
0xf97baa030ac6e3eff0230951f865fd82d14059df,54,485570.0
0x03a5ffb288579fb6413caa0b4d4eaebf7c8ea49f,3,30.02
0x149f7642a751cfb1cd36a5b72b1aa8b14a6f6ea0,1,100.0
0x25910f1d6c294514029bc24c10e2a473a9706cb9,1,6920.0
0x18b7708b27f1b9ddb9cb22a44dbca2a4650f8d6b,9,79100.0
0x22bc69f2db09eebb1104a129513b1160ab750bc5,1,20.0
0xb44ea72122e7a7bfe8fe93be130ddc869154a6f8,12,278.14520677511666
0xf9065a8e4738b5ab58c7022c328aa5b0826be4b7,1,226.8172169775555
0xca488b1f1705164fde85ed95d6b002e8bf1349f5,6,1416.0002212479478
0xf00e260951c79845ef2255a8f96f01ec13f1a90f,1,125.0
0xf55af3726c11597b5bb360103b1d24610f50aaa6,6,225.0
0x244951f6874717dd383ae4bab4677f07e72d6c1c,1,15554.299457274055
0x4878fbc41e0e083590e45a34429ab89f6457db9a,2,1200.0
0x816eaa0d09ba42e5e41661633e63db64864cf15b,17,832414.06592135
0x8a0127f892c3116d6b126d6c713439e35007c9b8,1,20.0
0x3afe6ac9b17650fd1012dc1e8363179b19aa1779,3,55.0
0x4d241a25ce5be2401b6738d6c0825e0012076e98,4,1794.0
0xe416f59d5350ce1d3705621151b65d2446a363c7,1,1010.0
0x3352ccbef953caf9f2c51031ab0c58f5d153489e,1,2802.527515678028
0xf04ac13567b8890a2ac6014a12e3305ee8dfa27c,66,6821668.336542462
0x3b8052642dbd6f37e12eb6821c132b1cdcbb5419,27,170243.4369208059
0xe8538041af4c4f35b90066daf823f096585b8b86,1,681.1057179079723
0x18cbc8ba6f03ea2e41ae4ae1ddfcd29c24f723ec,1,44.0
0x6974caf1e340ea0052082e83bce417d389443524,14,129800.0
0x7a01d42cc673a15bffd11cf84d10063d79b405df,2,23000.0
0xe94fb0dfeaef49ef5ab095c62bf3331fe74c15b6,2,400.0
0x27a43ad30cab6621a6b0942254ddb8162e2cdb4e,2,70.0
0x1f3b53372bd34748c06eddef39fdc20104880ad5,2,5200.0
0x0785c609da4535a07931707b73026e19428ca429,12,360517.3153216409
0x341d9bba5e45bb88853ce687fec730a4e358ad21,20,194600.0
0x1e27ee87d93efd2f0f9838199cc407e338f7ca2b,1,18000.0
0x2f347b59cae3b46e4fce63746368fbbee11d5ba8,7,16151.8
0xc97cf6ec2868d34ba8e377ea7fff27b81f072687,8,154.0
0xdc191f358a7b8ef45056d931e86e5d6bbaf26988,5,37120.0
0xc655b98b4f5212e5c43fc4f0a1b01c93dce062ed,1,60.67
0xdb7ac6dc7b40d17beaca7ce5d2e24e5ed00b9996,1,1800.0
0x8e6e69dfd0ace6125a1db7b07365cc9a16edb3e1,59,13148334.686448645
0xf8792ef7eb433442a37669f3483107cfeee2cb0b,28,2093035.5
0x3c82a5c1ebf5e6849c9913e7bf8c0a49228339b8,1,1107.3870190032942
0x91bf3023034cccde85b54aea325415d78d4df028,1,600.0
0x8333138566ae0c07f390faf4b035b0f96744ada7,34,145035.2714923
0x9e773a93f37564d55a72ccb8e97617310cc8d945,3,345.0
0x4ddb3e1b7ec37d737e294be9ddf27ab327fc5b4a,1,10500.0
0x7b365e1296e21060f0c1c7d99d00f9de7b70679d,8,2835.0
0x0d880ea328240a9fae8b6b779983c7459538b63c,1,5731.445224313945
0x4bbc69967f96ea74ace4b3be74b453b0b57ece3e,7,7500.0
0xe109cd7b77289957dbbd1b0bb55b2d533a2dc458,8,1859.8
0xc539116c0f1108ac84d8cc6aa26172ff77f58869,1,300.0
0xf329ec5446d6f1ea4b8b0abaf1cad458b9d31265,1,1596.0
0x52a969650720d6e3561744a075b20b49b022b316,4,191.59269344211174
0xc62a190867ab96807dbd4b9326575019d1b512d8,2,1550.0
0x33b6a007674538305e1aed0e24d683886df226bf,2,1300.0
0x191e38d1226b6d5ecdbc3bb1877caa430093961e,3,420.0
0x7f0bb665afa11e276cd2d3d5c57df121251971d6,1,20.0
0x947b386aa1075a4801a1abdf227d3eeb381fe05e,4,3530.0
0x6b651df423dfacaa0d3fee533f96259c0d726bbd,45,500446.44062587
0x8507843dfede11e98501fc7eaddb34e3e3297b83,1,2360.0
0x6b58fa36699530166d794ec80d06ebf7367109f7,1,40000.0
0x15bb56f49f43ff3bbcb506fd396d5b5fb95d68be,12,70020.0
0x321f1444030bfd31c7f42da0dd4c9da9e20de84b,1,50.0
0x8429a4ffc60b64b0b7f5502d0bc30203f379d954,15,45075.0
0x34eb034802f88c30601a4ad75917c10071091b90,12,25835.300427239643
0xa6e2d726d53e86188aa049e6179dbdaf98853fed,2,25.0
0xb2f0c71ae3b6b09730538a28c2c7117e5dfe0827,22,92500.0
0x5c245111e69206ffd7ca061496df94effc288772,8,17800.0
0x13d4e18b606aff74920d2c3581198fd8a0a4a3fd,4,160.0
0x7a3cf5e76d3b6752dae0d670c834c3c7678b0a2a,4,9950.0
0x07ae30ea333c2fb6ee497608c4d0489bc11955b1,143,4420636.0133123575
0x655cb89cf2520e56356742908217127b5db57c03,3,5812.565954128304
0xf74dd8bcce65be0ad97af7c5e2c7b720ec0ef18a,1,20.0
0xe86ce431e6cea3e97604e9499d451d5bfa8058b0,2,8500.0
0xe8bee77fa4f19452b9002f43dad8f7d796962552,42,14775.0
0x784d96e322ae68f3568bd4fee1ad7a27f63b9bdf,1,20.0
0xc50a9842bb8e012b0dcab403a23124d4d6bb4977,1,200.0
0xa0e935e2af147a429f745330ed37b0faaf919acf,14,26715.186783961
0x18554c80e3b38c42e74bbd62f9aebdebb10bbe1a,3,16000.0
0xb4be54704b327bfa34f68731eaac8cbeaee5663a,1,50.0
0x5e788c6f9953b5769c8831ba34ed9cc4f4ba1367,21,1185.0003841657115
0x410c8c24a7e23f6c977e566c2c1bb8750b32af45,3,87.0
0x477460ab1e738fa747f7df782e0c5de764f946ef,1,100.0
0x35c3a251e2cf8f97453cbc511aea541a944ca9d1,9,2382.884376075019
0x0c55fed8ed412fcc21d553d50269ac184dc751ad,1,35.39
0x19f82175d6336c3b4cde9e1400d398eea4a6aad2,5,2805.2607279100002
0xbafa195d90ece1949626c08f350e44543283452b,1,80.0
0x772c68d1c9106a29b445cf4a18bb2ade8ab77a29,1,30000.0
0x8de2a0f736be7de7d0b869d51e8453e632a0e58f,2,13700.0
0x9a9904956cc01f193d7af6e16284f59faa47d1de,5,2310.0
0x7e7ac209232076a6318fb97b235e9ae21439f1b8,1,20.0
0xa24c4a09d65a8a3904a77a40ec81642c9932d8c1,1,2499.8699209094134
0xda46f7ec5b3ed3cf0bb72d45e69fa80789ca1f59,1,30.0
0x34e13ce8f688523c1b297274670a32721fa1b919,1,150000.0
0xd3baa4b7133745c3bd27cc7cb7855b89348cc31e,9,83500.0
0x79d5c085a9c6d83f3063193635e15aaa0414a8b0,12,338059.69032005063
0x3005e17f8b54469681dfa99d9fa9d9b0fe70883b,74,382567.15
0xc7093be3cc34537ba3a6735d83141d12dd387345,1,22.24793464251725
0x114571618a070188b589e4fe8f268b325db0a32f,1,30.0
0x8a8ad3b348a588d80dd69b08b7dae370dde854e4,10,20500.0
0xbdd972db6a4e1c22e29695c7a452c4e167541f59,11,13686.087581279076
0x968edbb8004442f146c06b4615632363b73af10c,32,3917616.25838796
0x5c11b8655b8cfe47a4b3fa5e7812fa91cf48615c,12,299600.0
0x2fda04d8aa933a11aa18c8488d6aa1bca033e011,48,3003577.57802207
0xe87e631c7a186032643b020bfdaa24cd2eb5b16f,1,400.0
0xe02fc3f335f7656fee5bd3440fbf446140fd8350,16,125000.0
0x464dca035bd6d4c15fbd49ed18698265a640f997,2,120.0
0x133be5fca3fe92b56bc407638012f9700bb0a386,2,44.0
0xd8514f1e840be323e4f431af9bdd979db4b504e8,2,5000.0
0xfc3a30a309794beab54a184a161ee5c5d56f61a3,1,3461.138291810656
0xc7b1aa4d4e5f8aa2faf0f32ebfd9cf5b78c1e512,2,20000.0
0xeecf4a79b948a835ce5799370335d922338a0bdd,1,20.0
0xa5fd8cc85c13f60da17a8c480028de05cfc13dae,1,1500.0
0x6814dd7a2f750181b28f2ad4e7a09d7b6b53b058,1,20.0
0x0d4358467781c3d9c0c924dc88cfa676ac9d13d9,1,21.0
0xf7fe17a3fc4053b243440d27d41cea86476c52ce,4,8000.0
0xac820bd11c56d4d796a60c162c40f02a08a39f2e,4,86500.0
0xdcabd7313ee12cb6e5a4748cb3b7cfd52b182f2d,15,103600.0
0xf6cd1f620db357ea14f0226e29d333c2bd136c29,1,200.0
0x2491149583df0bb18b0a08f85090d5f6fdb48e31,10,100499.99977587743
0x04a2ce04403c6211913dbeb107aaa463c6041b00,1,95.83
0xf10258fae008f4d083c3121ffc2e8df4a2cad2cd,2,600.0
0xe31f89c4dedc840008de0b6ef9c9f40a335f4e6f,1,5000.0
0xf2b2ce213d3b106370dcfa0f2749a2d8044b996c,41,671223.1953351273
0xd3cd3b7a8583d8a6b4ed91a196580c44150afae8,3,5000.0
0xd45dac186f406eaa7e1a9eb8ce1049d9d979cbee,1,50.0
0x59478e029a5f5f7e1e5b784bd002ebb760a8023b,1,20.0
0x7b5e0c0953ac9f320db0f49c6d82cb667f891b7d,62,474146.7699799036
0x1a23eff70e731131a27d93923b8c6214c5bf1ae6,1,21.0
0xbb795b06be8b94dfe11538579cafcd7bf9b2b7e5,1,300.0
0x26566f3d061996bfab4abfa244853cc51d78c3df,1,1500.0
0x3eaf49365dd8492f02f41a4b9333cc2e853672b6,8,26050.0
0x9f4baf4334954a703ed7c47852b3cbc5edc02766,3,619.0
0x2eee844c5c38ca8f422c7991a371e81028b36cbe,10,15448.4643102
0xd43511b31bdff31877d33beab4d07bfa1b8284a6,1,3503.15
0x0a13062cc0d9e762634dd27b9406f377991ce048,1,25.59808
0xbcc16caef6bfbb9d6f4cc51270be163bc8ef4510,4,37500.0
0x3c043d041f459158b3434e9fae227276fa935bc6,1,25.0
0x43c966f8ecef50b17bfecc9377a5446fb235815f,2,25500.0
0xc1561e300b37047e30efac5cb307d926c1bc052a,2,70.0
0x86568c625d9fb9b3168ed4711d53011e542e90f2,5,117.63
0xf014c14903a6f3f3f63259a78d74355cc9f47e60,8,127352.0
0xab9e73b7e10756dcd2f74974ca09f9e70371e7fa,2,360.0
0x8d440a45c04d043bbb1c7a9dda00be8ca69a89c7,1,21.0
0xb2736dac9dcf7968f38d52b0ae9c69041c1864ed,1,38.25262503516457
0x5b4bca751186fce6d04040d3ebd47d662fb68ae4,1,42.753005796811465
0x8ff1a17067bcf32adb5c663414f56db5d2f21466,4,1500.0
0x20bbf27c1855a1df8cc6462738cf4fe3fc150fb0,28,461316.6742855608
0x52e5a0175b53cd5c74eabe243f386e1fbd61604e,1,14455.0
0x5f1740300f12b4aa6cfaf000b71f4300db236870,3,89500.0
0x78389e5931e4dc080e3af09e992b7a50cf46737c,10,2010000.0
0xefeca0156cacb32f75292e2276dfe1e096e5421e,1,1700.0
0x215fc58dea58001dac275ca0e32334ca514be470,1,50.0
0xef4ce6a013f6a1322235948462b617585d15de15,2,1200.0
0x228bbb201a9e439b0bf61cd2714bb74ba723afcd,7,5500.0
0x3f7188ea3978213b6cc3808d15938b2f916f3792,2,1020.0
0x7f07ba0927ccb66eba2de93cbfebd4f2b3ec7493,13,1044.2427745166299
0x324d71fb56016efb63b5a0f177852085a81e6edf,9,51940.0
0x4d2776c5350ded24f48ed84a324cb938aecc6c68,9,1505.93163543
0xae0f006b70dc64b7bc6f6943d40dcec08a9a90ab,1,60.0
0x0a956147bb9831674ff16fc9079dc2aa07bf1100,4,13500.0
0x1d1e88a87231c7899d6d2a87c00ed2a1383667a9,12,23558.0
0xed1e4ac19049421e8d2adf1b4986888888c66da2,1,130000.0
0xc76ab82ffbf2c9038839a1e96ead8d5616950cd0,3,6600.0
0x972111c9304740dd977528a47c04b54aaf3359c8,1,35.0
0xa7655af5d96d776667d84a216223bef5ec97319d,1,20.0
0xa70622e657edb53dce26f7fcc7cee53f69a83e77,1,200.0
0xa0363c8c195dd329519e19853d2bf04eceb48d67,1,20.44
0x44fec7629895e9ba739031cf70aa641a8266003e,4,3250.0
0x0f466777e5c7362b5f01051fc0aa39c9e50f84a0,1,1600.0
0x06db93e5c5c31bab0bc4fa128fc3722d4574cd11,68,626019.082582221
0x99f09f1c4c49dab57c3e6ca60f707641c61e1a76,2,1100.0
0xbcf4cfe2659a31a38186d4f6a2ba38554757e7c2,27,21060.05
0x5eb7be443f05d0fdb4622d9006f78739ee44cbc1,2,1080.0
0xa3b70be8b568a3657a5804194b032e21d8842504,4,124.73030895966957
0x409801e146908a7924a46f83fe5b7d4ede88a1d4,1,7931.0
0x6b738f4fda7734c5832e6647a5a7e893250091ea,1,40.00543241999101
0x200430e1276976f3aac7d3bad68204d5bb71d572,4,66052.73000000001
0x9ab8a9825a55292ae910239d16fd0b41489a159e,19,234547.77815679822
0x7e3b689ab95c1ae4b3419477d959c264549e0348,2,6424.43009236058
0x6305f867345bf091f7d09fec08993a10fb255929,1,2000.0
0x696facc1fab3acb397409b5b530fd0620face8fc,2,2600.0
0xb07c256febbbfb148ec1d3d815690e9d93a06247,15,16422.444557751707
0x1ff63645d2dc2ef01e5970531b0ec031ae22133b,1,42.85714285714285
0x72bedf00bf074d0376c4e3450c31e86e434608a5,3,650.0
0x2cbad6e30a5679079ad56d4a16efc1d64257ab36,3,2500.0
0xd7db8d5b417358cec4c2fd7fdf8bb7dad816e520,35,837813.3519180762
0x19cec8d6b09233b5946b4a751de70adafb353638,12,80985.01618527395
0x140ba960bd39e5ab3f5b1e212d14cf3d989ec8ae,6,20000.0
0x4a5155e3862405bb2907c345cd698668eadaef61,1,45.0
0x65a8bd6d8ee8b957f708ef08bacdf7d6a360933b,1,59983.134133834006
0x22b303838b419e870f2b77c03c86f69453045b28,1,130.0
0xe7408c37e967db97ca96819c5b2316920eecab30,1,82.40059791705292
0x54c138ba2546b2dbc7a17233f5e685c69401c853,1,500.0
0x2f5bce70679110a491ba19ee86e8c48da22f7b56,1,20000.0
0x863ad5896b7b08cf7f0acc40a90215fe68d419fa,16,251819.0
0x2d802b1a4e4d7c4decbb1c655d85b3b8a7c2ca0f,11,35200.0
0x4d8e4384e68300ad3af4b122f4dd8625e9a32da9,7,66800.0
0xaee67edc920e6e306e15dcfd73010da17ef9e2b5,1,175.0
0x9717f5f49199c4a125300ffd7091b76c01ba5f73,5,118253.43700156981
0x5954fc32af3baa4004d87243a6fd21344a68bc50,1,300.0
0x86e032037a5a61277c275d763a05caa1bae923b5,16,50338.25
0xd765832e03b71fb19280ca2075cc532367bfb629,2,52.0
0x4b785ee887e159f3ac19c4de83669248ac7cd1a9,7,3200.0
0x58e70df2cfc3d0a35e1eb19f2196ef998bcda8ad,1,20.0
0x4ae2048d73e54c7b3f268baf5487f4e2ca53e898,2,7000.0
0x0c65e876355fb2466f825ee87479a77a4bdf9752,1,1700.0
0x16ac768af87931860c38a28e97376b153b114ead,5,3170.0
0x44f0d5333c3fa87aa264c8deeca7e499ee62c8da,2,193.0
0xabb764604a2cbeb6b1af6685038a351fc297e033,1,100.0
0x90afbc1c5910b48568fa701f5f5dc588501580f8,1,70.0
0x2981b3db67261bc26f40cde5eaa25bf0400870f2,3,240.0
0x35757e326968ce9f641c25a18c7f817bbde6dacc,2,5500.0
0xa7ab0ff632cd57d0e8c267d932f7e48c087311ce,3,28754.022978909998
0x961e556cd6f5f9e43bd55b4117535f61e2aa0cfd,4,78000.0
0x6b18ecd3fc347103cefe3b5ce4be2afdba01e074,2,1000.0
0xa2bb7b8b1f446ef85088027a54f41057fbcfa951,7,170382.0
0x4c15763ff8ae26ca35493ec8a58b5b96ab24c5fd,4,171000.0
0xf229d6c897e9820c4402a506da926af405b9dc8c,11,2004.0
0xf332683608128f01136b7257bd9fcac80ca76e65,1,20.000148220925556
0xe8a6d2976742d792c8d38831777f6163bd194e19,1,200.0
0x66bce219945d521e4a7461c8c6c24466bf0b5db9,4,26264.98066819858
0x0925a8da3d7629dded570fbf23a534d2ee976dbd,20,43230.0
0x2ef61c6e0ab5a88fbd309ac7d374b9841dd66547,1,20.0
0x3b214c6ab53ea0099eb799d7b1ff06a8f1bddc6c,3,3000.0
0x2aace68106a925872ba23489d7d0643b1141d6b5,2,2388.0
0x00be1ecfb469f6ac528cdb33e10b68e47715d91f,6,12659.0
0xe581edcc0b5c80700216c6f02388c8dab60cf177,6,718700.0
0x176f828e144ac93d8b5d67899c34bb7017b2b49d,1,210.0
0xdd511f5b1804a47bfa80d87b99a8e61483e0ac36,3,5800.16
0x07f680b91204aa44231949bef3c6b7b01e10ce24,2,90.0
0x1892d926e132da4abab629da7162f59e308e5359,11,572.0
0x4bbf448852dc7d2c22395810df319b0fd3de6373,9,268570.2657517107
0x1d762e518272e14adb971cf254cf381485b9b418,5,180430.73293278017
0xae6e56631f4093db84f0ed200fc2877b73bc4854,48,6187.96
0xa73443c8fdafa5f94aa16c45a107233b89cd3882,3,49000.0
0xf4339f0d4b04797589eca80ec1123537409baa4e,31,111821.0
0x51b2c94d45bbaf6cdb9adaa0dd089c8cd99c4736,3,380.0
0x956d0565c66ba9fe0224556376d02045429f54ec,1,17000.0
0x4bfc0e0d4bccf9a327db89a4c270fa63acaf5f01,1,150000.0
0x6331d57e380e0691a9a3126be0eb69f04826ff27,17,23507.6465641
0xf103a1e8efdba65ea24a4acff1cfecb5201e44df,20,6429.7981361274615
0x4436fde976ffd71eaaf904110887e0930787be91,2,23.5
0x2605abda090f59b1eb12a4d69af03f6f53d42aa6,13,105529.72073976
0xf2f961ab035e40b34135a9bab041fbce7dadec25,11,5047.0
0xf596e16adebd80c6ec39742afa8e037a57e90324,2,170.0
0xf5940b96917dbc6b3681549f7a5bc46a6a163288,9,51300.0
0x449fe683548e2ed0510e2d90ac50a66642861634,1,20.0
0x3ee5a99f6f37fede1c152f5e65b3298022bfc326,7,841.9
0xb09c349b0b60fea600a55a7e2f9be817d132a714,74,2255489200.0
0xcd05d341a0b0c051e1cc110f0449b0bd02a054f3,9,21850.0
0x20443468907a6efbd33e1adc63eb24aca94b28d3,2,45040.0
0x50e0abb173c1ebcb55f91eb267aaf031f2bf0482,1,80.0
0xd5bf17c062f06d2c87688a5fd985df217b5090ed,5,68.0
0xfb6885d1a69bae3eac8d7b6db55dce8b93a6e343,15,29935.0
0x5ebda4eb1c045c478620d523cd968845098fa427,1,25.0225
0x71747255fff4aceddd98a72c12d1ed99d7f4f922,6,84550.0
0x9c98aab7d79a3f11f5bfa24a6998002d9bf8b66c,8,55500.0
0x6db19412bc3c826d9810cd09a6b3177ff0dcfad8,1,21.0
0xaf154bd4ccbee31ba69d0120dbb26c9f3faf02c7,1,25.0
0x9463ec96aa940807ee93fb48eafa31cb8c69e943,4,350.0
0x37ccdaa4fc00a2a0e6132e6c962c6a3033e7c9af,1,30.027
0x70d08b8b65be7bd9457b2ab6d6ceabfaf84050c2,6,389.8953259707011
0xe2838911fb3561535003b8444544b2fa4928f9ee,2,134.787
0xf033073ec96a2313ba65bc42964ac02389d39a29,2,520.0
0xfabf014bd30ab0c46a76e90f59fef965c6f06a28,8,7050.002317667732
0x0a8629ca2bbc59a6c2099a6a8abedb151f1a89ec,1,30.0
0x2f452a34705cf180fd9d995ade0b925916963e2f,11,3250.0
0x5c39d5ff21588b70131aefefc7da0e124fad8437,1,500.0
0x8f7568563d3e8f7b52e2cba6e85fb6af4344882b,11,100200.0
0x9c14acfa9505062891b1bddfb15c7f228e5a2626,84,187864.5
0xcabc7ca74417d9c7586d1bbe774f586d11cdb744,13,171020.0
0xea7fb2e82b3c98fbcaaa8da1259630ef525b8a79,1,28.0
0x63dfb4a0284c2e7043e08321fe44ba86b3a574bc,1,77.53
0x43986548f181a931e5f295b4ef093de2239746c1,12,1317.79270002
0xf5f66c437ffb1b70d8b62dfedfecd2e01332f8fe,2,1450.0
0x4ffe3488b1b4a481202bb4f3bd0ecd555da9e542,3,148.0
0x951e9d97ed821790211c8ff6ba5f1bdd7f4bc8a6,1,20.0
0x93e8c7becb4b81d9594330f15e230fbc68a2483b,6,225300.0
0x2143808d995df8731e686d5db7a0af963f6512e5,12,186973.23049272245
0x73d91411a28dd0d7ef3549d93b4638f5fdd09b9b,9,9399.6
0xc30163399484ca6f7d1bc8b89453fb25f6b823fd,1,25.0
0x1b6baf7f920ccdf6c83ba5a6bdf37511c664831b,4,500.0
0xe9b766bba8d64d419c92de6f4e834fe9601205a7,1,1000.0
0x3c7958fd9453c3e60f55a464fc6f74ec7865898d,1,20.0
0x1cb88d525496278f488b6b7c153e3021749f09b6,1,1039.2838197069775
0xe82a9236d4ab9ba7b53f8c0a0e0c15cd9dc7de6b,2,225.0
0xdaba587564388dd652b4e140e17477e74599541d,2,125.0
0x23b8bef828e57de93ddbc305fdd2b41aa1dfa8d6,8,102048.51
0x5b7653be91ae38b3aab8690ec780af6269143174,2,103.0
0x8156e69ecd7430da44941498f2d579fe0b0c2621,5,5503.0
0xda9a8500b3e35d9c1d53e5a742b329dabcc0941f,1,80.0
0x7811ef58ba2d647766a7a05b4f3669b18948c1fd,2,550.0
0xafa6c3683d1a77e7008a5a31eb71c284dd2ff661,19,27743.84321128
0x5c6cf37ee1964300e9504f5e304ae510886ffb9c,1,75.0
0x54cb3a908a08cf7df23683395da423447276d658,2,60.0
0xac48f203307a2e838f3aefb32fcb93ee96e61942,1,600.0
0x57448b3f9fa610bc3a7263c6ea947692fc266052,15,51082.5594659428
0x5fbf039c562be46ea6c9533b5924d2892f5ad039,59,364206.0
0x9b5bc39ebf5e9fc95c9d957acdfe0fe75e1859fb,20,5235.0
0x527627c890a98e1f0f9b5feefcf332fee4938cc9,50,51740237.19064212
0xdd37bd486c5fba5ea2e586ce41e01f4f0c6832d2,2,80.0
0x2c19ee6b49cd0b667e9954b984930536cbd426c5,1,20.3042826584
0x5ea50653c77048feebc2ee9b56a6b3ae2f868c7d,1,200.0
0x3c72a1a0acaab041d249418a60d16832d1434c26,1,1595.0
0x98a114a059f7b0da2e35ee3880b07cb1ac230419,4,1951.28077861
0x0a1b2ad9e7e089670cfea2cd65403d78dc7df4db,27,91919.4058238
0x4f5146aa53e7919358e391c6514ab1952bf4ed27,2,205.0
0xa343597588a6b0b89f223761b34e8e59d26c7ca3,13,71670.0
0xe8a605a57f52ddbd89477e5e6360a7fb717a20fd,6,2970.0
0xc78643959d8fb66e137403459e264a0ee400b8d6,4,15301.0
0x95895a2daa6f47098147460ffdf38b593ce0e74b,7,24000.0
0x7d4271138229d3c2aedacb4e1798543e20df2685,1,480.0
0x193d677c67789345425b1c0c05f7c3e722ac5b36,67,46298.85
0xf8897b4a210a85bed6c420e823902fba0714e9e1,139,27504426.955878936
0x1fb3dd5b8088f45504b66655c954e530c71edba9,1,80.0
0xce2381b8060114a659c02ff1f517d603b0395411,7,124200.0
0x258d54c9fbbb0a0cd235f2efda3efabe09776042,20,347079.822
0xf3698dda407dff3193f8a0e7cb53bfc73329349b,181,18826933.266559336
0x9d00246bcc000238926bb4e9fda15c3120205ff4,3,4000.0
0x4f64134ee18376b8d291a56334e4c6ee31680e2a,1,20.0
0xee0d9208d059cd33ed716472a3e2914f31fa07d5,1,2154.91
0x0db331c067743de9f7b8352dca3be4227c037606,8,125900.0
0x3e3316315be3bb51ffa485db9c5783253df4dbd5,3,735.0
0x6b06292192082b98480ba8c82ce420ca0bf6a851,2,43.32028647568288
0x39608be3eb024980be61ff255558ac302a550ac7,3,575.0
0xb847a92afd9a6829a70492290bb46be6baaede97,1,2000.0
0x52d5e448bca003c9c10d5512d894e9afe3661921,4,700.0
0x356916efba12e9c2466ee8e3a481067a3806e65b,2,180.0
0x8fbf4e6f8052d488ea982f3c7b7be988e3b56566,1,1000.0
0xe68cce51a2f3690f4b4ad5ea4cd759fc5fd58b4b,2,305.0
0x18de5d3ad565a8677959417f6ed116a0fbb44827,1,20.0
0xa5149307fb71272a1487b52397e46b7cff48d913,10,1576.7817074882846
0x96a50dd389b5f5f59d49d1745f84b8e2774ef82c,1,950.855
0xa78c10a1aa7b8c15f58a3765e215769c4466bb93,10,570.0
0x077922006f8ace0eef81a730b604b2c624d42da8,2,15301.002541321615
0x15f9c8382fa5b30f7e889ca3ad4ddd51347bc752,1,20.0
0x34309f31e6973d18618fe2424347ad210a6a1ff0,1,300.0
0xf7daef39ca28505216e04de3ec8ffe2aa45801a0,7,12854.0
0x163017e6761bb5e5bd1e18192e77f75efe8e2c12,2,180.0
0xb44b9fb0b8bf0caef32697cab861449550ad4974,4,1297.506
0xcd5e55bc003a4e435c0765227c1c0392813b2c1b,3,905.0
0xbaede7a56042a26fd82d81c0809a6a9a5af48ee0,1,45.0
0xc771e0191111d3b9caac84c7ec8cef38ee563cfe,1,25.0
0xb3ae0ec95d21de3a6cf327ac055362c327365319,4,6488.455459795936
0x136e00c4c5ad6bb27cd498d464bc7e76124a6298,5,1715.2449474716766
0x45b72e6f756ee99a1e5de7172e2ab113db4107ba,5,6305.9
0x929d38301dfb3b5def0a113d14ddb757a43ca0a1,1,150.0
0x77242528106ce8153aeb7fb83001220d8e49308a,2,65.0
0x8859bd18a276a016fb738c1d295f86406d775a20,2,935.0
0x2c6fa5810aa8df7c0ccb9abb36e728c9cc91b8c1,1,20.0
0x8491e303c997a133720bb50b3721aa95e092bdbc,2,225.85812878411502
0xc946379a41b8f9fc851e7fdf699294e90e56b1ad,3,12680.0
0x159b77e4478cfc8379e1f27f04db1cac4081611c,1,38.0
0xeaede10f8dcbaa9f457cbe73285feba3b082dcfc,8,25000.0
0x6f46bf92b4c2fa0ebc4e182eab456bfe2b8571bc,3,1467.38560914296
0xf3168ceff2a8c02213f0b33a0435ce9b68ad09b0,1,79.0
0x748a26a48751d966254c8501dff4e42a4218364a,2,290.0
0x2bd05c6a26fce150b62af7cefedb96b9ea73b4b9,2,65.0
0xc836489a8129f123145286177457caf58ea4c276,3,60.0
0x0c9f77312b63e8764ff393b69c85173ec81f748b,2,6300.0
0xa805a21941992c6a8f02ca6ab83367f6f94244df,6,375200.0
0xe2c492d874677d6f9c5625556e1c2f1e073ad878,1,20.0
0x721c88aa2bf4a44e963237a66ec6f282c69aa2af,2,815.0110565830441
0x2a8f2f1005fef593307fbd354d0ee16db26b6ac5,1,25.9
0x74f1e8b6144fe299d233fdb7f2d40f4954779a4f,26,862143.1699999999
0x5fa6a248edfd528d904641c12b77dece96f6f147,1,20.0
0xec994201f99e84230fa40a70f4ba53dafd16bf11,5,18100.0
0xc4ed6cb6f996f650fddad202e0e3cc27c1514d83,2,905.0
0xe73b9f5304c8386f64331f41279256a30f4891a5,3,115000.0
0x8ccda579fec5fc3c6aaa0a0d575022aea9a7c3b7,12,141626.97905908493
0x68abf0d14a5177d17d0281cb0827d7c1209db788,1,20.0
0x31ba52b1d222dcab6854e507e6ac100127bba7e8,1,5000.0
0x2821c54f9259b0b83c449907407942884297ac8c,23,8700.49
0x44a524464c6c02aa904ffffb9c59bc461c830e6a,13,516000.0
0xfdeaac51c3c2b85858aa8016d1079c665a271251,2,1500.0
0xf3affe06b7eab2dceb5e3715803b0328e33d298b,1,93.0837
0x4d5b1f6a92d80d930f194f74f7c25f6a08deacb7,1,5000.0
0x2c00cd32845872d36c49428ac3d8696c05d615cc,1,9000.0
0x4ddc1ef4c5bec2198975718b52a7171333c81d7f,1,230.0
0x05a18b98f932bd06911ea4f7522bbbc27cae66e5,5,9911.08
0xcfcd4559ab6a32166944b30043043785aa0d6dd9,8,737.0
0x9e612e1152214a8bb043faeee244103f9fa92f62,2,21.5
0xcdea48ef793951fe9b24838495a713cf6f071b14,6,14650.0
0x6d72c3f286651cc1901a27729d4d7d32bee2483a,4,179700.0
0x8f27514cdc9832d7d31e560e30f89b22b2db5e86,1,2500.0
0x49b8ffc1993152db833c79117561087d6c29c04e,1,1000.0
0x0fad927ac6b11672063de047b2b2d86d396d194f,1,500.0
0x4eda17972161f15665ed80778b27cd0a616ccbeb,1,8640.0
0x3c0c3765aab9cec6fe4ddfce94517d9c1c13cafc,1,20.0
0x9f5f7a5b170331f6fc21646e9dce789acb66c342,2,4297.0
0xabb6777c485654a69fae4a4c37dbf6a73a462aae,3,6650.0
0x54f8c9f7bda8afe86001873c21d2b0146c0f1229,1,125.0
0x8aa37bc078f16ff1ae481febda8cc10e21d3373a,6,22316.0
0xe7f2c250bc93cfa96418b7a3285aaacf60001877,1,20.0
0xf6a5fe0a2089cddf427c28ac2fb290185c0c4765,1,100.0
0x043800d8caca74e055d56804e7fdb80590829ec9,12,5233.14695044
0xdc200ed337013bcfc5c2ab3da12b7eb4f3b4f4f9,1,80.0
0xb273fef5b512beb954abdac16951f15172211fbf,4,3800.0
0xf9bf9e67c75b60d7bce091e419f5df83e8beb3db,1,21500.0
0x059efaf6da3b738a55f0f73d5f1dc94cc31c31e4,8,522144.0
0x304179744c44193102b7f3bf29868de378923741,35,288263.30630857
0xadc31b4a1d71e0f326064c62bae48492102fa4d1,2,621.79
0x4a6877caa4e19ca62a7f9f4fb6be2d47ea0316de,3,7550.0
0xcd199bd2e2a23d3497aedfb11aaf662793e1e175,1,41.0
0xfdb3e19f701659e03c946d6d0da32ccf2884a8a9,1,130.0
0xef69b09dc1a69e043f54cfefda529cb03f57bcdd,1,20.0
0xb77c6725c5b696bbf68a62b35e2f7e1f2f8ebf75,1,75.0
0xaf59e36f00fb8268a954f77a36ee5e2de2550d8e,18,1064008.01638418
0xf700a3d4baa7330e83219181115e2f2c45bf6b40,5,2950.0
0xd4d50ec0210aed11385bde964e97c815d47d39d3,21,94586.53
0xe4ae820b40879e9c2b56efa9f2fb8f0623c070ed,28,269830.20087067666
0x0d708aa9277ba30e3bb363617a3ebeebad936147,1,25.0
0xadd88604a5e20171c2ad82dcf87f3ef6b3c71bec,1,1350.0
0x75c0e4ab6259cb435d839da95fd28f9e3717ab48,10,84114.28062782442
0xf4c0749036cde16d099362241c3207b6bb9d7b15,17,4729.0492484900005
0xe5fe91296b7964d6ff95809d9712fa5d222cfc33,2,165.0
0x711480ae5e1c78e1549ad680ba768eface202902,1,20.0
0x4e5df0bf53e93bb234a9196cde04ef852d83a6e4,1,20.0
0x77dc3780a8b8fd493faea063de6c765990b13351,39,5540900.0
0x5eabb8d83c10bc5362efe195e968607a16bffc91,4,2500.0
0xf25600ec876f507c394f0834570f8917152e70e6,2,280.0
0x20e433f32b14cc4456c8ca14aeb31b20dd71edc6,4,2250.0
0xf9cecc466971fc438eb68bb39d0ef3cc680fab52,2,760.0
0x3aa24dfc5360a1a82b47a45aabeb6090450465ad,1,20.0
0x0f0712e4851dc88479dad45f685221312496b410,29,68760.0
0x7e8db3c25c4fccceb29a23b393d4056e8c16cad1,1,20.0
0xa3d5169f95000b81c13b6ba3935a17aa19e05db3,5,2409.0
0x18cff374d624bfedd1929bfcd8d97587f4c3c112,15,147274.0
0x3e8337c18f7d8a1c670983cfbe09d4b08e7ecb40,5,10350.0
0x8360db5af965a24fb0c62ac2663c685bf80b8d50,11,71800.0
0x75b763922878197b957c36ddeda1e20d6f84c1db,3,37000.0
0x36853aaeb315943098a218a7807f4e65731bc580,1,2658.0
0x32fbd050a67306c1fc5f360e9abeaa917fa6cf1a,4,43500.0
0x383621a8582e4a9b8ea5071f8e09daefd6bc94bf,3,675.001584163638
0xf4800d9600002e7222e46f53f9068e59955d57e4,92,947789.1014675419
0x7b2184787617e402dff84d5498bbe37e2b1239ba,1,1000.0
0x37932d00134f802667e4958a5812a32738286dbd,2,82000.0
0x0114edd8ba9e3842a303f56122c0756dcc55f8a6,1,100.0
0xb1e5817207b31705e3b897be3f61145441a496cd,1,13700.0
0x2ab19023b19c9041de784621ec4b7488d7b7496a,1,29.33
0x87e223f129776f2ef419d8a6ec68aebd4d9f84df,12,570300.0
0x8df34b17ef1a5ab2aa061f025f92cc74a7522df1,24,90100.0
0x0278d6b469ea6afe428e3779a48bf71638ed4260,1,20.0
0x4e6a5616f87a54edfb12a4024badc227a9629652,2,66.6
0x6670941825c2e12c94917cae8b488b416be57c2a,53,4576467.92358297
0xa569d3438373c936c2a39b1775ca5bf28d2e4cb6,1,20.0
0x68bb15782ead5211ac5a6593d758f205790095ea,1,20.0
0x55c298d92639fdf9d61cd21d6801b3b2ee630cc1,1,20.0
0xa12e474b5995cf1eb658313da9e76363997b715f,1,1000.0
0xb9fcee993d0182f31906c321d8b0a0793a28be4f,1,1200.0
0x70c6e4b7ea00fda1010a05615353cec7ae02d1b2,1,2000.0
0xf74c3028629fb2cadb6d3d2daed9dc33cfc5407a,4,1900.0
0xe6ce31932b06d55fc119835375d38bfb8a77a021,25,207176.62683351614
0x39dff27498afe8e6930c7ad7a6bdf10efa456ace,5,1735.0
0xd8741e4ba3af95d0fce612e8b9075d33949e7a83,9,40942.0
0x75858259daa3b29110ef669049c10ce53e0acaf6,10,83300.0
0xb1b24ac33529d1585df591385dc64c722025b109,3,4225.0
0xc3eec2eda23a3d2bc92b336576beb0d9588d0e5d,3,340.0
0x03cc7b1495b50511bae0f81babd5b9a2900b8cda,5,150310.3662897496
0x02a4e1c8467c6a4fc76bb8fd8e9f57adf0190cc6,15,5204.719999999999
0x57b52a070a21b3814c27be966b008c92a4331312,6,19750.0
0xa6058aebc3cb13d26fb98685db000b4ceb8712b8,1,326.0
0x75af30c9d9a6310ceb206b1b78414d083c4fee7a,4,2450.0
0x9da82145fcc68b12a6393c4d4aadf4bb3ad1dc86,1,20.0
0x2dc3bc5e874492aeeb895ecc8ccc8bac18d8fbdd,1,20.0
0x266b97a1ee24a57a070dc2dd090204f9d4f70562,9,27350.0
0x02bc141a23dab1c053d3f3d501cf603342cef845,2,48000.0
0x166218e51a7dbddf20139ad123317adae6f1b8b0,4,6100.0
0x964999040dc2bb86a6cbbc7486014a0d557427a3,1,500.0
0x61adcf350cb22efe5c158276c6aaeb8f2baa2272,2,1900.0
0x15327a78ef57b1b545fa71ee23368f4a6424bf8a,1,1175.0
0x056074199d5ce4e41175116be969088aaa5ebad4,1,654.0
0xc60b896600c31c55341cb6740d229fd1d898c63e,36,65538.395838013
0x570d70a30ab00b573e965fe0ae5e02a842d7d798,1,20.0
0x0d2224b5ae68016a323df14eb705323bee9af9e6,2,120.0
0x3e0d72c4e7538e6ebffd1c603f4d0ccd4a7cc065,2,4700.0
0x363278290ea343811110d8c99d5d3f8b03aff4f4,1,20.0
0x62b5eaf464841220d9e0f21bdb389b5178a5919a,6,6760.0
0xab9734f61960fdde8e6ca43140d6bc0aebb1885e,17,102901.0
0x39a7a64ea3aaffa2a714571a818fb7f27126ac9c,2,500.0
0x274e52551cb5b14bc9bd0a0e80e7c70bb7484ebb,5,12000.0
0x5dd3812f325f8b01c66f25bf27e8faa1b5393269,1,50.0
0x9668616a0a65fbffb3720bca2b9960f38f467bb4,1,20.0
0xde32a1dac0e98dd12c73852c3003f75f9f6ff24a,2,1080.0
0x3c6d3806cd0d927ba9d721aca3d4e180f46edc92,1,20.0
0x0313a5b1b8b4af18df46fe894baf4a3575434984,1,20.0
0x131853c6b380db990296f3d5128fecb6d5edbcca,1,20.0
0xa9f1826dd34e0e2b81714a4d52621d6dcd4adac1,1,20.0
0xf5dd554e7b60cc4a633ec7f7d3e9e706dd90d3dd,1,20.0
0xa3e28b3fab9260cc12e2c73ad00e767b5aa74ee7,1,20.0
0x275ae1c2ef17ee366645f3fee286d9cbea04af4c,1,20.0
0xd9c93b69cc64e6e6acb2d9dc9f12d0925bfbd467,11,24601.52
0x6ab6adbab5c0b7cd2829864b138ca8c89dc4efef,1,20.0
0xcd58826f8ae7006284b6fee0da6caa9d55ace5df,1,20.0
0x52a207781da4804f44fcb86df51f21dc806aa09f,1,20.0
0x4ea682ea27239f07421fe4108e91a6fc6da1c577,1,15000.0
0x2833da124824149ff369f4703a1aca88129a2921,2,220.0
0xcb05217f40aa00d5cc1e25503dbf231c6a66b7e7,9,51100.0
0xdb9c6eebb1a65e5c9c4af8a371eab506602785dc,12,73890.0
0x34b3fbb31acf348702f915b376e0dde997605893,1,42.0
0x194813ca15e0c3ba0e491e09320cf7d3b9a2305b,1,25.0
0x84d9478bda23004033d227325c653483a5b450f9,1,50.0
0x830f741b86402b4b4dc7e8d39096e2e9aad98267,1,20.0
0x25a16dca6e07714e29de4cfc80f0a46c067304b4,8,200.3130163526519
0x9b0dea18882d0ba0986aaf56420534ad5b306e0b,1,20.0
0xdf574658acaf758152bb29c120683085b418528b,3,2300.0
0x0aeb0ebcd80ea6bdc34a241b76d5d35f4057933b,1,30.0
0x770edf696375296cd1f0879903501d23e4a7e0bf,2,32.0
0x3fdd3f83e440eac54469677c68856ac9a8e1aba7,1,275.0
0xcd411cffba79f6acd475e8cfaea2c69d81ad479b,5,931.0
0xbc49e398e82de0dc8074adfce592fadec08c4611,16,594217.2217999999
0x49e13270c2d5de5a4ec40d4c87bee0220751bf20,8,206800.0
0x37b1fe9bd11e1206ee6b51778324cbdfbd5755c7,3,2300.0
0x5ad7f5eb370d780d4c62b407edcfa3723eb4ad3c,6,52600.0
0xf1339bf144d1a5dcd34122558d45ce4eb27f9d18,1,94.0
0x1d536a71226eb65c9dcf7ce0c38ffcf8e989c8ae,1,25.0
0xf16d311a7b8d2b1318ea784e01f0b031e8b287ec,1,25.0
0x778468127d6245fd9c398bbf02493ebbfb419f2d,4,23000.0
0x07b145a233cd1f96609d313592204112370714c3,1,90.0
0xe6675c926f20a7f13df6683e2efb92709562ea51,5,47500.0
0x30180e1ab2a902dc2e7db09b488604050fb27764,50,56365.0
0x61a8116a2b98707f4c5f9b6e7fe26be9a6bfcfdd,1,25.0
0xb8eac26a0b3817cdf668ac44cfd1b71cbaa32033,4,7400.0
0xcbf0ee5519b32ccde918d11616c971d0ddf10db8,1,20.0
0x5c96bdfb9ebfdadb247cfd5a964ce3aae3127473,1,760.0
0x24b77ebb0da0672f597a1916d4ed01c5325d7787,1,20.0
0x0cc5d70e09472730b8185ed637ed3a5b9c54d1b5,5,800.0
0x1958a26fe2c9ddd29020618c829a9cae02b720ce,19,19117.2267325189
0xad67dead22840f6062fe0f3b2d2f7a898f8b29db,1,7700.0
0x3dfb777d65298956a59905f27e33a19494c350fd,30,532449.4183878
0x78407bc640cfa358efbf0560caa0b3f11fd5d73b,3,1800.0
0x70ac36ca0096f8672980f2280ab739be46dc2303,8,71480.21242965602
0x35fbc293f4a3ec18f39c8c4799ec329112c122c9,1,28.5
0x8e9664d05beb5133dc68ccc689b97bf246af4057,1,21.0
0x748761a17c275df80b406bffb7c1e0d64dbe5467,2,200.0
0x2b90da484cb7655a1fdb967e5f913e2c2fd7486b,3,301.0
0x71d0e2a6cbd7525c2dd1fcdf83f51e249c121038,1,80.0
0xc4c8839a580b4bfd370c664c8bcd899fd9f31bb2,60,658904.7241034161
0x78047394d4274d6fcac50e188883165a8726e940,19,967900.0
0xd8932d2b8bf72ac6a2b39570142f7537652f3283,2,44.0
0x45cf0466c707e966891d0c2fc48ac41dfc1e53a2,9,358050.0
0xac52379c4c33609439fd733462e534e4747b2c08,12,296002.0
0x5b0fdd97327504ea25d2c168e642ee6263f2c125,11,12373.81
0xea2936f7fbf55f88593975ba5b896cf352951564,33,283990.0
0x63101c2ce41164a7342768704b9e1771bc508367,3,696.0
0xd4a72a37e1c429a02f90c7519de85b40467946e8,4,558.0
0x6c153073569cc31d5ec1a70a044f707cf024cd9d,3,410.0
0xfa04de710ff4e48052f22ee33c06a4b5017309c3,1,100.0
0xb805b2f913f0f2e0abc23faf1868989ae588e148,1,20.0
0xf6f4c1b579e90b766af9a5079b5e0be18d22198b,21,373800.0
0x8f16ad6145fa0b61ec25fc102b65813e286d4fcc,1,100.0
0x30ef1e04f9175d569da9c99ddf79bb72931bb931,3,225.0
0x02f3e7588468bd1836c33cb049a253f5164d7663,6,8512.765
0x55106c862bb04f44ab6a08cb09c01bd61a40416e,46,525540.6025582112
0x76950d1055a22a681055111c1042be72e67143c2,2,45.0
0xbfff5bd5d7c943dd8fa941a4418186a6b8c6d10f,39,188336.7471445
0x9d2a4f91e183196c324f8e0c05a34b12d057f0c9,5,7525.0
0xe21cff10794878ae6f9ff13004515efbcb0eb47d,1,150000.0
0x95060a2fdf2233b82631851df6b81f3cdfaa2653,1,20.0
0xf52130ca80b8c2c1a25e68b701fe2cbbf93053ef,56,1974648.6975347
0x741d3d3a6947db1d132d3b14bfe94fd61519997f,13,132300.0
0x9730c8659f769fb48ebd0c4d973a4fc4649ead6c,4,769.2830924074241
0x2f4b79e9e27a8ff4fe0d0dc7bc177c4e55d12a05,5,34254.30265392
0xee6596360e4d0eb17fec65f4e44455c03d492a01,11,12110.0
0xc21683d8d5ac8c98e8761de3b255f7de1c651472,12,977820.0
0xe36a04097d69ed5efadf07121c1aea53dcee4c06,1,20.0
0xe87c26c1d014a855465ba1c3b4cd841b3fcba97b,15,682020.0
0x91b722ef3135973d504d3b0cad6c433658669290,7,11600.0
0xbaa23d1de745d52311ab910919bf4697257ca796,1,25.0225
0x90f12453ecf14a4123da0a0ef1510392505b5dc6,2,110.0
0x131c7c491c055336284d0aff58ba8ac5db29029b,1,30.0
0x526f2acb1c21d101a3854b7269ee1d25f174684d,14,178020.0
0x4a73ed00887de860c9b392d6793863970e49fee6,4,304.855
0xe9d727cfff21d111c4bca4ecb5f181d6d5021fba,1,20.0
0x12cb4fb0ea1d01580cb68d078a002a04e26ef676,6,4125.0
0xa8dd0a1037cc9d71acc95708cf45e7eec95b23f0,2,740.0
0xc7dbb64efca83cf37c51fa099d4dabf908d07325,2,350.0
0xcdcdafc78062d25532698cd2f400ca461e589ab1,25,85904.9700457447
0xf0045183966f03e31bea859577676f179669e226,1,30.0
0xea0293d475d2c815319ba018c11b6772dd52e398,28,17213.1
0xf65b93328776420c3225fe2bab850200b923a535,12,358466.046967449
0xaa7cfa190017f96c3d3ed68a78baa8b4af03d437,2,75.1
0xb3e794b134f114d67a3b578eed56bb7917ec7859,3,3775.0
0x730eb98d932037407ed8477f69b65747846e7783,1,600.0
0x7ec9fd4815fb7bc5e9dda4945b7bf011d9abcd92,2,80.0
0x7079e12f3ecaf4aebdc054209c6e865283cf4fa5,2,4000.0
0x316084af891e361721790f78b1f908a2dec3dc75,18,115000.0
0xa55786497dfb9c2f8f3a5976bdd48d6cf9774c40,9,1728.13136931
0x48d81fcdea9f57a8accea1bfc34d7e55f8e20571,3,52.5
0x09d19e6557f2706c174e606b3405e2df277e91a9,1,25000.0
0xccca06095f26b83d482c057bcbcc3f2a1d793045,1,20.0
0x7addf466ccec0ef581d0c69257d0ea78cf86bba4,44,11110.0
0xd8e94839ce4eb863cdd0d4f5612e136db78e4f39,4,900.0
0x8418be52d1b23800122553bf4699e2da0d283ff7,10,43425.0
0xad1adfc758e66d5b138f839fb875435688bf1729,2,47.0
0x108d424fcbd797a66e0f9608ca01ba8a82169646,110,573841.61050466
0xe5a091b80118a84d92b5181249749990ac8c81d6,1,35.0
0x1bf03076f75a6ba86058bcc33d6b9cbd8564b58e,4,139300.0
0xad2adb88f00ee87b7151abf784ff89cfc94b3660,3,5850.0
0x129eddd1dd7b1995f383d6f2694626a326c7b4c7,2,170.0
0x78fa7f33057d53751afd0bc5bd3b7b124a3d4116,4,1015.0
0x7169898a6d86e5386def3da083bc2a35515c207c,2,40200.0
0x7f982660952f531655062da832505359f0a4dd80,3,2260.0
0x70c423222a97f385ca928c8da1d320e656c70456,1,2450.0
0x4f6ff07a31320fb410d23cc47bd9487b8c08ae42,3,291.0
0xa717876efaa3513c77b973896f40680ae2405be9,7,14118.330971141317
0x281b2d871be29a8c8cb263f0514e1da4d541eda3,3,350.0
0x155a4604baa03fa3afc7a15aa4681d57b20ba3e7,2,883.0
0x5945874de22b552220681c2c990a5fbb9bb3c310,2,99.86
0xc5cd762088acc5c7587e188d120c7978e6fddd81,2,1636.0
0x1ce2ea2c9750f29ae3ad59cf028d982d390f619f,4,700.0
0x81d163c5b63c58a4f42db9268d05664975317244,1,20.0
0x4ea90f701e12e451005da27646dc01425a5480ca,23,98653.94668599831
0xab97b4e213fadeb27b34790ff33fab7fc3d0dd02,1,2000.0
0xcf500badd7c19a17735b33405c3d2ee18636ffcb,3,2750.0
0xacfc85d2b9d7c57c6f9eb97837e50f7378083759,1,520.0
0xf1de41f8aa0df86142838cda96201e47fa9d9c2f,1,3236.0
0x3d5ec74ccd64b10405b4724c729253f94b30edaa,1,90.0
0xae4f2da5ad5dbf7d715ff98e01fd1817590bf41f,1,70.0
0xd1142696649bc05c10c5002dc9593a016471ad85,1,478.0
0x6321dfd31109c3efa3fbd8108cb69c03a8873e25,2,105.0
0x7a47be543bd2419986a8aa1f0cd5744d4f062e1e,1,20.0
0xcbe1fd59c8c386f5228ccc7af26a8b6ad08a4e14,2,125.0
0x375436f4841f7cb6e15df00ee19366f450dc1675,1,45.0
0xdd2fd7559a4ea27af6f5af9ea1bccf18dfd42596,67,896515.6966981268
0xcfd6d8b87c4f3caae6c4439958f3ddcc7c11dc01,1,70.0
0x0da68af4f4b921e1a334305e63956f1596859c72,1,65.24066380000002
0x8bcf0c140c3d1971dbf3d2368dd9ed1ea16c832f,2,940.0
0x2aab8c1ce2aaef57c6dc7c9b60de1a2e012f12e9,45,107364731.48
0x64c810153d1dfde6afc09e696348cd2839d72a7b,2,21.0
0x1195fb55788d725422c9bfd222f894a425c57f6b,44,105225.71045799182
0xc5450464f085f1ffed4dd15d1ef3d48f9c406568,2,620.0
0x5587c977ea7ffef9b70a4a05e83b276c1199600e,3,1200.0
0x1a834ff7ed3f827c624c0ffcdf06e3d70cb66216,4,1430.0
0x60d1a4be0ce19d8f8da586b64b39b9e99b2a5316,2,110.0
0x7601c9b86d1b3603cfbc22abb4aa844ce61e440a,1,20.0
0x1cb74281b51feba01fc176db868461f83a6615ec,1,40.0
0x2b66554866938ef86db59c0c5061671ad3598ce5,1,70.0
0x4596296fb6ea00cf143f78710aa086cda3726efc,1,2000.0
0x9537b529a54887e8a1bade2e4d6282d715efbb58,3,300.0
0x88f6d86b6cb0970b196cdeb8fbbe38ed22224ccd,2,27.0
0xe2f7f74da5bba00159665485346a07a781b3970f,7,42794.0
0x73c302a18663934c862c48867a41e9a39445eb6f,25,118351.51702109644
0xef9d8ec9e79d60f5c8e5ec8f47861ace82fcb5a9,29,39017.151298006174
0xa20af9c30cf54b977ad5b94adb0b7f1bb8b0ceb5,4,15500.0
0x2433574929d247f2ca6af97ca7f8aa97c620ca4b,2,120.0
0xd5e1ae329a6af5ec4e82e2b7daf7f93c3c9dddf2,2,53.0
0xef427a48f9aa57ab78e17137f196ae3ad2bd31ad,1,22.0
0xe66f6324e2e66ec76d1a9999c715f9d667cbff89,2,1000.0
0x08cd41233eb9b928fbb20ba043c4e0e5f1e1f888,7,7567.0
0x200b06c4715dfb9404af60a2d25cd0c6847dbfa4,1,20.0
0x3c7ec8067d463d7fe968ec1b2554dec2b98efb47,5,285000.0
0x4b06545fc94851fd05bbe75b2f38d7a98fddb2ee,3,144.98000000000002
0x3b9011ae4c68f5e55fa8fd8760ba93b2e06a4507,2,750.0
0x0d6abca2cf659cb5fa56f3bec5730e0d4b6af721,6,1115.0
0xe1603dc3c9e2724c8d0429275b2c1671cefdcf02,1,3689.0
0x375e5279c412bc2ca97bdb42e147e0538ed1acba,2,7500.0
0x280380def58373fd551d353ec5f90df2fdc2e6bf,1,20.00074182885093
0xd5ae957f30943f435a3d0fc0c0b785ff913ca600,1,50.0
0x514d3b77a162eaea43c79a0644049a877a872e72,1,750.0
0xb56891a372320447d4a7e556de2f0c1d4aaca976,9,7850.0
0x7f0d0ca50995b10062e38c1a2aab1f7f732b34dc,49,107600.0
0x236c66fdbb2c18b93b1285d976d8bb9b4a9225e9,1,20.0
0x34225bda54c526dc275ea65d8af4d504dc9ad0dd,12,159500.0
0x307659dff9cb1f7d36e47fe6dea7ef2c0d459ddf,1,10000.0
0xd8389ba3a2dc6da58a25326ae11d4c97ffd270f4,8,39800.0
0x2226738e4312f8f714285b10cca888814d4a2fb7,2,2000.0
0xf010aef700ecdab5e4d856fe99153f7591a29ff1,1,1200.0
0x8cabcbb4c89f9a7ca67db0ce37432edf30c7ec5d,52,3045721.0
0xd80ebc1d2eb924517aef6a901a50122de9b60cc3,7,1260.3
0x65a622517d4a5db5e2f4df37d21aa704f8549c52,1,22222.0
0xc1be308cceb2256fcd7dc2edc442cc0cb0e01249,2,750.0
0x235130e3218aa96c0ad79cb95a9d6c187eb42531,5,1250.0
0x897699c266965dca0be03eedf69f56940d79e82d,7,129000.0
0x550c837c1a08730ab558dd13a41409b5d7b6ba57,1,870.0
0x88d667e65ac2e065889928329aca8528abbef763,1,20.0
0x0feb8405157e17019c8cf78a67b7a74ec2f59524,5,4750.0
0x3cf758d04d17f794b4b038e63880da3c4427cb90,1,22.0
0xa4012a92759f28f5c0ed6232e75c46f2b15742e1,1,20.0
0x935bcd45a91a9d95832bb77c92e93be33c24fc67,2,505.0
0x9478ec132fead4598a2d216b3acda2dc1ea57909,1,40.0
0x85931f7e97b7dc8952295b958fdf34ae9604658a,7,58500.0
0xd6895e4deacf0ba720d56019f054a4478f9578b9,1,70.0
0x316a1b42d3f688f558d2482de766f1040f42fce4,3,18500.0
0x7006c443695ec8745d78382de3b9bd3fe3e59a50,1,130.0
0xd460e35331dd039b890edf41493e8f815455924e,2,170.0
0x3b0fce10001427297e7ca60f4c53082d568bd39a,1,25.0
0xbdad0b37dde76e7426401e475f44a34196d3d82f,5,240.0
0x706ef0b7c6f1e9b25b5599efcdaf92205fdb75ac,11,3602.0
0x81dba87a3d96b04fee3f82495583536a695f7867,7,7000.0
0x446afa6d15f6284d8dbc23f1c750b60f1b0e9d05,2,175.0
0x6ed3c003581a23e0d354c1a9755f97bd5848f72c,10,38500.0
0x35993b16c0e5cce23ea257158d29ae93c055d60c,1,800.72
0x76174813e87f16fbddb479d043a5a5d5c4fa6ba3,1,200.0
0x3b82cc0db1a754503057c35d6ae98f71ac466dec,1,20.0
0x29bff6a0ac1a76bdcbbc89dee446db1f6d03decf,5,920.0
0xa6ed09879ced4934ac8c04d481e73619165f536d,1,24.0
0x84c9db148a6713dab7d65011c5f93d0b6ddfc0ee,1,600.0
0x9de20d0f9e04bf7ac9be17438486d4e2f04cc49a,1,20.0
0x8356fb3ccb4afb68845bf7b49ab2021252dab84a,6,91.8463398004096
0x9e6db92485b150bba3a5c3b0741bb9ef8cadaabf,11,7200.0
0xa8d8d92104ac411e4b42738c5c4fac1dd265b24e,1,20000.0
0x9b1bb99614359e8f8ff632db9cdb8b9ca660bec6,1,20.0
0x0d36823bcc80045249d3283571637f1d40aaee42,4,720.0
0x0f90c2deb0f8ad22bca55b34647b6bde6b46d319,1,20.0
0x82781c476c85a853e306aec74ded05f5dca2decb,2,505.0
0xc939a4c5f8a030b6f5d2799420a4d9fa4a74654b,1,3000.0
0xf6cb767ce73a989a56b1857f473e33670862803e,12,29000.0
0x101534a340e80aca61377a7e80d9f651621229bb,1,1500.0
0xc27699158c562575727e49a7b3c273b9ea7cea47,1,1600.0
0xcd49f0ae9f50b6a086142cdb96d43c77cf90e208,3,2800.0
0x1376fad62c96c9cfcd0a1004757dbd8e136e58db,9,2068.0
0xccccd06e810e18c27ee00e4c7f5c8f5669b16093,2,65.0
0xe181b7d041856878b00a7e6949a5b8138748ac2c,7,28958.17
0x4327a520f92f78e04cd97a10ced2aed34ae98ffe,1,15000.0
0xec2661f4ca5bc5a6a22b75485017ab4916e2649b,4,110.0
0x1031e25fde58ef3152b8583ad86c31150346e74d,1,875.0
0x2b720fc0073366aa440cab2e0cb4f26763e9b29d,10,5256.0
0x139e796176624bf1f5d5694bec5cfebcb34d2689,11,331185.0
0xf4d2c2d0104b9576eea1c5f8d62249cdd40a3eb3,23,33725.86
0x0ee2901b59f319594d646f29598c5213a6ab5b9a,16,146500.0
0x49f0357d362d9d8b93b035088ed6f2d1db1569eb,1,20.0
0xd98d0100991635c08fd84f548b39173088e19542,3,60000.0
0xf6d01c64ecde3df42afbd510397ded5789c00b57,13,1053.0
0xebaba874a1f19031625958ebeb3c8d0507e71a9d,5,3700.0
0xcc1ab1b2019bae3a84b15cc07bb3183243305339,2,172.0
0x1e3a22224aa400aeccdae61248ae2e0718c0be3f,1,750.0
0xef3c94ca65ef9619a6ab29f56849d57405a0aaa9,2,27.0
0x752f193b97a17332fd48cd819e99e4107debbe40,7,1462.0
0x3303f5f5e43d9a35e69a574c4de3d2c9b29e4fd7,8,212.0
0xf7d31d048efd085eb047773f843d7826ef9ce4e2,3,9300.0
0xdd8b2e2d2b21a7ddd1a39a4dde3b7e74e6596d60,5,15550.0
0x4b6cfdc15f568de7149af217a87722c03d93e19f,21,859302.0062871801
0x7d7de0da18eacb5f9696835c4e82ec74c33ac821,6,44500.0
0x88e0580b38a57163d481d1785e9266228d4bae5a,2,115.0
0xb4847c0242eff1bb63fa9611c4108b7b3861e02c,2,217.0
0xec7820a45dafb3d267a66ef53627a7d7204d961f,35,187200.0
0xe8228284bdfba129501788022828f26907ede295,65,527661.0839239695
0x64dcea2c7bab9d1e50f3291c1b802ca8864767c2,1,20.0
0x80f78a4c6af7f832d2fa00036b4a298a14f98836,2,190.76962083643983
0xd9abf7e2a43b995d5a86ea72002bcc5d8f52348a,4,220.0
0x145e2430f5897262652b6ebc302e39c32a355f5b,4,501.0
0x82b75ab71ab4e5d44c6b2c78c51b7ff76d8f3103,22,2201211.1177629563
0x8e1c61915db9f57c117113c4b3e88809a26383bd,2,60.0
0xb5abb1a8c8afb180283b8f2d26db353035414267,1,20.0
0xb7e2f15be0e7b3807448d08d48337e29f013a182,19,5170.6810054
0x20c821ddaaac0ed3c3c69d902cfb47b8e7ded536,2,159.578
0x8165fd7ab475083ecffa99c770be7c3a5c437eee,8,496000.0
0x2771896a9b661b262f386a30188884808dc2e575,1,21.0
0x01e3c660e3e71347d4540df92400eed63cb509c7,3,387.814902448
0x4670a64178bd6d97bc09df7c80089cab992766f3,2,55.0
0xd8afaeeae3fb20cb7db8992040a9114c17aaa55b,97,860130.3596051288
0xa38bd3541dd8ee47ac3b64b6cdbd4386d005b443,1,25.0
0xbf01dec56ead179ac06c41bf10511704c72f9f06,3,500.0
0x93af3e8d632f9a1a6e485610e3aa7010fc8e02ac,1,20.0
0x63c8773308e60fea735b6a91f3bf3e737c2b4821,43,269040.0
0x49a9967339cb5c0ba88dc4487a4af8931375ef26,4,1210.40412
0x9570a043c5f1f032da2b67ef19896b2acb53a82d,1,100.0
0x6caababa3518a6befee5d33ebab261d4a645e154,27,10826.537213898064
0xad41548f016152f7fd7f02cb04933d520a8f8e7e,9,6278.0874220568
0x72c974b8725faaf6945921db8a9218fa14f1ab1e,26,271176.5924434709
0xe536e9ff65bca141f9acd2f844732033ce3ac26e,2,280.0
0x29740d55f63f148550e65fd6be2163d50fbb6d18,1,100.0
0x577a4af4d0fc604cd16b7064098461ca012c5ad0,2,3600.0
0x789535e26913881e2c4a7ff176af21570302bd48,10,889.0
0x76917cfe95de04049704a53231a277264f2e0209,8,33000.0
0xe39b0128f7b85db195a93d0e4cebdcba492352a8,1,20.0
0xdb7e71652f06a9825011615c0080dd9292e19e73,1,20.0
0x43950be3f9be1da16b66e7a69ec883baf7036f83,7,62359.28148516666
0x406dd561af9ef9f97658a02fb5c7bf67e2f4980a,1,20.0
0x14c2aec466b889e3534935738edf227b0c107aa1,1,50.0
0x0b1c319eb1eaa044420c956cd7d2f9bdf839bc3d,5,470.0
0x2a87e9387feb47359b11082d744e8192f2da56fa,3,43.0
0x31fb8719ee4232adda80aa5504fb676fdbb97cbe,1,20.0
0xf0df7703f6a55e99eb85317f1628c5fbd77dede0,13,60125.96033155775
0xe7de3e1c993a35869e70813b68737b793e4ed56b,1,500.0
0x6fc052aaa8c880502858e66eaf779b7aa22b8227,1,22.0
0x1a1f657b14e8a61da6698d687998e112ed5f74e7,2,700.14987355528
0x42d3ed7b2201d397270b686362b8df623b414146,9,5501.0
0x10cef54c1b6db4a1f5e843702bf64fe1e449c0a0,1,20.0
0x63971f1fd729b7048bea38e5e77e9997886cad78,40,82505.68457812762
0xaafb6acd25c6813db7b9e0dec9d3d5b384200d52,4,1200.6100000000001
0x85d708f4346a8cab7684c377142a1182f3023d02,2,30.0
0x825b7f356c42a358a4d6b8bb6b780e540f1b17da,21,104272.0
0xb91aebb06c58c50b9a29a1c14ecbd5e30b050bb9,2,354.0
0x420fb059f1a1bc61c844f94e614a9f5870bae87a,16,6852.0
0x870d12f76c925a270215c65362e23b41c89476f8,6,1765.0
0x9f94b2578786243901969e72798b8b20eac8e71f,1,21.5
0xa842a7ccaf546d84dbaba54105f74798a919c50d,19,19815.0
0x17ad76977ab2795a26dec3dc759c1018a2e547c8,12,47700.0
0x2481cecffd72f693ea2e888c084d117652a75cb6,33,260915.0
0x73aacd0e543613519c45d6895d8eda8ffd5499e9,8,40250.0
0xd0a4b47bb25e2f15eb8f95e4f915ad6d35be9686,7,30045.128596904044
0x72d7e53cca6ffdbd60659a29dfd8f7940a8e434c,1,1500.0
0x333d21c13b857626cd4e493379a2c008f0f353bb,1,20.0
0x732d2c1581d09b80105aca7664d3b845c8d5bf04,2,540.0
0xf1f304f1845711376366711c72d6d138f83782c8,2,33.0
0xa710f654c62d1d8d2616075e72be27d153a68159,2,7000.0
0x6b28ee8ae9acb3be136c4baa5297057b4cd16628,2,1750.0
0x853dc6d040f0240153b6d386756810f423c0b359,2,70.0
0xa82eb72d29c7e9f8b15350dc779114e7174f484e,3,90.26268046315694
0xa58537b6122c19acc8fc407c0432190ca5356cc2,7,2512.11
0xfa3a43fa57289e4c267f2ad01810556299c45110,2,300.0
0x51409f3a6a62a0d0493dd7d7e8a8f371b8d9cf50,1,147.56
0x517b59d49ed2056be13ed939958b80855636f79b,15,11160.0
0x24e4fbdb01ba5378b62e741f6ccb0f658996237a,24,8167.4400000000005
0xb4c1997f951c5d363d167e13d9f12ab686882585,3,8815.71
0x5d1e9e3fa1d176ad377499b3405cceb718db7728,11,28710.0
0x8ecb910cdc79a8926593a85531a53de0954d5489,1,420.0
0xcbdc858b636671b274903d78b7fa5e2301f1270c,2,6550.0
0x23933d7f4563a0149eebacb32150ed3c444b222f,1,500.0
0xf59847c8036e2970fb09ec3b0d2e4857343f953b,1,1000.0
0xfa826c55b34448e06703c592845c417e4237e4dd,1,25.0
0xa0029102a0ee8995dc54e96cbdf58d13ca86befb,1,40.0
0x1a97c2f0bb0ed6b757b1ae53ffa46af314c1e57a,1,70.063
0x6912a4df9d12170ee97631db45ac8f46c017074a,2,27.0
0x50d153cb60f24f92e8643e9ba313f6e385b1e1af,15,18111.46604464
0xcba42ab052c04d2f9707692a7b827e429adf594f,1,74.0
0xed14b4842160f2300f34f28dab2231e1347c1897,4,2672.18499683269
0xbaa8a765e1d7babf87d14c627522e459bb388d4c,1,45.0
0x12f453c769918c6ee7d4ddb5209a54e5e9ac6613,4,24671.989369422285
0x5e43a93c70e4fb1978b091045f70414efa9fd5e2,5,40500.0
0x7950fe2b6897f38a05f734606bf2a04e3fde78c4,2,34.62
0x4d302095c2977d534ca277af7c4a34a465d291fc,1,138.63799533333332
0x2bc2c52bd738ce16085221c68b67dbb1115f5782,1,200.0
0xbb8717c4c4b606804aedcbfc78ae0102b4d3581e,11,41627.031968280004
0xed659d137cd5451d23ef2fecad278929de72d3f3,1,4000.0
0x79d5ac9cca6db544846e48d2464251797a0f1ea1,2,10684.416
0x89afd4452604ec061adff1a8abcf441b2c542d81,2,499.0
0xf4ad966b4058fa1606025cbd9dfd2efaf0b1ad49,2,16275.44
0xc420cbadcd9e9342444fed9ec2fd89f991b9ad50,1,100.0
0x124e2f37c42a0c35acbfb04084f114ddd5bbc5a8,3,2350.0
0xa5e88466c2f70688434eb68a807d347e767110d1,4,8700.0
0x299cc91d4250ea01fa5e177399af1e512208ecbf,1,100.0
0x7bbdad264b3f45c79b8daeef10c7fff3d3324de0,1,2500.0
0x84ca648a4cfc62aefbb5f5fe01b0834fa8cf7fbb,1,20.0
0xa2531f02766929c6e65c29cfa3f1ac34bed6cd76,1,150.0
0xf2060201aec9088b7de57c87690e83a22844362c,1,2200.0
0x349ae607fb5ba1fd91ee4e98079021a5fcbfa471,58,103340.0
0xd77390526df50adab11a0a3cd0f0779f05d609f4,22,24170.0
0xc762e501d0b24d09b994202dc29ee9ed8382c27d,1,790.0
0x0f640efcbfa603307156898f0e607d292b8f1eb4,2,210.79258543378396
0x6804852ed8df6c57848d26634906fa1f9d790f32,1,32.238548604
0xed548d3c48ec4da08050b2c3ad23717b97e92659,2,39960.0
0xeecbe07b5f1d0d15101e1a8791056cec4aecc4b6,1,20.0
0x47ceaa4f84160b506ad7a20d79e67bc04202357e,4,255.0
0x7d0fad8163f37fcc8ebd59238d0e22a5c9ccb0f9,1,65.0585
0xae5fce089900182319ad3eeac8885d47b78b694a,1,20.0
0x76a5f8007c0f0d0ee18e5a0b60d841e891f0a5d6,5,141.97967317751102
0x8a857b5c517c8f5f629fd89a36b488b16561b31f,4,53500.0
0x931a50f597e83bfa62c4f7cb82f2db5097a7db23,6,66500.0
0xd7e44f281b10b3d653134b20e292f5307ec86381,75,274592.8844433634
0x163e92107fe56e0bf895373297a17ddb35f60109,16,2325.0
0x2513809d077aeb3d542b51cf2aceb1bc5ea20f6e,2,120.0
0xcca3148779d7e6c7c0201b35c39e26e6564b3e92,6,1695.5402530998035
0x0a8cc1a75d2a43b55d679aa07e134076980186d5,1,46.0
0x292bfb1cce8dffed11a68bcae57f0cbde7e75d6d,1,20.0
0x3693241e97672066a0a053e2862865362fdebc17,3,480.0
0x77331aa03092df71bdfe8bccc60ae012327c656d,2,415.7
0x8431ed996331780eaab061de86d6c8f4931cb471,5,32838.0
0x1c385e518cf25fb48e99c5b02f8cca0414df0ba8,3,659.7
0xccb3b8730c0b57c977e5bc80cd8ec7c098b889be,1,20.0
0xc30942121b6ed5d4bfdf7255c412eb1788629495,6,880.0
0x4bde1d250ca3c6bc06d302558da6cbf494ab88e8,6,2000.1086325533638
0x7df92b03722a7974845a0770fe9f295e5cd2c8d0,17,248922.61
0x28bb60f3c106ecfede6a3cb15da664c0ecfd3836,14,58985.0
0xd1b67474769d8b80c718911e0595177370ad103a,1,20.0
0xe4cfb4822aad0ae77edf05963a62f86fc6fceb81,11,1219.229642220371
0xe315abf80f5ef9fd877d1749e3078b1682072274,2,2200.0
0x8735d9650c8cf19863f71c934c98fb13dbe09bef,6,313.8951893788974
0x79f26c8271820a1f5985cc5a2b18e30d934c1701,1,33.0
0x0073bb885c5ff2c7272b32f02c216cc2553a4bcf,1,100.0
0xf54d4f4c825fbff431abcf144b30ece69907c893,8,40500.0
0x9145ddfa4d2af079fd51b9178129f6bf4083c2f0,1,600.0
0x9c22602faa48d707f95c378196fedb88ac8b2125,2,193.0
0xe5811431e4204546e6f12e930bad8b529780e3e8,18,44640.49787473
0x4d333a45aba2637e51d6a5266bb27a43a1fb1dba,1,20.0
0xd7deffb634a87521fd7f910b2071abefa6d7342c,1,20.0
0x103f605b726d2a56d06e08bb1630f10422d0d8c3,33,28550.0
0xcdf4790d786435d4154a14f28e88fd688691a0db,1,60.0
0xba65a96f6bf9e2c5c45acbf706d16be838ef9636,4,291.87185543258335
0x07e2221a0c0691b098a9e5e4e1fafef4ab29a26b,5,9096.61
0x52cb8a9932ac44c1be39ae36e0037b178ada5989,1,750.0
0x7a2c15bf1486060b0e35383b6f7c7380a894100f,1,210.0
0x3561bf107c504a4a721affd6c35ab63c84d90dcd,1,500.0
0x0c8ffcc0272b05817189e7ca54d052965d330dc1,1,20.0
0xf00690a73ac5e4dbd51cb268b7d5c5bdbc99284a,1,10000.0
0xda56b558a642ff5ea6ca6dd08950de768f3bfcc0,1,123760.10884695468
0xdd16d911f1275599e4de04007706e60cd6ab6350,2,32.635013193999995
0x190cfcdfb40ac3a2aecca72ae51b8c39d32d9a06,1,29.0261
0x037b7ce469492475e6473e73c88ca14973f52836,1,70.0
0xf59fcae8108d28e993379752e16e3fee4aebc6e6,1,60.0
0x0827af4e0b3e52d2bf7b6db6f3294a7f42760b3b,1,20.0
0x7c7483205b3c59a1e0248d85f115a2ef3c962982,1,20.0
0x1f66d301a7abe9bbd28c8c0edd7fcfdbf1ed60d3,12,21920.0
0xd6cfa3782c5461da9a128fb798a38fd2b9f802bc,3,102.9100872326197
0x558b963681acd05b77a8a7dabc915fdef8d86fcd,16,114500.0
0xa53a6e8d5b55812867638ccaf6acff279b701dfe,1,210.0
0x534bee72ba6f9a762a86b12bb99197d58f615fb8,52,300507.8811529341
0x3b21592fe2918800929eebdea9c60da1929cd957,6,1203.0
0x8760120ca61cc41a7eb179f06bfb6c4ec8afb53a,23,190050.0
0xa90407a2d28146f33b90e8759f73ca80fb71c25f,4,21746.46307528949
0xf1975494c1ed07bded31d24b6b8626b5bf239eb5,14,196000.0
0xb22743cb1ce87e512d09324731c7a21a5c7dec79,1,100.0
0x487a66118be7c8da944acdfa75887389c6394565,1,380.0
0x96e53418a4fdc115a15102bc4e04976f381b71c9,2,10030.0
0x6687a1f2ca1d69ea3a44239677b24b28fa63055e,4,166.0
0xcb836ae0896e6eef56e597b4a08a2cfc9a2dd0a8,1,400.0
0x495003d98571288e6c5d4034286543f921d96a09,4,5700.0
0x4593aecf9b362fe35b409a650d2dc9e78feb2545,5,6159.10141014
0x1aad5c006f44afb0ad807b26e722ba07d9803864,8,87841.61
0x71f0a5c10630d00ef8bfe6691cf3031ce59d115d,45,255322.9892073999
0xbd129c72cb38411bde6f3d944dfaa88cdf398c1b,20,16150.0
0xd9f8ae326e887c69d844cda59d076791703b0190,2,1850.0
0xa9c72ec698f72fb2d7c55c5370d7dc1d21e563ee,3,3860.0
0x409c0cef9e84eb9ad7e6e5da76230e65096ba116,21,28850.0
0x87b69b6ab7953415ed5f6906d6f6e3e7ea7a9a3c,1,80.0
0x75c45b551bb0d598c56acaba711b999a15b2a259,13,33590.0
0x79bee1b788b5d3f2811819b45701ca4e086de990,6,10500.0
0xf59631a9f6127cb19decf488572ad5ad0e6fdaf9,1,20.018
0xcdd926e1b89418b4305f59c1aeb634b0c634bcc3,1,60.0
0x3a6bcdb3b52893e0e0d1dac65e4a9248fcd87ebc,3,3100.0
0x5ad46214d01a5abc6e2aee14bee1d2840979d805,5,51000.0
0xbc15bee7f66aaf6fd0ed0cb0ed3283ea52f6523a,2,500.0
0x1246de9afc67660b9491a14e61f4f01ed47b9fea,7,16099.72996916
0x40505fd458a2872db9bf1791149843685d29a367,26,12476.09
0x246f1ebbb070cdb124a55c338fd3847b30b8f284,5,2530.0
0xd9560c9707e975f6ffe6f808717458c0b3c710dc,3,835.0
0x5a265b8d1623bfacf8fea543bcf0fbb826615f8b,3,380.0
0xd36f8660692fb1f7d04982c359476ae0d18d6df1,2,120.0
0xaab7d80a7ac5f62252262691ff420f2062329725,5,2988.0
0x01223fcfedcc48d9d76ca176ee54ecf8a2842116,4,540.0
0x8aa32aeae846f1747540e83211d69d5cd9dc7cc9,1,22.0
0xc5974c07494fc54ace82aa553b9bdb1c745cb1f1,2,196.0
0x2aaa407ae74656adae56bc2ca6ce7606a17660fc,84,135300.0
0xad9c1e7fb2065081bbe2bbb3e2362856db3a25de,12,45551.2553951
0xe401d6ba5409095352bfd6d5736103d93ca86369,2,810.0
0x008d905920442310417fdc391af84da9cb5b386b,1,73.68
0xf4c331eef93f9ff2a3d4adfc3bbbdbd7305db017,1,93.0
0x48af2a7147f02f4df92b9b2fd793ce704ace16d8,2,120.0
0x7f2342ce11359a70ce733bbde529643d34bf0cb4,1,30.0
0x45fdb3994b0e8a3ea0a5a9845ce75f4c3fa09640,4,7400.0
0x9bf44fd6666f7d596f9537264588c4ff705a656a,2,2800.0
0xb6e5ef8047d29c8afe4c69fd9d36ea8341eb3721,7,35000000.0
0xb9d17073aa1428724dca55282e6b671e1c1267b6,2,5000.0
0x96f6bc201661af427946847d451d80db19e2229f,5,68500.0
0xfdd47aa444a865d14c2a8f4e737baf011381ee8f,1,900.0
0x17032c6d7ede12229b690447ccabeaabf35a145a,17,14685.0
0x7a7d392fc2882de542bab081efa79d1030f0fbf8,3,10630.0
0xc9975870748720a1aa5472f7f703da582aa25d1a,1,24.18
0x1a2151cfc0c337f997e3eda1c202bab9778f765b,2,31.0
0x7e14b944814c4d537ab61627a7f0fb024655c725,10,9640.0
0x01fa10dccc7e57e0550ea72f15df33a9ff10ab93,7,554.0
0x811a6ec79d029617fcd46a9174537623184fccc6,4,143.212
0xfd6b69ce2b3836f67f1d5e1c7668c2f14b6b7874,12,472.0
0x3ca66374cc347f63ebadba59ba4471070b8584fc,2,2700.0
0xca4b38a178761b503459ca4eba019fb4332a5d7a,14,219100.0
0x645c1c96c2d1b5b46512b711dc0d285b822194c9,13,240000.0
0x089c7d02c5d5241861b3e009b870d8b133eae153,1,20.0
0x9e2f0395605a9882f674f4bddbd6dc8354216bd2,17,1880.1860648421946
0x9b74d304e67f2f97a52e279ebdb0e9aa76d3006d,2,345.0
0x0542e2a6ec4ee4b78fdb28fc84af48120289ee6e,5,124.0
0x00798a9c844945e42ab2a26b05616f3772c74204,2,2000.0
0x287ff209dddb3c68d8d67562f8ad6d6b9401c148,2,18000.0
0x8797890f5acfebafdf85ac9ac074a602fa209c3c,3,78.0
0xf972888aed9fcc2cebd70e803588cd918d25f3f0,2,235.0
0xaa9e8709a97c24332b639c6d615f190e2d070e64,2,2000.0
0x8d2fec062d1b8915eb18c6298ddabae9015de113,30,92442.3
0x6f8de62aabe8d1e76de6963c81ea858adf69561a,1,6000.0
0xcc0032dcdbd0c2042a817eb251ec994397425fd4,2,180.0
0x5a8d9c4889aca09364128c2f0af9aa73fe324abf,1,1501.35
0x4bcc4d77f8a52eb1469a44b46f3014b9fa1d63c8,3,466.0
0x90d2f6a79230ab1c4b5d5ff33997d75ca7acecb7,1,300.0
0x63bae1ff684ee11cdd9487d7dadb5725e5ff7ec3,1,20.0
0x7b20f4ec92bb792304d740479b513e518feb4d03,1,20.0
0x061796ea69ab1d23bf6ca16e57824256656b9fe4,56,460008.73943958
0xb06f910ebfc52bc8a53d1aa80a2673346264db5a,2,3520.0
0x1a11a5dc8b56256c7c717565d454f9a9003214ed,1,300.0
0x80c5fa9b8a16ca1b4f33df9dad111b5cbe53107e,4,5300.0
0xd68934dd2d2a35e401816ef11ba7b9af27fc02c6,5,1200.0
0xce59720f98965ba9b92cd635df1f68d1cd8aaf33,16,2673.4291057299997
0xc270dc25d7f7ab486d4f6d9794db2172e4b6185f,1,60.0
0x058d9f9e1ceeb80c63b73e3cbb07034356ca3cfa,3,14066.0
0xd6512dc1b0c4639f784333d03bb8325d7221feed,6,5005.0
0x998ec175c52252e3a87d1cd8afc5247533fd3af8,5,97300.63
0x20f84e9ee22cacf06a1f675bd041ac2dd54372a8,2,303.85400000000004
0xa8fad8205d41412658188bf97f1ab58541e05f39,1,40.0
0xcae70a420b36d78390d303a4798bfcfad4936e2b,1,415.0
0xbaf65eaf749ed25f9edfaa1f12a189583d923539,11,963260.0
0x11328eb48264f81d43309d72400fa5a55465704e,4,186359.06925364723
0x7b0be46e2c56a5830bc9bb18f0f8a3aebe581809,1,150.0
0x270e2bec0c1eb254c1900f0f102c86a12262b9da,1,21.0
0x45ad210084473578bcb1f2bd8a6549fbc90e2826,1,250.0
0x9a392e1a5d9d6f87ae22675dbefe1fbc606dad7b,4,8150.0
0x0c00a74a8df0aeba5a44530aa1a9c2fa11e75e32,17,42258.11252261954
0xcc089afdb627acd182e58431483704ae813fc08e,16,122855.0
0xc3abd7d2da729f57b2cea6c13bc0550d5598cd94,3,8500.0
0xccf616d6182e1b2f2cd1a4c17ab32f4c017cc9ed,2,100.25101744908545
0xc0b7559c08c12aa052a7ede840fb7c5dcadd6ea1,4,400.0
0x3d90b54e591d3bd7a4892738fbd2a8be150288ac,5,18000.0
0xdf1eb02fc54d15a79fdc3c81bf64dc90c9cd3e84,1,50.0
0xba64686600a11c1a3e5d29fea188073f0aa3a1be,14,30400.0
0xb7c513b0fc76c4df8281b024dca2b3f750e87aa9,2,460.0
0x88cfc435d12f2b7fd7b2ab48afd9a0976ff847a7,1,50.0
0xecd50c18876f5932cdca2a816c3892c588353e74,2,13000.0
0x3b641389bdf4b56fab1d3feb400935633d03f1ee,3,500075.0
0xb8ce570b0d59b6632f37410cff8761b979b8c70d,4,1900.0
0x7420a589eff6ba95199a22a096d0929149838a0d,3,1200.0
0xb51efff535e36ff512e4866abe57e7c1d8b649f0,1,20.0
0xf7db0b6c07035fc76948a30b31db59d5451c163f,7,10100.0
0xa6c02563c520b4fbfa4affda9422522c3e5b4433,3,234.0
0x2fc6d514b4c8654319ea650af89b19d453933266,1,10000.0
0x137b9118c056c8ce3ae0bd1d56650ad64c3edf38,1,20.0
0xda2b64cdfb32111211627dbfe4caf98c6fb391e7,21,72528.87734508105
0xe14c67bde4393201848f146453db6b5c301747bc,3,9900.0
0x2a1b73bd63418bfabc640e8a4a833278085614a8,5,137.15634977816248
0x23124ab82eac0a6af68e8591766255b44ccd8d94,1,420.0
0x354876054b780e244e6c2f16faea4d5e30194503,2,104.46427189492601
0x85b7d55018daab79cb06e99739b93c54b65b5f03,3,1500.0
0xa262ec9d2d2892ec85301799378df39e0f653ea8,9,14892.5
0xae639622842718e25d1025b8952e8c7c2565fed0,9,722.30740453
0x169acb0ff1d0a95de71954890a8a3842b63c15da,40,3358.0193565622917
0xc6104e067ebb210bcf6a0b4b5d760895143f5e63,5,365286.49216
0x6cad37f912fb110a483fa501ccb492d7b9868c2d,1,120.07
0xb59aa00eba5926e06415558fe719cede0f55112d,5,6010.0
0xb97ee974b994e9ea6af5b56915ecf98ccf8dd852,2,40.846183059629894
0x8dd6c7e593bd990545caf00d99c8a3e6b312088b,9,1110.0
0x89e0c0ccc467cc327f7ab8ae4586cbabef1148f1,7,17050.0
0x5cfe7ddf176c38c95f80d5f2e65ca087c5a139e8,2,50.85994585310905
0xf99244b8b83b13b5313a301346c13c1efeb62b56,6,1720.0
0x44cd5e51496afd6cac4b4d596f06e13b6f9648bd,2,30.02
0xc5e2b3882caf4adb725c630f306d5e680cf14700,1,75.0
0x16cdf2aa587d5b13158137bc50836db99a1c0940,2,10103.34467102086
0x33f321b89e1ea9077d9ac9b619ece52ec72bda08,4,90000.0
0xdb07bd0dd87a316e0e52af0c1be626d7a1feaa75,1,2000.0
0x0e2d122583d02918b2c5461576429b0f4ef3fa2c,3,2000.0
0x5cabc51d0c2dd7883f8251755dcab3119648e593,1,20.0
0x53c29738b8417070326f2a8ec365db2a84ebeca1,1,300.0
0x8644cd48f90c7c540b4746b2b02844ec2c74bfea,4,1021.9765971100001
0xe73e80abf8dced83508eb0b689cf187f689ce6e8,4,50000.0
0xa404e0b312b00f7397b817b808522e7059085e65,1,141.98
0x8c7bf31ab44966db817def3e8f84f3f2a0592d68,5,8500.0
0x00fc5f27ae3220f1823786d3db30f690948fcb94,1,21.52
0xdf60e39273188912dcf77d77dbcb892f1b7fed0e,1,70.0
0xbba2950278cdd89550127181db058ef2d0e22b66,1,20.0
0x6550331162bb118a5b5f53b82c702835eae0d4ba,7,5616.832027494192
0xd3952f4da712e6960b47de062d60c4b349713e19,5,36535022.205259904
0x4f2ad401b9ccd61fa17ac0e0392d8ee422a19373,5,500180.0
0x20bfd7614f120aa9b55031296b393167251124e8,4,460180.0
0x871487826a61ba8abc9e6a0456e318d510b2739b,4,450180.0
0x64fc6e605ca1529f3ecbe31604eb42767fab8fa1,3,430180.0
0x4515a1c1c745a998d5feb14cc791da74bbe00428,2,600450.0
0x6f8b7ae34f39ee9871a5b815aeb9961232b0dcd7,3,160000.093
0xd6b2ce66b7fa30f19b8f0ce1fe8d67bf55b76f47,3,160000.093
0xba11431e2ab4591484d2dbd9bca81467c0111ee3,3,160000.093
0x68d349bb91a2cb47b2af183c601095a9b2ff3f02,31,77591.46320742498
0x64e69aea27783af9bc4d3d83a1d9f8c16621077c,21,29024.5
0x10effcf3e68746aa161794410c28b9145dbeef6d,4,385.0
0x525475658d00972a2e1bc073bba8d423fef1f3c3,1,150.0
0x136c853542a3de7ca4a7af4bc4afd26b498ebc78,2,120.0
0x6a6647ea5622a3eb8837db86e4e044f8ae8bd712,4,69200.0
0xe52bb0a48927caba81a7b4c732ecf9e603112de6,2,11000.0
0x2e3d55503dc07061cac1705925d00a27d9bc430b,1,297.6337957401764
0x237344cdbf4d1024a4bebc0bfb7ef51d3d75231d,1,22.0
0x965b4ff8ca0446889a7fea5f13eea2719d1533fc,14,732160.0
0xc9def15a322b584ccc9d8a808ac69ba34250c1df,3,880.0
0xff3b80dee72b80ce700a0fb55f5e9917ecec1b88,1,20.0
0x1dfe5c7cc07e37143ed498cc1b621c06c95cfebe,2,1450.0
0x8cee7df6c66de08ce18313da2a1e4a9901213a7b,3,88.0
0xc52fb6b43ca64da406f66afd822b93999babf2ce,1,43.58
0xab7a6344b2f9c659879c6803ce7c9bcb859e5b5a,2,42.0
0x3d71fea2bef330e5a9de33648c627b09f6b33fe7,3,4100.0
0x4150f985a1ee89eefab9c46fd966155f2f547ca0,4,4870.0
0x3babbfcc4ec293af211ba9c97f965cb1b79cab1f,5,917.82617942
0x94da7d8218fff76a1424c7b18dc22ae40fbcbbdd,2,1150.0
0x190c9765f95895310dcc93b148b8171a0a173f76,2,192.0
0xd943e333734c9577bcdf742f8de25e24ad2e0ed5,30,44747.07564468
0xbb7d323396d1bc0c6d849f0f663f0bae64c31481,9,15747.890067456943
0x7f58952957eb9d42b7972d89e74bac8582e69d60,19,159000.0
0x133be65321c4920127ba70094b8f6a35e5a93465,18,1835.0
0x15f52372f7f21873401b84eb6cb48db9e0429e9e,1,2000.0
0x24ba0b4123b327a82f3ee1f1156c143c0a22df03,4,37988.0
0x46f6ddc2505c839a18103165c2df02ab16a509e0,43,1541145.2250522794
0xafaa2780e51fa9c756971b084d33dfc0675de6ac,4,21700.0
0xfa1db1c99c97048fadce899e036b50843aaa5cf7,2,550450.0
0x12f73cb400794377e143c155120ed3ff6656b3d4,9,445.0
0x081eceb8a6386c938e3cb9203dadb82d25bea711,1,2607.3445
0x315c1b81acfed18af4f506ddb42cf9f6faa59b10,15,2415.0543861242645
0xbc9be2a87ae0656cddccca60d3407ad53b2a2e78,7,75000.0
0x1ca0bac7fa2ef6c624c56a6878f579068777e7fe,1,70.0
0xa2b72868e383b59fd805f225cd9f6ccd8481ade0,3,2150.0
0xd9f21b29ef3f716a1e19cefa73e32e29ec54db6b,1,40.0
0x1fbc612dec57f9a798768233ea3fb1a8e43c91bc,5,3270.0
0x6f90b09f53e9d551911828b877afcac5b3a64fcf,2,370.0
0x6e11f7db0a397e4326f421e7e09433255c70386b,4,1652.0
0x64dd69b9a209b171a522d37ddacab87720782b7d,17,10105.35
0x57a3b1432d33e9b467a9a82f05f09d836524bd61,1,90.0
0xb505082e640d9321c3a0191859191fd04fa70e8e,23,58359.0
0x170b6e61a436c2f1ccb35d7d8af778908dec23ca,1,200.0
0x02e626513b6bf4d1537890fcc4d00ba4b8eece97,9,12936.315271988457
0x2445160b321ae84a911b5aecaba013699312ee69,1,528.2931990567
0x39bbcb1e2ce5abd2cea347d34b1cf0562f34da37,1,20.0
0xd16d18b61133144b7a2921ba300e150601d810a1,16,32005.0
0x7d803ddeb12cc0c9afa4e4068b6d16b5ef5436da,3,350.0
0xf5ee3be7b1f30badc1341af00e559280fd3514d1,1,1000.0
0x0c1c94e66bbf2b14bdbad116ca07e47f4818b1a0,1,1100.0
0xd9277510069dca08b9406bd3927489181842ee76,1,100.0
0xb848689fb71d0d88891b19448cf7f8595cf1855f,4,645.1289903848354
0x12410f38974cec334af06cf33b89ef47dfb334ef,2,220.0
0xfebd2ac497ee940fcd15aad6a66b20402a95956f,7,7491.24517681
0x2eb6930cb3b25b75e335a110e9bac4bc44832b13,35,94645.7687194
0x0fa9c17c2a74a97849b041481736fd08980c1f66,1,100.0
0x54a1efaadb22ca38482f5a7dd9222f733f438907,2,2397.4328885
0xcee1c2c1dc08e133cba99ad88ad69e63b7274d9c,2,90.0
0x6eff28a684bdb4d9da2250dea49756bea3307b80,1,20.0
0x10bacc0d61aab0d6280071cc00c23c31b586b567,90,845367.1845190629
0x7429b15688a1bc5f7287b3650209a4f7e20bcb65,7,845.0
0x67a543823a1013944d0e7eeeaa73dd14a4faac38,4,4215.198726984396
0x4b62245c541059aca3fbd117430a09b3bb1129bd,2,4444.0
0x1a17cd40e55a09ff655269b0d629f355274836b9,2,1100.0
0xf21d6a0e931a9de041e2104f83c7fd2503f06aad,4,20985.0
0xd6e66f223abada99109dd42331dcbe7549e9494d,1,1200.0
0xc7a2ef48c023af87173cd1d0fd3d40ce8216df9b,1,500.0
0x7a91addad05b0a1821800d88f6cc8ba1c07f8069,1,2000.0
0x12be99d5847b153c7d65c990626bed475d15047a,1,7000.0
0x63e60efa1a5cc0f1ca79216f61eeee2cda2d40e9,1,4000.0
0x94c652727e41b891d9249e7da0d25eef3d9e129c,5,5349.978343433245
0x6b5ac8fd8a939645a50221b38e16f12abfa8d9ef,1,300.0
0x7cbb661a739a71c30efb23635f44536df294da1a,3,406.0
0x2f97b176c3a1be0781dcd46d9fa6aa7c59a0b1ab,9,18100.0
0x1500792ff866c7fdef4d163a89498d32dfec4794,2,120.0
0x951bd13f4688dda300e829e54fec57c818c43258,19,313650.0
0x167e1a35b2086d18da29ae3b112c2e82d09c993b,3,7250.0
0xa7202bd4d6e98b552044865e2ab2009b33d4d0f1,2,46.59987068107563
0xedff5d1541b59b08f74ed03da2a8c2025e9dbc46,1,60.0
0x8003bf09e9b7f3834710aa87448dbcbfbfea152f,3,715.0
0x5669271ea779b10b1c1c27d7cb4a2bec5caca022,4,581.0
0x7fa79417379be1e61d2097c0894d936b74ecfdb0,6,3578.0
0x168ce5714a686bd35027bb4cf3eda2ceea3be5a8,2,1800.0
0x7436e594836321cfa9a31c42afa3ce813e51adff,1,26.0
0xd4416d03f1858a7ebe417f3475039a79c9482af6,1,2100.0
0x0179982f77b96df0a816437c754c93358952c49b,1,20.0
0x55fbdc89ad51d28cb223aae5eeb7ed6216ea5fd1,31,98076.39135263693
0x393caa13d91b8268a5ff87adfc06b9fec132286f,1,200.0
0x07e34e85f03e3d8502efad0b7eb6387f0fc0d8b2,28,23893.20064102318
0xd93ebc502318185cf7a7b4e152e45b206c1210b2,1,22.5
0x7958eaedd8da75b522d9dcbf68066d329592af07,3,131.87341426091623
0xd30a70ee2aebcfba92c7bf3ecab54b3e954ffe3c,44,152600.0
0x37c650559b4ff1e77079b9e91bff8704136034d2,15,8431.0
0xf4e9c308569055635d8e3444634955cb85846a76,1,220.198
0xa9554993fe8e129312158d57b8d7c0f73c516f18,28,422274.63
0x6d5a1fa2c6a646b45ec4239f34be43eed5c55795,4,90000.0
0x7f491fe8267de665080f853b9804a36b786b1810,5,6150.0
0xd863a02bcbe25eb70e5feccf9e5c71e731aefff8,4,2400.0
0x5cc8f1782abf5bf749a3f9237d993c1598a234f9,1,250.0
0xd2d264a10d008221b1b15f739e6a34202942862e,1,140.0
0x34130ab457d5fe4e69dd448a04cb4fb2a4e52dc8,1,55.0
0x88fc00b87923fbe8bcb5d5b92aefd47dd8273fe9,1,40.0
0xef0d335b5ebc4d68e7fcf9752c093f494fb75142,2,171.859393508515
0x1f8cfe7666c2ae99be6ab41d1b39b1441310db8d,1,29.06058130275
0x6afd5131229e35450596425c456f78995a6d6c48,26,172848258.0
0x9c13370aa2ee043155455d6f63d4824ea94e4264,6,6100.0
0x2a26ea96f9292ce94633c4a8665e7d30f9daaf20,1,100.0
0x0f81e2f2c1e67436c84425b78f800e7531f10430,1,600.0
0x793bbac5e3390efedda5dc08881447556d342275,1,38.4728
0xac35892bb019dca6ef4595b5ce555c9f84d6dffb,3,723000.0
0xafcef2e90b2fab4244fa1b2924f628c0533088d0,13,10740.0
0x801e0c6b8c4c0e7d56c20247966476e14e9c52a0,9,287503.85
0x4aee34f175fdc86523584e067bbf408764c2c2d7,39,297725.32
0x9683d186c55f09d02810921ec632199d9eff1bce,21,151600.0
0x0d1026df5af6e5572f1265c8797f04dea1149367,24,63927.0
0x6bb565bebdf6b5af614bb823edc29031ba26a613,4,2750.0
0xc801ed740ace8341c7dbd5a96a395b21e099459d,1,80.0
0x33691ece6b76970aaccd556fd05003ec9cf051c2,1,50.0
0xec1c111b5c6e2eb3e9e2004a860dd95d5a110516,1,700.0
0x5038497938a82ae2d6cc10d3f45abeae49988874,2,2600.0
0x1547baf8694336a6af9793a4c4bb4dbdfed0b887,1,20.0
0xdcaf8d3d7ea0c99c60733ff9532f3923e66b125b,2,125.0
0x8bf73bc30b0bf4b7f22097ef4d5c27b6d1313e5b,1,6200.0
0xd09f0b26986bf163aadd5109c7419ba302022706,17,51106.46588973319
0x4979c22ea310dfa885764eb176bf0e490aaa629b,4,1150.0
0x00747743ac8c2c043c75549bbbfb2fba8042d3ab,11,10487.68742733
0x58396ea3b9ddc957cb6cf296f7040ff0da7be36c,2,145.0
0x0db210388ba7e1d81a55c14671874fa742ecb191,11,53075.0
0xae2b21aa64fb48e378835c94e4a6c5153742b5aa,1,20.0
0x2865101563b5841d7010c6479e1750f38043f621,2,1100.0
0xb9495d89024025d5d883efb3bc99bc29faba3a95,3,100.0
0x07ec966b1e57a549e6f5a15ff889471fad9302c7,3,9400.0
0xf1fdf9a3858b4b0cef7abd7938e40f123b295ac8,5,260.0
0x6a46943add43c5222e761fcc05e6a2cf900a6cd1,1,25.0
0x811c4e74148d4dcddfb8083b158ee76627854024,2,582.4
0xd1670733b698f23d7d915bc88c83ac00974dd6de,1,230.0
0xb5098b7f33ae3330ab0ea195c549b7b321c71265,87,1892864.9796230665
0x3875591435c6150efbb29714262177301c9418c6,9,11490.0
0x2d8e1ca80c356d6f868ced2632a893935d0e9e23,9,9677.6200396817
0x48bf0248b173f81f3da7401f40d6b0bcf2b01991,2,21.0
0x9662fc89f9d00e7dc5c1d35af78b08cdc5e60582,3,26500.0
0x3925508834651d62a67c6348b2ae5e3c27f8558d,1,350.0
0xfb4a8dd7e92c84cbc66d498ca2f62c2df4195cfa,1,25.0
0x35f58d878db67108d5673a76eb55dee31bb6a8f2,11,78269.1
0x1a473100a222091e58e22912c5cdd8757ba9a218,14,130319.6474315
0x044fb06f60247f02d880cc10496728c52d4f0cf3,26,362660.0
0xfb0d87ecd88fe25260bc297b122088830b837dba,1,700.0
0xdf80291fd22ef5095b39ed9951ead0791c776b44,1,25.0
0x8702cafe9560c2b2fa4570fe62f24e62b68cefd3,3,617.0
0x732a7650b8b70b16d6d672018142df6ed5cfb5aa,20,486580.9746392684
0x0ce828a00c8d5f6f6c869a3a9e002652d45b26bd,2,700.0
0xc572ebae767959bef583df035653ab5f174b2c97,1,1200.0
0x9f1b3b95f08afd5c63514fc1d6b0a2dc9b06eb72,2,325.0
0x02ac659f28c7a12ead8acaf856a0af8b27754611,1,85.0
0x940c48fad3559f2ea5dde9f32b6bee6f84ea669d,1,45.0
0x292480c3542b72773b7005fddd12a5bfc7b36552,1,30.0
0x5d6933983261a0386179f00eb1be396a33700ccc,2,330.0
0xe2b5efc334737d99630ddc28872e734563cf9364,1,70.0
0x8c8cbb1d8161e911349682f44bf311bc5838f08a,1,30.0
0xc802f7f835fe8908f2aec1d6e354eff442ce3713,1,30.0
0xc35019abe6dfac3d72afe47b93dcb0c876bf94c7,2,80.0
0xd1b8abc3255c6420b150e4554684ec540e0b4d57,13,6720.0
0x0878affe1ec5c56f2f2a3adf3156bbc00daae6ed,1,21.0
0x0f15d7cd1e833dac2fa3b4a284ac6fd46e5f4f88,39,946888.1141672083
0xcc3a975342f154ad7e2b2eef5653ff54f764f924,5,7100.0
0x0a39c924641048e68a8af0445fad6015fde2ddab,1,20.0
0x77627df81e8c8d80ba513334a772ee4ead64a07c,2,97.50901208
0xafea7644c724d234b76b7943a8f07dc29809f2b5,1,20.0
0xc285a740c2c0eb57df7aafb009f173b5766e07d9,1,24.0
0x61ae2bcc60ca85c76f17fcd6cf3e409b1cb8272e,7,2492.70679253
0x20552d60faebd749f097908120fce562028411ba,2,977.1218715994062
0x90b8c2ac65d10abd6a3fc4323fd09317e791bd50,1,500.0
0xbb2c33c0eafcb91173ed70a6d733a8f721d6c045,1,40.0
0x6325407bf8c2126eb76a2396125674c15bc36bc2,2,6500.0
0x510134e548285d8c2fd5a78eedccde294d04b54b,2,6500.0
0x6ede4c410e909f4a0395e4eb4c62d8d93dcf5b42,2,7000.0
0xe734cd77f6621eab9ac0f7d720af98361eb99d3c,1,350.0
0x22c339ead206cedbd1e9d44653ca06ceb5cb4e04,19,135040.0
0x8aebed9e9981c82fdf2cf53016a6056b3521b2dd,3,5000.0
0x71f72aa8dd3553902236791fa9019d59c8139ec3,5,37400.0
0x9cb8532a2906f809fd67d1f77ea57f737c577ee9,1,20.0
0x0ab44c73e99bdc8864ce71ebd89bad6f50bc2cbc,3,1570.0
0x402be93ac74cd0d8531f24a5d1889379918c48c2,5,217000.0
0x38d48b434bc3bc97b5f5489992d61971a84664bb,1,100.0
0x4e676619080c04e79d6c7a289ff52d0cc22dad88,1,20.0
0xeb30b8939c53f2f8eff24f640fcb76e2d6121a66,1,50.0
0x28b8c5871416b1ece426e07f9dc9fd4e206fc0e8,34,65120.77578294
0x4634071e982920ddaf35e6bf68dc06d6b002b676,1,20.0
0xe29f84950be5f6237c0245244ecc1295a739fe89,1,48.680013164
0x77f7d228867e373b54c798a250e652cbc27dbca8,6,10775.0
0x1c9300d50de534f73229f75aa94ffc0dae9537a4,1,130.0
0x426737b65cc2c5dfd3eb2f4448a5d182f37cfcc1,1,50.0
0x268e80f18b603b173a5035f12251ffc290adb95b,1,2000.0
0x10fc3a53f419e5770739c3e26d7f9f4cba53955a,8,28080.0
0x0739bd66a3e1d305d2e75019958aaf09d329b50f,1,750.675
0x191ef9be5eb75d0df3bb2f899551f28b9ef09443,2,200.0
0x6c4c55af4ce7735acb713cbbcc7682e04d3d07ea,1,40.0
0x9786d0430610fadc5a1b614e347fa3985ab4dbb2,1,75.0
0x7734e65303d6fa2b308a89e8fbf7928df2e6e140,2,100.0
0xeebf237c24fef8de1f7e8d26bbb94fcfed7e66f9,4,9451.504365900217
0x537b65cd69f215168e0f575d4e2a60814d950994,8,1025.0
0x16460510b06ac6245fcb6a0e30390aede2044c51,1,20.0
0x34b9800699371f54a8e1fd1b7284d723382f0bc5,5,14300.0
0x5ff8d664749ada35c3f3f0646d5085b7c42dfaa5,8,4450.0
0x411e5605b3321592d83eabb17cc32862a7905fa8,59,1289424.71477935
0xe42dbdd6bc9f59a53a0e719241d2160987029fc2,2,22.0
0x223a46ed22090f4d99d2b1c0f4ca66f23432ce81,2,469.0
0xf3e4d6307dbe52b80e4de71c8ee49bc24eb39877,1,45.0
0x1b603d9ff8b04bde534d4c79cc9dc2787143c823,1,5000.0
0x90285525f6b0e6b7f2578b2c4fbe9b9dabfd9c6a,1,500.0
0xe0be13e38b2c9ef05a5b5149ab77a9626784af21,2,3360.0
0xb3ff405026d3759a3678f1c885189429f9f711c4,1,12500.0
0x5cc1142a9ad788e7cd52ec474770901135345332,2,1850.0
0xdda0eb02caf9b0f32c6695cb96b3637b866ac545,6,1745.6103242
0xa543caed0d3f9ef16836b563110dfb2b69ebc16c,1,1000.0
0x9306fd16d802b343f8e7406fdf6264b056f6af39,1,1100.0
0x0d49cc254544dcf821df913a397f6c3abadf2a12,6,1300.0
0x4ebb2d57df5d560f686d0b5cd06e246939a9fa4e,6,35800.0
0x0a9138ad43ae49fcb10acd67a3bf2fd54aded583,1,20.0
0xad572ccf5207a7f077fe21dfee56a6cfa71bd867,46,296375.2558447001
0x5f2cbdb13c987161624374e7fa4e0079a993edb1,5,26508.35751960209
0xaea53a9d007f0af6a4d561b67058a85fb63ade9a,1,2835.0
0xb6a0bcde360896eb0023b51a89914f30f223bddc,9,27100.0
0x4af8d22751c6205e410da9e8f84ccec689c19239,1,32.09
0xa5ba6f6cc97e823e301d1fcc996d1fbb40c1d477,1,20.0
0x53097a404096af8199564fcf100bd19115002c53,7,81470.0
0x0f7f7c49c5a6ce2f6921efbaa58c5847ccba85ea,1,25.0
0xfbd4c56b434e84f39793e18c324fb7384beb9636,28,727200.0
0x412a1cfa3dc074b46d7d145896703546db11d72f,2,167.85173706579434
0xde3b5816b51d88c59c341a0eabb486f5566542c0,1,20.0
0x04b2405d3145b84757e08508b07733bb3ead73da,1,20.0
0x642160d517b21e4ba50775281f38aaa238e01a16,15,73902.0
0xbf3f64804b7abef0c2278a650608845796be501e,130,5459243.043325616
0x7cd6f6b70b53c07a0a40f196ea90839b5e10d5ef,1,50.0
0x9a0b1529cd7a15933b95525211f8504198d595da,9,25100.0
0x36bc9278748da133e6ae2739d8f70f048a192cbd,4,16000.0
0x34d2a724d83e96ce70c935e9a43b35a5b04422b2,24,52414.0
0x0cadddc56fc47e33de138a4e5a3553552b9f9bb9,7,89000.0
0x9318f5d969de2c6d9d32980dd12d6e82ffcf9695,1,1000.0
0x995dd58fdccc818456eeea06df38ac9cb791a9d5,1,21.0
0x72be283e47d56aea9faa158c030a98503dc2ca3a,5,147.0
0x065f3dac6e1794133b55077c93867fc5e920dc94,3,59.0
0x473193cd4dfcf86fb53ff1ed159bc840063b7b6d,6,44610.0
0xc2b7009d4c5d45f2d15f64b6333a5cf3afa013b6,30,713223.9619367099
0x66a66dd2c9c988b69ebf4178910ca12135539350,2,510.0
0x5ee16a6924070e724b45da19f510dc5e298d488e,4,520.0
0xc2d114fc36e6d3efae6e87f60fbdc84963d78153,3,150.0
0xbe60e187f36c94207ab0d9ed4e86f37d30ddff6a,6,2100.0
0x8c834516e027c869958ce9b5f723997191f67a6b,1,25.0
0x89a97be159b5958c36e9bbbbed00ac122184dce0,8,10366.0
0x586c6a7f5bc46894f69b13023a0b341af5960673,6,18105.0
0x15104fa4fb014714c602b491cef9fc6d4ab91a62,2,40.0
0x5cf9d8c29b68b473896f57c2efcd381824999044,6,7980.0
0x4632bf3277c2db00e0f73c5c0069081bc09b7887,1,50.0
0x3fc664199b1cafa749c7fe8fb3aec18ceb870922,3,24026.325628352028
0xcc4297ae806de4a0975caad254bbd8e04fefe418,2,1305.0
0x77e79b3d5331c4919c22eac31fcf78931f82272c,34,389584.81203042
0xd3fc6232886d2f5a4522f3e0a8635aeffeaf07d8,6,121800.0
0xd768298d5143736104bd06fbd2263ca98493c34b,1,20.0
0x14e005f3bb021697c048bb7953e5b54c4c6bdc43,3,7250.0
0x9f99b7bf4e6570cf09fffd8d3879dbd752656fa7,1,20.0
0x1b39c3b0943ad4048b0560133d83dc660a83e41c,1,27.0
0x51d30390b557d27df8dcc282122fb791f664a9ac,1,6000.0
0x8674a7d9aa2d95d8926c97ff39e78e12f7c44454,1,45.0
0xbb13433985ef46d695352a609f24566d3dbb1bed,1,230.0
0x7494f789fdc3b39ba0c026a5307e7fbd3a181844,5,7993.0
0x38609e332986adec69b8a076d04226750254574f,4,971.0
0x276bbf9ed2f0cca9ddc8414ced593422f88ef535,3,10600.0
0x2a668c38ce2269bdf811ee47e6b5563d9301e1f1,46,2358238.34
0x3064512c474363158891b631e5e28d01a155352e,2,510.0
0x0910cd5cec83db12bb2e96d62fe1f9ded503d73b,1,88.0
0x91c764e1d3dd1ba2c0aeff31869fc411e95e2fcf,1,200.0
0x37a33e64f31f43ef2ef03381483e5fbf2590b9a7,46,1611858.61777477
0xebc9b21f8e3a46221a64ed0ee3ca51466c7d25e1,4,1480.0
0x80a16aa26ab30af582b4e7c2179321e56b6c6723,24,178170.0
0xe90e05331d69418ce4ab488e11305eafbe347c7c,4,540.0
0x4f93e0f3063038628a8d13e8a31153bd2fab2ce3,1,200.0
0xd740ef32f130a686dbd7a82f1b8aa50c70f451c9,1,20.0
0x0471a2b0907bdc204577807656477be4c110f087,9,354000.0
0xafd871947299f0dbb9f0cc3d9d68a72017a8f58f,1,300.0
0x6d3cbfbbf4055b420cab9c835be409fc059c5f4c,2,3363.699706233195
0x39d0218a6cb1006fb0cfe9d12cd350793fa9a90d,3,1000.0
0x7890a021a1857becb62be487d534b8e9210c61db,2,10000.0
0x9c0061c47c61add37a7c55947802cb9dc0033235,1,400.0
0x4fa32f50db976f60e3b12d8a72e593f3b5858d56,1,64.46
0x86664971ba570cdd78ecc15f8c56998c279947ed,9,13074090.57
0x9bdd9d37b4f40d5fa4d871171cf7b593023a72f8,5,2240.0
0xcd1eca4361d98b161079a60de09c7a56db1d6cfc,1,180000.0
0xd1df52f6092a2245e0ffe8370b78567c7c5e7b17,2,115.0
0x02915ae1007cd8fe24504c6f1141bbe4f910fb0c,1,32.0
0xfae385bb22fb6964c3d7dcc058cd505888c3e752,8,71850.0
0x63ee9f560f21445143cf341a4b79c41e79edb10b,10,8020.0
0x217efa55bee7275467c9dad2df345387d7d20372,11,98494.75771461104
0xa5ca898976c5814e62d020125c012791970965d7,1,460.0
0x30d6d6d4dd80e5ea84351a366f9181eb10e9535e,1,20.0
0x6cbfb60ec68632695a4caef9d873945b431ebaa2,3,19693.0
0x3bddbc9851cd51a5348a5826b8bf70e7b6f7257e,10,191000.0
0x84fb5f22b0dadb8b33854048a8c678b2d0412e76,1,250.0
0xdc57a420ccddc6c404d74da35720989b9b158264,2,500.0
0x9948bbd796182fad4d21da662e729f64b390487e,5,29472.884
0xa27e829589ff8d831f95e951c8eceda08284c685,4,5750.0
0x19414e25658fbeaf21694773d290aa9e5609b225,1,20.0
0x11c78de4a0b2aebdbb476cfcbe698c415140a03c,24,78161.53934080154
0x8ca4ba2f508efd1e4e946556e51a08325c725e2e,3,7050.0
0xedb8eded604d827bbc1de91ee263d24bf15a7846,6,1137839.5
0x94a8af2337a7289dc2eccb2a28ac639a74f4b64d,1,11000.0
0xab77523c6612b72f83ffbe196908886fe3b03c4e,1,75.0
0x7b2170bc2bc94d4d0c8112ef14fc9ffc35c04903,1,1000.0
0x117a591ea858fcaa6b61a314ba3fe0ac090140c9,26,221618000.0
0x78cf72c47a72f0f32b96a6900ff6e3cedbba1328,1,30.0
0x5a297fe5c9e41fbe53c2aa27b8e8dba3c970a21a,10,7636.9
0xff253970676c5bafd1fecd71343e4ba6a9afc008,3,2000.0
0x7697eb2652fc3ba1f9b296d5f50449a8894293ae,2,130000.0
0xce7f17062dd70f434a731b250b40077acec3922b,20,132385.0
0x3e70cc2dd1c16625c722b05c68981478115ae4f4,2,820.36
0x403237986ede2afe5771357dbc53c3a8ac5500e2,10,29965.0
0x4393b782f2e4e2b750e5816216f0aed3a73526e1,1,21.0
0x87d91e8f4f4a30d6f9615b13d256519dd1abd978,13,61100.0
0x27a9d772fb1a8aaa22614c4ed759223b1e7fb157,1,20.0
0x849b531e484857db8d98972577af9b8d2c6947c8,2,40.0
0x9380c5f008ad968ce03fcf96aa040120c4285107,3,270.0
0xfcb1a5f8d96dc6a0f44d5224c11c43b70a0bffc2,2,45.0
0x4dd4f3e8d95aee634d8b58f2844e608af4ebfa64,1,2100.0
0xa1b17f502caf9b854f0f4e36ee0f6bae0ec781a7,1,80.0
0xc9e93fc94288520e77be1325a6b48fead54d1729,2,2200.0
0x3fdc1d783d4c246dfc74ba6bc2911e5789b64af6,4,26000.0
0xe8cc8ece877b4f1cb0dc498b99606a142956b478,1,20.0
0x34ca8d4ea21c610411c61e66d5bcbc0223b532f0,26,731469.69
0xe6012b696a4e8bf07673d7e991b7762ecbc00025,1,163.64
0x4c15c88197f453dccac23285f65afd1a18be0e88,1,51.0
0x97d71360a5b38119a37bbed67f1cb7321dbd6fae,4,12000.0
0x5441ef61546899d35e6e739558f1b7e53a142bc3,1,200.0
0xdfc2d13903a96073bf5f082688bd8f535308a8f1,2,1500.0
0x365b9ff314b45577733cb454153ac57645c4cede,1,150.0
0xbdccba86bc2166bc0fe233c65a01939958afd2b7,1,1000.0
0x96372e735dd6048557c94b54184ed060cd489be9,2,575.27
0x6ab4894971f85a1f8ce316451e44b63ba0a514ec,10,59100.0
0xe2b4f3d8ce637cf8bb0e77fd3e66f8529b5fb1eb,1,10000.0
0xc6f04300717a21227e573c2d120c70fd70314c3a,1,65.0
0x8717f1e38c40cabdf35062c5a057659029407467,5,31440.6989857056
0x0957b560af4223981a83c85aca9d88c210a88a02,1,350.0
0xc8f0724f80a028da5090f45f3c4ec2b193435fc6,4,4000.0
0xa39f605b2064fdd2e349195cda497dcbf9609bde,2,17000.0
0xb2e16ccafeb73647134e3173556c18a649040f63,1,20.0
0x4354392679841e8143ab1d31ceff72250494de0f,3,7904.920981628697
0xb9834d7217933de651353fc3375141017bf3ba0d,14,547500.0
0xf62b9724c187a699603067eea82351ae668f9f00,3,110.0
0xad203b6311c0b043221d0a33f7f613797372cd9f,17,78978.804876
0xe65c0a0108c7ed84f5464674a677016c5472f397,1,25000.0
0x4fdbfda1b0c1cd559279188109509ae7c8b9f10e,2,150.0
0x1c8793b4efad345da0e1d1bfdc8cf384732c4e21,3,5650.0
0x1af7dab57a5f9547226ba549f81842f4f4948ea7,71,190622.85448311837
0xcf5d1bb83f35db271d4812bd0d1ab73ccd5574f3,2,1598.1396329586407
0xc7280336e0f6b7e0559bf012314a986e7ab5b307,4,218250.0
0xcfff86d514669785d5c36f1deb97c983571582fa,4,7125.0
0x5c811b59cc1a06beb8c4d17d3141968781be5836,2,36.0
0x793abdd693e916ded35418db1936126dbcd1e4d3,1,9829.0
0xbb7cb46bfe8f42f410086ccd2bfc0347370e9d42,1,200.0
0x54b8b98fa2fedf4234f14ed9e5e56eccc4dfbc23,9,150550.0
0x55bedb94d08f35c0aeeed5537795ab2c494f8568,2,800.0
0xd2464d0723a843c58e22bcd57a2976eca83bc923,1,20.5
0x83397479e9d03439a6c1f2539ea645b5abe071d3,1,30.0
0x0063ad39b59330cefb389592b18fab03652fdd71,1,30.0
0x3e6389dde47db9c975188b5fa9e0ed3ad70dc33b,1,20.0
0x29f5755f5b368713775b1508c59e4f59260d7fdc,16,77700.0
0x4d8bf7a4de4d7c6d94764096abb4644ed1def187,1,2100.0
0x511c1e5091a71408df550869d7e0e7363326a844,1,3500.0
0x1af87408a051b9c0e9369174afbe492fd55ba9cf,14,395720.0
0x83e235f9e38a3a9e0845c0b4809da05e7e0e8b0e,1,778.0634238472
0x14d83c5e8cf1408f5569cb37e0d98d32f468e2a1,1,400.0
0xb4fad733cb10f643ed894e9889953195868b7fb3,3,311.0
0x2c7c81bde4b7dbee3955bdab218d74701e3adbdb,17,10555.0
0xe71a1933ca33100386258b25d15f1ef0cb8dc301,1,200.0
0xa04e878a68d3c0a7a4a9331d0e1b95845a271dd4,18,43612.0
0x1cc777ac32f13005d70843e2dd8b3828c7502573,2,26.867
0x208812b40e86c02b0e001d2a483f768877c71ee6,9,247500.0
0xf6836dfe07c44b6a17bb176e62f6053b30510ed5,2,450.0
0xa1d21d823ea413671658d0285e197a08efab78e9,1,20.0
0xfbf680a474fa4d108d71e3b2e9b40ba15159775d,3,1500.0
0x4fa5c43f0e889e4bf5ca50312a10e0f20460bba9,2,100.0
0x43cd02ea4925b7fb7981bd4353790cc5a8b0fba4,1,25.0
0xc1e8abb85422235ec76c2b45b6cb4bd4e9a930ec,1,45.0
0x6cf66853ddfa0d55adb0fa2f52cb8b87d8513138,2,2363.9785248898093
0x373bc36cfa51ca46a78bd117e942e3627d9b8a7f,1,4000.0
0x8e55f883c943c3e2d9fb0beea9f25f2139c52b58,5,53000.0
0xb0fc01cdafe4d436e057a8ebe0040d82a919244b,14,12606.89
0xd5e0c2431eae946526bfc26c01b72cbafd828807,7,155150.0
0x164bb176f94c2c2e0c3053fd5d78d12ed4b0cd79,13,253585.6694820751
0x931d1f5ee9fc6376dabfd8ecd6bcd44330184a31,1,60.0
0xac60eeb76f1dd84f01490df85728715178b80849,8,24000.0
0xcd689d77a5d1d08c30a393bb90971f1f1ef7443c,9,314979.57
0x76e73667e9b526a87e1234e58bc8d1e75c8b9c7a,3,14928.25
0xdc67a68546f1c2cab445e46c231b9b50d5fe4240,1,80.0
0x1169f9d69bcde00d25ba87e81891661fe46b0dc2,12,13560.0
0x0b2b5a3fd610783d1a28567dea51b84d7dca6569,1,75.0
0xba1119bf89439279fbb0a2049f6e53500bb37940,6,2296.8656532059476
0xa55893a0826287e09356f3f82b11cc0a091e3ca5,21,10836.0
0x6cd312976f9dedd027a670c6cde4ad4acc4d5d43,9,16207.96251736
0x81f1373c845ced0d57bfe8549ae99cbad0f68b6a,10,199365.88
0xc892abe7d77956c21f465a9180b8832b31a730ad,1,35.0
0xa996a29793dc91a66a5ed83596128b918597d77a,1,80.0
0xd4ef572274949edc021a194a3a5df9e7147167e6,7,1480.0
0x54454a951124e70e4097060d3d5e9103755a4fff,1,3500.0
0x901853b3a058e2873f3eaea32c55565b26361d07,1,120.0
0x64b33a2cdf83e4c2c5caf0e9a19e1453038fc6b8,6,10450.0
0x8e3a46c7902a70aa8d807458403f848f420ce37e,2,1750.0
0x40f23f96095868f7ad7ba5249cb2cadd48ee335d,5,805.0
0xdceaa7d56c26e8ccb92fef82f3747c375c1a7718,1,20.0
0x98dfa94e9cce64bb9940aebb693c109ec5bd08b4,1,500.0
0xe6ff4d2ae4fa7ab765a3d10646b49303318da084,1,200.0
0x79067f232da401411ce10fea0c7a904758ea78e8,1,20000.0
0x03f43dedfa631f61e1f176839f9d713f74e2e8ee,4,49739.0
0x2d2a30b111a3737e0ba92f1b3164f1bc8b6dcd49,1,1123.3879545610753
0xa113ad44a047788fd5c0a84d2a89e6c1df9652ea,1,2257.88
0x4af62a0ec0caaf36d9afba6e0bbdf33f0078641a,1,20.74646
0x25342802b10c106d6319f78cf82a93cb2b93d261,38,411571.06994237675
0x2b1ec4df8d21b49727b314617ced94ed2100308d,2,30.747365000000002
0x8f7332c44458fdfe2d84bc1a1300f03e163120ba,1,1000.0
0x9da04a724fa759ac5a1173d344d111f2b316c550,1,100.0
0x4eaad1e6d81b1c1adb3700952c9e88a6aa4380f2,1,22.3915
0x95ff7e2de87f762e1e07c503e564f1e3db12c7a5,1,200.0
0x3eb7a4a87121e8be5bf07da280626edbbd543abd,2,35000.0
0xca9c59368e57d0d58a4392b2f95ea8ba672c117c,2,2035.60872875
0xb55facf54c494769c56fa8c0dcf2f8e1e58680d6,1,75.0
0x798c58d0e8f4a1c302353190866ef2db23ab9d3f,2,600.0
0x2108184b6229b616316a19f982e42cac32ee4dce,12,69430.0
0xa2a795eb7da93f807a7a1094dcf21a4029179220,30,22900.54507107533
0x22986c8ba39f276e7729542dafd0eb0be8ae45a0,2,250.0
0x3fa1e305b579cda15499c3d7771042633a5f43ab,14,35744.0
0xac06f7ba0ac4013891eabd4777d08c024cdb15a6,2,120.0
0x4ee7d7adbc75d729dd92f7b9a7b73af5b744bfeb,4,310000.0
0xe16408d8d27352b667ee2de4b91464c37e026801,4,580.0
0x5971d42e04e54e55374da437aec234541ca6b6c4,6,30150.0
0xeb968240f80c99fb517e369a1b8a38d7add8c876,5,417.0
0xa3e16d145040c6e7269b8827acdaa639928f6d5a,1,100.0
0x15930ffe173209bbfb0a38576dc5029bf07d0722,4,765.0
0xb9e9c1092b589c885edda2e2e5f677f38eae2e16,1,50.0
0x8d4b7c342f33fbbe28e384aad69186b29cb73810,5,10980.0
0xa0d543e0ac1823e63be074bb90e3506a3c8314a8,1,1000.0
0x8da71fb9f12791334ccecedd7bcca49b359189ed,1,8500.0
0x30bc1aa5fea63165b0276a50c7c910e20fc1e891,5,6000.0
0x511f4bac8a0d9ea87249630d3b41c326098be0ee,6,103600.0
0x41d7cb61b31fd8e0a839352f426c0fd4f729e359,3,9100.0
0xc5b120fd6f65a27976253ea4b75141e1688d61a8,1,57000.0
0x077d68fac76fd531b9f05336174774bb5864cec0,6,189750.0
0x41fa2731aa79b65628eec050051058a60e141aed,1,30.0
0x7042523acc826f0709035c90d1e0cbe38aef3ac1,1,300.0
0x5f891d5c96809cb49f2c995aae01dbef3e5c3932,1,5000.0
0x038003dacbe11b4ab02e1ede1e9771f22068378c,19,133428.66
0x685680cc425b53df693cc7263e9190c8ccbcbe6e,2,14000.0
0x8fa3374fa066bfb3cc0ce90f19ddd636c1b24fe9,2,1900.0
0xb378fb9d84afcd41effa62e424ec832c014b760c,4,16000.0
0xec8fc23ad65ae3a7b21f7aada390fdfd176739da,3,30130.45642055855
0x2a7a3c3b59bbd8c7892bc3b94913ee6c7bb5a50b,8,5291.03
0xc917b174cb8fa37f5e2257f61149d160a49daf99,1,20.0
0x7c30d19d9b47dee760d7afaea51a9ee17e998b0a,1,23.19
0x5a41f1fab2011a7cf0375ca3ac87cc90f538e8ba,1,80.0
0x3bca11c3b036a6bcf07a885cd4082b5b5c3ff63b,44,4284726.22553041
0x4702a6c712a2cb3d49cc6229c4f96d7390c64062,2,70.0
0x4bfdfeaca029baa3af6d287230dc841ee60ac09b,9,111975.0
0x8253d2141e8a15fdc9c5ac54a89922c33c98fc18,1,255.8
0x6d8999d515385f8686442885c42f4f803941649b,6,34100.0
0x98a234c6ad0d471d3b20c3455df7abd59b6d671c,13,7291.0
0xb92e767ca6d64281871fd054b710efeb97c29f2f,1,4500.0
0x36c698aa3eea07e523a33a50fa8376e334eb9802,6,1854456.0
0x147ce77ed67f380eaf000b83673e4bfe836646d2,3,2610.0
0x1081f68a9330c7baff1f95c64a69394907ac3a89,10,74500.0
0x7eebb6b2b1c828a7a85f55a10e0419cb90eb2b0d,1,35.0
0x31b53c32e0cc47725d4929cb67cb3d90fa05db47,1,200.0
0x7ca3f42f7a5f475a6e853b260106f36495ab81df,1,45.0
0xbc0abacf3613e9cb57ee6ebb96d78f53eb85e536,8,166700.0
0xcbf6fdf5fe0b8bf97a20050be72bf7ddee00a158,10,6500.0
0x19cd4b8c4d41657e07674b2ad323be521e228cd4,2,60000.0
0x24952d89e0fe9c0718ea1e64bfd4031d6c826733,1,277.2
0x2e6aebc4bded6a36e4e4edae4b23cea7150b2311,1,3500.0
0xcef5e5ef6b25fbacebfd428d5e354cbbc8020d6f,2,5038.636593460327
0xdb574cb4cb42ace5c4df4de7040c95525006cc9e,1,800.0
0x80042f96b9869d92341ac606d0e733067b91f368,16,4277.0
0x72d1e03bbb6ba4e9e5ae5eb1520cdaaffb799afa,1,1000.0
0x8a9e8018c1e9456b38c476782d3233bf88c0c775,2,233.6560136114179
0xc4703a296bcc140f4cd53b8da1a47ab906f04b52,2,15000.0
0x0d68ad5ca7f1585450da379abc0008e97d8b566c,1,288800.0
0x8a9928daa5257e1812bfe01b10e9beae8a4ffb22,2,2700.0
0x0ffb0b07f548a31afbf7c3d57b9f52cfe4f952a2,38,196005.0
0x6dc83467e814722e5d40f3800a2704304d180cca,1,100.0
0x9e4dc37749cbaf79e695449ad1799609fa010952,1,20.1
0xf801129fbda40989cc9fe7826a1f2c4e95915195,1,20.0
0x463cc8a571a708c4e1ecfea3f9bf07bfe25b4c20,2,550.0
0x5e004905422a19f31966649d1f7c39987b88a36d,1,100.0
0x6765a162a6284e518ce96d73760a41e7f6b401b1,2,35.0
0xce82c1fbb620ae0869fb9501d9baef2fa0f5ef46,1,100.0
0x4f94735848607026d10549b383a825b9cde0b964,9,38514.0
0x0bfad8e4258e1d5917f4940d1f0176c1944423f5,75,202136.8049477147
0x5c7fac5db445b416eea7bfc7c88ad52c8a505065,2,7000.0
0xa59a835d3cdc2e6f1d073b38ca22c22a7e957b4f,3,5300.0
0x267ccd9e78cbfa4ee14e0fd8a5d64bb09cc3352e,90,231376.95684051956
0x612c61541c04fb3416e142031a2bac023edd6e0e,6,3350.0
0x634d6e5a313c138f628ff8da799532163903f232,6,90100.0
0x6bcc4224b38b282293a996675890ecfe06bfd9d7,2,97.0
0xdb136535c42bddf2c1ba99d8d2c194e8b9c35548,8,34300.0
0x084d4cb1baca3b40c675e90d7bcae5534f669b7d,2,60000.0
0x438b9a3925dac76efa21028bb5c77313f45e5b5d,2,950.0
0x22650200073397029360a626c4b6ac270e26f416,1,95.0
0xfa4d069ff47c3419c8fe37d65bc0a75c81dc9b28,27,68533.64792218948
0xcf52ad630a1cf20668646e8e87712a05a6ae9e86,1,20.613932436
0x5ec00f9d9f885272800650eff9164fc5c2e80a4d,4,6002.7
0x62cb9b1ae890ac9e23e2131aa967ec4ca17ddb39,2,3000.0
0x845fa3226c4445bc673afc19fe1a342180321179,1,24.0
0x257fae2fb80770fc751713d0ca8d503796147c0b,1,5000.0
0x9b1552b0ad26f22dc07ff00befec80c2bbd666b3,43,1024800.0
0x2c28b5d0981e47ce5a67e5422f2005add00b7f84,1,45.0
0x5ac5c3ab7a256c16d38d90995177f464f00bf9ec,72,2760030.42489508
0xae4153e1948df966d17e84a01cd5959298269bbd,3,7677.0
0x87f8513f58a698569fd8df1e45f8223647d41ee2,1,600.0
0xd68927e7db56c7c74cb8af062e8023afdb5ebf87,1,20.0
0x63a680796a1e08d5946babe844d98dcd4187d4dd,1,100.0
0xd95a9c61fa344e08a4e83a61ceff9a6e53bfeb14,12,37145.0
0xcc0d3d7f303037e82d91871835b73bda65c3190d,4,430.0
0x484c6f5ee53800c6eb656863bf171d9cd3f708c6,1,20.0
0x321c6bcbbe80a09614150e13dd06fc0658acb6f8,1,100.0
0xbb539694c0d1e96c08fcd3cb07a27ec5383cfd4f,3,770.0
0x88388782e6565cd52fb2fd35a66c6344b2321a41,1,20.0
0x741856c64f42551dbee1a55b766e1836dd93793a,1,260.0
0xd13adb167ac3feadfde1b0f7676556f8da55ce8b,46,87739.26311194131
0x01f60176cf65d70c37a3414eb7f78fb9699c499d,2,440800.0
0x3cf6a0adc34eed4b208891ef24c49e0b4129b668,1,100.0
0x28fdfddefe4fa29c8b2dc3fda3cf950425723c62,17,172150.53514932693
0x90c5aeb25ba21a40bf603f831f569de679bc05f7,1,94.0
0x7d72a01385caad5ac7e9fc5f3611a958d90ae6a4,2,105.0
0xe76107e7fd859280d609836e05a4f65566b9692f,3,570.0
0xca7bcc6eb6b336b1a4624e42a16b03d3f7d76d5b,5,3050.0
0x2c0856cb7f8678a026a1015afb4c0f9c8120c37c,1,5000.0
0x837ff8caa2d56f7df7257f350a54a9e2f71dde78,2,1700.0
0x960c3786c7b13a6fcbb4d2667c39799a8683d149,1,20.06068
0xd06640f1d57505a4190cd6d116551187b3e49c5b,1,99.0
0x8afb6b169e78160d3af7a0daa6f892a9ec421c7f,1,225.0
0x3db5152bc838752572e979a25f875b5724f9da23,1,100.0
0x0fe07a2374764c4927a485b2887d1bf8b45017e5,1,200.18
0xcaef41de648aebcfb5047ede9ecf43788f204685,1,100.0
0xf25b754b7909526b666bef086ba9a0ef744c59fb,1,50.0
0x0105049810a15d3fc0636d9bc85d14a707515e75,13,14721000.0
0x5ba39e71344ab481790e6f7aeba76f04073a867c,1,95.0
0x4f81e99e95526d8e0a041c2eaaaa3eea7b5c2c5e,1,20.0
0xd3300584da683ee8303bc2177837a9f0abda817c,1,94.0
0xb8f6d6f3898ac80edba5b21947a04e0188aca967,9,124000.0
0x332a86665364accb5ec2db7c332f37c79dbd6ad2,1,205.0
0xafdd8f66da669b29ef31fbb3a5f3c02ff8cb7d02,21,246500.0
0xfc310515bde2889cb32b58ae5503cf14030c54f8,1,100.0
0x2a55a431a3fbd7ece83a27f274c03b102be9b812,4,885000.0
0x082166d611c637573e36661b2fe1833cac8512f3,1,100.0
0x02ef2e4c132ea243a8683838817e98fd5e85ecf7,1,7500.0
0xaeea7d5ab2822202ebeeb9d7cda5dad4b47fd6f1,1,100.0
0x79f1eb2ce0c86db9d87dcc866eecd3619d07ae16,2,134.19880928914057
0xb3dd50f036263f732a1779f2a7b5142d2f630f54,1,100.09
0xd5cd541c512466dd1b6fedb54f2d511275f8716b,1,100.0
0x301e93a04267118e040b95f27c1932fa7fea9c96,3,358.50300986009324
0x84046c74785bd09bcb3210f7df8f3a3393061a4c,1,240.0
0xf9de0ac1a65e297511cc1fffb846856336382a80,6,9688.0
0xaa883c190478f0fa8b080b5e81707aa1d0e7048e,4,4050.0
0x04fea20d02fd53b5d36eaca03e6dcb66744ee5c0,2,20000.0
0x4e39ba9cf17262eb9ed097412a5d19c492bfd745,1,130000.0
0x7c8b2ecc008ea561622be5de30fecd0bd221d7ff,24,39437.6738
0xeea3496227815fa6ac0314cbb03b0dda2efd3da5,4,13500.0
0x610e66cb23372d995b1c6e74bcb147395dc471d2,27,44232.140131320004
0xcbabbbedea2670cade3c3ce020b23c39ad4e576e,1,50.0
0x381cba8dfc9440b480fb13df5b7105e8c601a532,1,2000.0
0x8198205657406d55d163e13e845e103e7130ebf7,33,726540.59545542
0xe9560292dd1af05d48b996fb45f22ceab73d4c47,1,150.0
0x8ea6713f8e4aa519ef924023c2c804dadbd00d66,3,400.0
0x3fda888364ad5172ec63a247cdc163c81e1abcc7,1,30.0
0x7f1718d73fd59ab62efd2f040fa0cad5f53b6c50,1,40.0
0xf0e2d727cb74095695b40762d434286096708ab6,1,100.0
0x05d3660e18930563e8c7307774c4894b3d685c57,1,100.0
0xfc9fe4bd191ada3c9061975e79e5b17b0f1bfead,2,1504.0
0x8c62288a7c589e985d1016c1b49889a95a45ddc9,3,3100.0
0x7cd8f51298009ce7819cee757910252207027295,1,20.0
0x63d59e0409cd621113e2ca21a34d1587af95b08b,32,284610.30094825686
0x73bac4295548af0f9ffb652b7fb5f0aa94768be3,1,60.0
0xb552351b0f4902fe8695a1b3dbd5d89e5625b607,1,100.0
0x92a2b1aadf4bfabd3b3429ff5e2f5a19520ef378,1,500.0
0xce89818237461f2a21391bcd077790b8776b0963,2,155.0
0x51b19cc9fd3f6ca46f34423ec8d88c6308733629,1,100.0
0xa69001dc732e2f84a7d3b779891dc524bbd8f0ea,1,100.0
0x8dd3668eb05f3b09e5d173e7458cf43b10a0a7cd,1,103.0
0x5d6e3230d96ed8f61cc107b1fc153e8bec67cf01,1,21.31
0x751f940e284112494783829e04826e53a48eedb2,1,5000.0
0x8726d13b14f86d9de80a01a7bb2ff321c06beaff,2,600.0
0x6ad7b84c4c2dcd9eb7deb4b19ea75e9267c05903,9,14755.0
0xb409d9ccc25234771e82af6899e1812e27703844,167,983872.583305063
0xc817b7e05a516be25af164e17ffb38d06577db50,2,38000.0
0x6ec58fba76a3ebbeccf216259a2ae41a36851843,4,77000.0
0x9fe3b6b14935666c9643383df1fbd64b7315e93a,1,38.0
0x8331a66080b47804a7cf163a18736569fed8f969,16,41209.05013173
0xf5348482ff230593c0c62c43fb4e0250db250ac7,6,28500.0
0x5cc514ebfd037edd7e9c745076b3aa56dc5ca49f,1,115.0
0xb42e64babb8eecff6f9dbde3e239e0f416c54274,2,780.0
0x4249a997894dae353e253e1efa5afe7bf9b33b57,1,50.0
0xda5fab52dd8cb950c61964d4e3d77e0038576cf9,6,779.0
0x0701236327ee3b744bbeb007df1d86e5575f9d35,1,48.0
0x695e01ad8390ab80660fe31d6bd038497e189e6f,1,100.0
0x5720ee96be38eed49d4f6aed73b3076df89543d3,9,4095.63285442
0x68a2c0658784cf848f35c5b2986408f4530d667f,9,23200.0
0xe1378a7a4725a36e06480a00c4a58122b51bdb2d,1,100.0
0xaaa3ac33c9aa4ccc317917f281e064a426b1399f,8,2240000.0
0x9472230fd2fac05194abbe8105382bf7b47f9a01,1,100.0
0x499a19921ec0b69f1225d8c39f7d1eef3ff14272,1,50.0
0x1a81c17d4f764fa090132414e431a44d94a9f62d,6,38980.0
0xf2a86eeb4ae63fea3042d68fbf9e629ed285f071,1,120.0
0xd6433a0ee417d2f243f837f7cf85531c6dafe441,19,700980.0
0x191009632fc5702dd3bd11b3392ae8ab60da9c4b,2,199.0
0x70d902462296ee05137651338f45e9b5014788ff,2,8000.0
0x83e23040a2876eced3f0302c9dcc3f480a4f3d93,2,3900.0
0xbc97aeaf69f41c3a833e6a90f7b9c279bfe8c2f8,9,97700.0
0xa96bf853cc24bd4b51f3240307e598114c7249c9,6,151000.0
0x2ceebaea05ee4bf30c2314ad4aa3f7ca40cfc067,24,42429.8696419544
0xdb35ecebdb8acbe287eeb1379bd9f5c9fed8005b,6,9200.0
0xcc39899b6f06a689b5d7f6654d0f7762de4dedba,3,1968.0
0xcb5c5aaf608da94ff1df435fad82a7d8238bcfd7,4,4000.0
0xca9bf35bfa6da4c113ad7ed58d25d2d14e46dbf5,2,500.0
0xc409cee85ce171dca6eaedba65c9ad68090e3e96,28,121900.0
0x589b8a98229ff94967661e8d186a36f86369e629,14,31890.27030167984
0xf7f8f9f53604085c7a67287c0b229c3dea9c6f92,3,4200.0
0xb5bbe55587d4f6b3c4ff718ad8c4a53e6bdb9ea0,4,30000.0
0xd8f8632390aae1aed9137f881da0ae538c9bbfdc,1,2540.0
0xf2b6b9264124aeff19d89874b01c94afbe8c7453,3,3068.59
0x479a2e2497ce5298b970fa7cff080eaf19b63934,1,700.0
0x2695d32f97857f4285b30bc26257b7eac1d69888,1,10000.0
0x06aadee45ad4180f413321b582dc51777ea9c9d6,1,100.0
0x638ec1f199d76492945efafcea0a32115c805de4,2,100.0
0x423f37de7660e2a94fe534efcb356c4570bd0e2a,1,140.0
0xbd73dd5cfc2434e6bc0c076b12833697053aeafe,13,183300.0
0xed611324228cfa26adcdb8b25ea93b1a0dffd232,2,8958.986350155
0x94aea4d92e3ba0089edf1d85ef45cc3b3929d020,1,800.0
0xb60f0c6c61f9f5d47175648b5e46fa3d0383ae3f,3,63000.0
0xe5f613b8c95c20d91b921e95890a5e0860589bba,1,152.0
0x71ba42c9ec9c79b6000b0308832a6e4c8431ce71,2,6156.2676379604
0x4a3b885ee8045b429bdef3c386bc84590bb2533a,1,100.0
0xb94de6e56c424c013b88d0f045a594fa4f1dcab3,4,42200.0
0xffad524800d915010926c90fcac3115f3edefd4a,5,20700.0
0x7d51ae1ed75ba99d24c79eacd5454c94625a949f,1,1000.0
0xa62d1e4374bdf2d3766ddd9ce73a70ed337c6c0f,1,20.10932
0x34d589a8af2df6aafd61f88249ca6c97dec1639a,2,850.0
0x1791199b7e2f5d69571dd8fc5abf1860353f2ca8,1,600.0
0x3625d59e0a09c54f8edbe13bb837d24cfb902d8a,10,252600.0
0x9178dabf2da9e2973ed1e658c67c9ccbabff7ae6,1,400.0
0xe3dcf70f1b2b3434052639fe6918d84b5cd98ec9,1,4068.9
0xd851e44d6ad4be66b74adb0a248c6772ac21cbbb,4,820.0
0x59f317686303eacb7d34d4bf8ac8cb889b9f0180,7,700000.0
0x27e27d5dfbb2c6721a1e331e8eac39bd9dc2da5b,2,1220.0
0x3ca53498bb88dd608a9246fd8bcd604c3e040cf7,9,8560.0
0xb6fe2fd1cdcc90d0c2dbb10185232caef74d1d59,22,180290.0
0x29bd60667d4d09e1fe71489755879db1b15cd075,17,1645000.0
0x6170fc11ac4d4bb6239227a7011dc5ad80ea0e39,6,81500.0
0x64e3227f86c5999f5b58cee07ba9a12f29d03978,3,7125.0
0x8ad7bb3a4405f92d89c48f38e398caf217c49139,12,1498.8749937640334
0x98bbd6c5fba0d10052e3c80f5926b078d063d58f,3,2600.0
0x386e1f9a937ebf01438483daff9b391da167c9bd,6,60484.0
0xa56390a72b8fa61fa8b01f3feb8bfc822b804785,34,156829.91632737
0x6c1668efa17fd1bdfbdaa0e17e6a3e26ffbdb205,5,1991.4
0xa307fec254f5ec35bff1ef1a58dd905f29761351,1,4500.0
0xb2a0fc79e4070316d0a3bd570054931f69ca16e5,1,2146.0
0x9a46547df41e1ca45b1ef6beb366e5e4824b7794,1,30000.0
0xad5f859bcfdc94740bcf83e2ef98e1a1abf7544f,1,2000.0
0xd604a12606f34c8024d3a74da78392766d3404bd,1,55.0495
0x652d7ba76771d14f7b163725a2cd6b450fe01cdc,1,1100.0
0x552f613ea7cd069979504221f241e2123254f0c5,1,21.0
0xfcc40626f9c48ecc789d8c59d16234dbad128cca,9,10055.0
0x14c0d87c8df27d33365f602e1f93b45efb186208,1,20.0
0xfdfed5a280ce6de3d8ca2d8814405c891b156748,4,12500.0
0x92755eb74405869cf15ffb8aeaf2586840779ccc,2,365.0
0x087ebb85953956d850d4513e0546272dc792f56d,1,5000.0
0x0569f728d99be9ff9d51e553a5ea87f4411404ca,1,1100.0
0xe67570e7f9910bcd980929ee09aba0bc2d0c3b03,2,21000.0
0xf512e8a78fd2b1a0260e99d15e0197fa9f41d1ec,1,110.0
0x7c6883ab15f1bbc74d7df5bd7d6dd94b4a37e66c,19,140600.0
0x426364a4ff74543ca948b5e546abdb9f5bdf7dc4,1,25.0
0xadd385f1f86b2f22ab6f19f6ca42c26a1abd995e,3,700.0
0xc8cd479d906a49a29d13194338010f3dd9332f29,3,200.0
0xfcfe6d2180feabf67d2ccacb0ac328cdedcb7377,2,1750.0
0x2fb18d7c4596f9934dbc5b0b362275f4dc411f9c,48,204992.0
0x1f85f691077361e8b63fb65853bfc6fa388df7a4,5,610.0
0x834d16c6a8bb31ba04d26d5ef198946faca7071b,2,6000.0
0xd24b3486ee09a7d37faffdeb1818951d34e1fb8e,1,400.0
0xc0b02934c56e58f42bc28c47c7456504503946dc,2,2388.0
0x382272ae498cc49ab7e27759888fb1e7ddc8c4c7,1,15000.0
0x00ef4ad4140ae4629985766ab9ad3f5f57845e1a,2,500.0
0x20e640ade4ac7d4fe6b9a3b488f0a131399c03a4,1,154.64
0x3b5657a6cb6a6ccf1ff0eb8cc52c749eff6f963e,1,3000.0
0x3467c3e6bdb4bf40ebe8299e41975d0a005c63d7,3,180000.0
0x678c8afc3bb4ab5d8f23648cb51a547bc57d5dd6,4,30310.0
0xd2333cc299fa07404c2ee01473cef6e3baa04135,1,100.0
0x815466e9aa8e282e77230bf5691e8fe20aeee423,2,510.0
0xeaebe3ae77c0f9c78505c61d48be7dd359a157bc,4,16000.0
0xd72b8f1deff4dd14216c269b2917a3bb34d9da36,2,550.0
0x536a88c95bbeab53a7fb06f80694766e4c41554a,1,11000.0
0xd4f84813f9a41ee4089bedb8a14301885fbaba1b,3,13000.0
0xf7ab8f184264fa293e1964eb654774e24ffeddf2,10,32899.99990701877
0x8a682ee557572bcd93ba132049d0952a64e07515,7,35300.0
0x05de9504583ce61f3aba4a575e4c1833f207f0de,1,20.0
0x65cf9b916f3b039633fb1d327b099fe872ac43ab,1,150.0
0x429864d0b7cefc529391c64a6c49a973412e66a7,2,675.0
0x2d333fe4b1278d40b63b1ccb4ec36756ffe5007c,1,50.0
0x870358e991b89a13b8e0b6bdf599f08bd2097bae,1,6900.0
0xdfa8292f393f53bbc602487cb82e041dbfcb283a,1,20.0
0x93eacfa6b5d6374fa468ebb4667cbf4a270710e6,1,25.0
0x19c4a472bfc427ad3d474f1b9ad256f90499b8f1,1,50.0
0x0940cc9d93d0c4d6b420fab04109d6272ee928e6,3,120.0
0x73b5c5163946dd184568f6b348e5aee27a257d5b,2,30501.0
0x5eb9368c9a26f7930aaa8e55ea27423ffe208494,1,5800.0
0xce07297fbfe83c9f9fdd5fac08b94943903cc6d2,5,300.0
0x22afe1f1d2a878eb37e8efd2ed3b3ce2b5bc600c,7,815000.0
0x4eb8138180d18e0f93fa138fed1c1258ea5ceb66,1,20.0
0xf37767fd8e3b4a204fa371b4209806a9940bbaba,2,260.0
0xa70a2cc6df4f391c54bebd5deefd70da81018d2a,4,7810.0
0xb71c133050a8ce65771feac27a37258a26bac7bd,6,550.0
0xbae1d621afcc7803c5aedc2d0290c1868808c0b3,27,572500.0
0xe82843681c3f9238518705ad024ddcd1386cba62,66,1203328.556812158
0xe5aa8b5fadcaed0ce9b9e662a301a21a1ead02a2,1,184.1776108
0x7e1e2bf3a1e1bfc6c7af5d40efbe25cfff08842c,4,28031.0
0xb7b928dc4582894fd68ea746c780d4d1f295a62d,1,500.0
0xd393673d55558f852e4b02d04c9d93ed865c731e,4,13650.0
0xb663e725c5f8a2f06f0267b8d514ff8fc4b02c6e,1,400.0
0xaac029e89da668184ad340a93c6df60822ab950e,1,50.0
0x05a3925d655506c8f29c45982c6e53ef35a7f606,4,5000100.0
0xafcbc39a33910d54113e0cb4322da3c5989542ec,1,5000.0
0x35a2d891d182ab7a7a8e9b32e81a5dafb50970be,1,100.0
0xbf084988606482aa601912ec129ca162bca7b3e0,15,79585.0
0xc469d49d1e7c04f2a1cce0b671130e9030057862,1,20.0
0x0a7afb829e808b0d4d169f4d8737b0398c49212d,9,22200.0
0xe11f6358276f9173b4fc959a6d465a061df1bffa,2,110.0
0xfd04c05735d39ed7e76069769eff9cfa49f3de26,10,7355.4851
0x7b1ed68ee4397a59ea21df78862403eb0b772edd,4,286100.0
0x30b616a7f6d2e6b3090b29a62349901bb4323da9,1,11000.0
0x731b599687448583570f1f802e9b65bbe08c636e,45,694022.0
0xb11bb032672ee5e3ab032dc3a46379b2638caebe,2,370.0
0x5500bebf0adc2ba5bb57941006d0de148ad4fdcd,2,8150.0
0xadf943e2acb1b6548883b514884ae4a3e8689759,1,20.0
0x79eaee8e95a126f8b1ce58093eafeca96e08c431,7,590000.0
0xcabe95f8856b349727a77594e1706aa542d282cf,1,90.0
0x101ba20b463e870bef9c5e1497b690f23061297e,7,3294.9790222499996
0x5cd3339e20c7b428625a92c3d31a76afcb78cdc3,2,490.0
0x6ae009b326d874558dc645ee0dbf6ab7327fe8ef,1,30.0
0x4659d8af73dab00618d4f5de47be18aca01c65ac,11,6400.0
0xc09c2150f28dff69a0de8446d43c5801e1bf1dcf,1,30.0
0xe64e960dc51f1d99b5de76465e503069afb7b14e,4,1061.0
0xd6fdfd9a75ad243fa9b9bd66765cadb355d76dfd,1,2000.0
0xdef8dd7715000a873d1ab3a9efcfc5ba74221b87,3,330.0
0xa15f548db656d1afd5006b73c67fd36c11adf037,3,14500.0
0x4b3f182e8ce938503483c44e7db82f463a5f2f1b,1,27.03154508315476
0x973a178dc32686a7d56ce95f640a926399dca68a,14,19572.354797
0x70c4a231efe09b9e1ec6020afbff48460e324a54,1,40.0
0xb9f4f9c3f53444134f0a542d7fa586b8b23a8b59,3,9500.0
0x828684b228702917be60debd441dfb50c059e38e,17,28380.0
0x941e991204adb946cc2538a93c03a87b69b50564,94,187800.0
0x35bc23f2f8a5015e1ea735f07f59f505723d4fbb,1,20.0
0xdf4109a0e5fad3daf950428da0d2be60db82dd6b,4,3482.0
0x1c657bcee35a5becf193f218dbdbe83203b6c815,5,611.4907670653713
0x73fa3ed3d54535210d6d1a2270c2051a5e210a0e,1,32.21
0xcf52fa9fcec472575babce65633c2ced6f20396f,1,1250.0
0xb3fad864997c0ed5e7d1f5bbd10298971a26d90d,14,4577.0
0xe1fef3d8dde9cb8dad159bf3549b484d036f3991,11,4730.0
0xcca8b31008496d4a655d483bd84c45824c06f060,1,360.0
0x1928678415794f69b58beebc0c6007770113bcfd,9,160.0
0xe3cc93775d8e09f2c37c67d1047592cbbff5c9ef,1,120.0
0xc57f52ab0c7207d892feda9aa50562f8bb377aa0,3,1410.0
0x23546f9504326d89321a5de00cd62fc9f5fbf465,1,100.0
0x7a7af6c8a319a5700307862fc3ad8ebea6bb88cd,1,20.0
0x1044c73c87d21f8167d9b5f26de327e1d8bcbf67,4,3102.113113173423
0xfe3c8bcb9e4c7362c201b998da52042108c52c8e,1,100.0
0x53df1826dca594ba80c5d388ea7c1d5f8cfc19ac,6,21000.0
0x60d463bc4787cd9a117c0d09f1e7b8c63b364479,3,6100.0
0xc8671fde4db1ce19e9c151c62b1b18eb257dd995,1,25.0
0xd741c57dd2ca25554e4480a61a29ac3e9e86aea4,1,1250.0
0x1cc5cf901fa70d1780c579b321b4af6b5513f4f1,10,2025.0
0xc0ab3bf60e78f944c06d035dfe5992009d740994,8,8570.0
0x3506871e59da2cf00ef3adb7e0e1af7228f3adec,3,512.284386422
0x9ab1ffed05a1af8300aa95557094522621e3da18,2,152.2
0x1ca9a14c4a4c6f4ee1a97b0ad645b3dfbfbd86a5,3,564.0
0x6ea5ae7c82ad03ea269280d01494be46c3ee94fc,28,28042.923703451375
0xde722c9860fa2ae5863fec28bd1aa9c534a178b8,31,82850.0
0x72c15647b687aa15c3c1c80a0ab8764a5b07852b,4,5368.63
0x80110a3fc75b89890c46e127756993b07450f830,1,1000.0
0x1ff8bf052585b37c4c16d85fcade3c241fb779e6,1,50.0
0xcef7c3812f17141eab0c00da743e1a0961a0b9bf,1,20.0
0x381d76f93acaaed57df811521f001197008813e3,4,79000.0
0x7ca98973b9a361e7282631a6cb3e00c2317275f6,7,122499.68355247597
0xd5ecf44cd002f06ba4a9d65c30f075744ae75587,4,379.79571704830585
0x56e549ba5a4761364362ed0fc97780704f18a56c,4,53200.0
0x3f1fd4a63e69517096bc53fb93cbfcb4729694f0,1,220.0
0x0d465895f838f036222fe849d773d101b030f62c,1,35.0
0x690a71d1326d4785adf965f8af8e85e808e5627b,1,220.0
0x149a3b743b90f88c7cdc129b8992642c74109b46,28,368119.99340216
0x567f53b64d8bbed0d1884dda2e038782b370fed4,2,7400.0
0xe03a25d28b7628afba2b0088bbd005e896541f6f,1,150.0
0x04fa5f9720f10dd01be423393e937d46203677c9,4,4980.0
0x4ffbb63f61fd07a85fc247cbe0c78e9af5fc05ba,2,80.0
0x763f2eec71b7bf2e4f2db9aee7d4c836ff5447eb,4,35300.0
0x898a8b189cc22dce3e1fd692ce1ae6eacb2a05db,1,20.0
0xfc05baa7f4cc4921e580b18ae44c4c14d642a626,6,9070.0
0x550c9ee8a5b577eab6bca7d5ba58fce866d5b3c1,2,750.0
0xa05b0e7167ff5794da85b93e947d3b5ee38452cb,2,30.0
0x2c12eebcd6999932dcaa876982b1fc383a7d0aae,1,24.33
0x0183b81bf5daa561a8d2d0b7de7ad854158bce6f,2,14000.0
0xad41d1b750dfcc07f8914f2808e1e06980d95e7a,5,6400.0
0xf8088ed9a809c802a6beb97dfab90610920adfa9,5,8650.0
0x5d335bb1d7242a3fc5cf12615a820710a58571cf,5,56600.0
0x811bd141465e489e253fa9d761ecf4b1ff594bf6,7,69500.0
0x2f285f711aaf50c28a8c77d8cc75a7587e2ed407,4,2750.0
0x6e58b2116681699bc3dd4acf92f4e1f0aefe661d,48,270551.04919984716
0x28ce5e45a090fc6fee64fb2d241274e50eff91c6,5,2403.75
0x217fae9d35599a52289af3330e0744dab441bd0b,6,4502.8099999999995
0xfb8c6dcf57569dcb4b21de70cbf382423bdceb40,3,375.0872292
0x507242a86df2a0ef270788f10fa69c23c095e7d1,2,520.0
0x6fa1eeff736d782dd15b4c99babba69e68a4538a,1,95.0
0x983e3e3bf909865fbeab292edbf2b21fcdcd4a52,2,82.0
0x8a7cbcf117d768ab4a43953dbaac17192be86dda,2,93.0
0x0e6dd20fcb4b4ea92a487bfca21730bb7634921a,25,34430100.0
0x99d2f4688a3407692ddae1ecef88d4fe4a66fb3e,3,40000.0
0x7b0a6bc1d9fb2eb474cb4702e42bb35e219fe931,5,13000.0
0x55eace1426aa85e9443c43e3bdd9cfa9b0f572a0,1,2000.0
0x88fb3266ba43cb578fd0a2438dee7efcb7336e2a,1,100.0
0x47d172e9d3e4ef79e8d95065af2256e43ca5a101,6,130500.0
0xa080e8cc78a216ef661dc55f368f169b4bd88c01,2,49.985792589935265
0x5d35e1ccc3678a05452d50786caed265a4c51c02,4,18800.0
0x6bedc5ade3d4391b530cc6e74c0b6632ebf8d254,3,720.0
0xb9bb4fc17ce617b0c83cbaacf6e331056396ee5b,32,80256.0
0x89fd2d1a064f26122d8d4449c129a2a3124f8950,1,110.0
0xcea00f917f6a22da375bcec6b3be2902025ca327,26,50650.0
0xdf5fe3fc56a79419b1d8c38839330a4dda5787b1,1,10000.0
0x640cdbe0c708fe7b1caf51a1407025f605235a56,1,20.77
0x4577db8ba637ba7994ec021b69450590023a7268,11,80572.86331038999
0x8a602835dd5215fa6c36453e14bbb7faa5c7e601,1,500.45
0x581317995d2473871807c9fb7655e9eb71aa8936,4,725.0
0x4bcc3673b30ac8df62c6e19261901473f428732c,5,2745000.0
0xd8f4113759145ff6b7fa86ba71042aefc89dfb52,1,200.0
0x8ea34d2ff0fb7932387a6c3c8d89e0d309748c98,3,580000.0
0xef20a762dcbb0dab9c70993cb0ad3d0c86ed0b67,4,3000000.0
0x9dd5e660a855a37b3b93564a15b46519852fd2dc,4,2400.0
0x6b7ebf633822eceb64e2c0a36910e52cef581ae5,1,99.669622
0xd49b3920b96233d79f54c43b21eb4d10e416124c,1,28.1076
0x3350f3d13b99bc82cd88b8925722acf960ec8624,1,30.0
0x29b2801341c71ae2c8487195c03b4697ba679ba3,6,10053.0
0x323ad5dac0fbb9ea1fbc6977e620e7d94527bc7e,15,707470.0
0x1c779b605b155a3d5ffd86fba664cf24e4794fef,2,200250.0
0x896f16a14c43da4e87d617a33f5094a4832ec1c6,1,100.0
0xe3a3886f40e835c8d11bebff718ba1ff06c5d1ec,2,74.0
0x745055ccaf917e02cce5f44a9f9b1cb95634ad9e,1,25.0
0x179713c83f962644484d80c5bc1b1130c40db503,57,407709.8043181688
0x1ec328a457b68578a5a56f64e424db1c0f7f22f0,5,126.04090696877317
0x88d0af0eca2183e1b88666226ee379d2abdf4830,1,36.9776
0x504b71ac41bbe6fa6a034c654a68f3469cb67794,1,46.80586594968
0xc0da1a051fe4720dbdd60dfdf294914e043d1d3e,1,99.0
0x545b73700c8c4a766f9bfbe6910a59cc89be2782,5,73662.94
0x2aa5ae8bb57854b7299e7d4df3a4f6170113568d,5,27863.279940893048
0xf2b81060a8cbdb7789de411336c777df83fa5631,1,5000.0
0xd6eef069f016e3dc9956cf5873e408eb95c98a62,1,20.0
0xd5903073cdae71d7ed2b2ba595345fb5a88ab55e,2,12000.0
0x3d9024f0f7e91e7fbf3e35897b7c72b461e8e993,1,20.0
0xe5a40e29c2c6f9c36ad91fe15dae2995c2637696,13,13927.940777980448
0x30974dcc4eb06959677fa29c8f55ff26b010fb81,1,500.0
0xb2497b1734c20f2e6032085d60edf322bb63d27b,3,6600.0
0x58a2fded6467c8ec5bac7321e2e1a4f5c8d27f5b,2,175.0
0x2ac847be61fce3a2db77f6dc9e97b944ea26437a,3,2500.0
0xc6ed0d7bb8a7fe501b8f5a4548959eb035e53394,2,6000.0
0x98ad210fd33c4c70a820776dedcc26d79886faa2,1,20.0
0x778b55c5baad1844067b4c5631721b5a56eaa081,2,150.0
0x7cfff5b24cb585afbcdf1a0bc52abec187fbea40,7,615000.0
0x98f5282ca00caba80045995300aed18cdbf2710f,19,80203.73389328
0x07557b474d189520ef5e62213c9b614234f94d91,1,120.0
0x2c417c5ba0a4e431c58c7be19c40fba3bf5689c2,3,136.0
0x4c3eb1a5f8778245ae2db55259995fb1e0bfcef6,1,25.0
0x8e8f978f2144f10d6dc2d73a5176bb657b144c45,2,100.0
0xb33d7fefd930c889b906b04981dc042c16e122f6,1,25.0
0xb85415f3484c63fcc7a3624213ebc9a8b01ce0c5,2,3000.0
0x5f9300b2b7c265d9c5ba9775019a0915c15e683e,2,2000.0
0xd29fcd887bb67d13a451ecedcf84a0bb43828252,2,1000.0
0x05c68a20fee14f2625da2760fb9bd05e00b82e5e,1,20.0
0x7a31d8c1d40f46737bca0a983767faa064e6e98b,1,177.0
0x6ec3cb27a5931fbc40cdcc788fe78479537f210d,27,807475.0
0x5ff3f11a2d9b3aa5dd24a10e84f2bd544580f31a,1,66.0
0x792ec2c5e3f230a7fae0420942903b9e7d4ece0d,1,30.0
0x38672d1113c9dddcad48ee9d02dc16fb9efcd631,1,1500.0
0x6f46a456dba85eeb38803474b30130e4438c5529,1,50.0
0x7938dfa7f4383adee9683be2dd577d03854ed521,1,900.0
0x32e12651727a9ce7781ef513a14c7d2d5ff58d3a,1,380.0
0x6a2d51dfa8b70ccdbbbff0ffbb6723ef62af5275,1,250.0
0x594803f44fda3dbc71e20e40410f2d91807a5287,1,140.0
0x893c72a3fcb774b69a63f354525578c33b00684c,1,25.0
0x8a4da9b40c2d0d79d036b25e1a6605f5d9b62f3d,1,9500.0
0xb8fef4f6b78927f9b9dc21bb771bdca06b6676cb,1,20.0
0xc9792139fad2cd850105cd05c4d8af772702b7bc,1,100.0
0x5587285046e52482d992d383a06a46c2c4c5893f,1,20.0
0xf980abdf8f72562bfdc004f20d64eefe32ac2727,1,25.425
0x401cb493a45f93b153a762c0de3d3c88545f9fe8,2,220.0
0xd821699e4fbbb82d1e1d33791f26665afa8030eb,1,250.0
0x35c0952f750a7c63d07075a8930863f5f1fdb278,1,20.0
0x0c70cce07e6e8fe2fb2fb151ee83d5b64ec979bd,2,450000.0
0x5124f33e75deb7c4b9fe7fbc01e575fb44ba7ba7,19,262201.0
0x422f7700f08ea38ca03125b28e18967c5591158e,3,70000.0
0xb211248b08de8e52ca2bae59d6f119b7c1a1dfaf,1,25.0
0xc8732cfbf9dbfe42809111b18b95dfa7c1f14a93,1,40.0
0xd2e592738f065ddbf2dfef17f7528596ac1907c3,3,100.0
0x1c70d40ecca3962d53252dd66cfe3dd9580179da,4,4720.0
0x7878805f8909453e24028328069d0ce0a6ec796b,35,184738.56023555
0x5cd2be1c5dab8feb92dbf31eddb29e2b222218a4,1,25.0
0xcb3aa6c5ee16aa3de0350575a00eb34bc58360d7,5,28950.0
0x019c44c4fbc1b2a214cfea47cbcdf7c42d74ee2f,1,20.0
0x27fa88770f80acf774669fd4cad5e093ef665f11,3,3800.0
0x393f5d39d776cdca2a2860c512540cfac91c29a9,1,75.0
0xb6881b81e70fe399eef5c2660f32d44ce0b66cc9,1,20.0
0x386606f3a779bc753c8fd70b0dae5b21e4391d10,1,50.0
0x3ea304583b38d857b46527e0611e816cbd291978,6,18250.0
0xc8abf06aa97b6a5e249aaeb62d41c7faee282176,1,91.6546300197
0x975da745421ca5b97d78b5942f6a27877e4da082,1,20.0
0x4ae7ed4b9568976c4f179b4bf496ba8d17f69379,1,35.0
0x7bf40c569786916705738919944126d916520788,2,434.12
0x185eef2d0a1386be2e7233dbc4ac00622813c727,2,70.0
0x36e249c6b2624d69690b6c9ece9b8b3a2c23a953,2,21.0
0x5e9406ffee539d11de837f851cb6317c35f22dbf,1,200.0
0x1a18e123a003611eb303e0fab0428902979265ee,3,7135.0
0xd6fbb47505b7c93507dc162b51bde404cfea86aa,1,25.0
0x41cc34eaa7ef8ec4f4cbad0098d337c68478ef32,1,20.0
0x7a6723518089b28885a355954cbcfa8488856087,2,13000.0
0x89ba6a82782b577af936155341afc77676ece136,1,1100.99
0x9cb4e3879836fa6ad133a2e11a5b16cbab355828,22,150991.0
0x86b1319ad1c6c3ab0645fb5599586544c27e759d,2,345.0
0x240884d48071c170f94dc8d50e63fecae203e676,1,4000.0
0x577a5c5749683736d2ecebd4f13c8525a14f85e4,24,165081.1366923726
0xf9fb129a4d6870d3f366f73a864cce243dfcab4f,13,500020.0
0x74a7b0a7da772edc3f478206ded9edcad5e357f0,2,965.0
0xe665f219bb6df9237881e48a89d8c863fb8c59c2,2,3000.0
0x62fdc256f8ff2c429988f6042fc7ab69e209f5ae,1,20.0
0xdee25eb4d207c22c0337514273e017d977cc5d4f,15,16223.6292393714
0xc932f4e75ea89225536ccbf2e73c5b12fd18a055,1,40.0
0xd0247c2d5a86a7476b2c011c90460ea33167b81a,1,450.0
0x0ba6a4a65911f259f43554ae649c90b488e78cc5,6,48300.0
0x87dbd4321b97ea9c68f838556dcb1bcbf01887cb,3,300.0
0xfb84228f165f845a1d74ab096e15c9cd4e72752d,38,1273080.7804574799
0xd35acca6e2c97f4eabdd196062ca3830f043e900,1,100.0
0xdb15e69b73facb25623746d05026e87ece948df2,1,100.0
0x6cec590c393739ee191b615f5a6aba2534716ace,21,30154.0
0x3ff04983a40132c812856e176dcb343c1da30936,1,58.0
0xaf53b1cae673874d9a8f1937d7cc4ddcb01e7aa8,1,200.0
0xaa2f09ab52ead546e2e7d8f277c67287afea72e2,4,16000.0
0x3281d25111893e791b6c5e700c1a37ffc8ccaa5d,1,11000.0
0x302a924c14cab76de203560fdb2e7a9c16a9e0a1,11,67500.0
0x46aa1165523fdc81bf29e859ec4bbf2851c32013,20,2359500.0
0x69f975773eff65dbaa5c1abc3c87bd3801be8273,22,713073.0626986215
0xc01162efe958a4a8446afa7c39da64d87fd0bc85,1,200.0
0x061353df32e40d33657262e0e4810c6cc325c110,5,45.0
0xb33c8de9e8b0ec60e8d997aa5ab11bd49c6e57bc,19,221544.16480639
0x0d5cc16c6ad83be2419658eeb3f3f5c385d38eaa,3,566.0
0x1ec064f30a2f235f2fdea7f2aa8ac700f397f1a4,1,25.0
0xb370a1eae185bf593500533a680a667cf8ec4d2b,5,2185.0
0x02010baa5afaa58b34077e637152411b5ac5748c,1,50.0
0x04c4166c17c488971b4cd18f4cb08917affadf67,2,94.0
0x844ef4ca5f37cd48890a2189defe25f387f89115,4,5100.0
0x70ec7b13753cc32ac7fd0c0857b9633945a2550f,16,7601.0
0x74ed7b8b82b60e91a674d3f0b098cc07c88b5943,1,53.57842224
0xc4761d7b9598539d7ac5f334d467dfb03e518f02,2,265.0
0x0dfedca63e5555d1e878b196151c2cd55450252c,21,315000.0
0x512a37f116d35f749be13a39bc8982b3d9c08a09,1,20.0
0x9e7c81becc761ad412c815757be3527eac5455c2,3,6500.0
0xa8d985d48cda9e05b141e6c23a47be05f506dbb8,2,70.0
0xb6dd6f94ad8a17440bb0d54df13320b613b5bba5,1,75.0
0x0c500375216b73d5072aee2ff4dbed4c1720f3dd,2,450.0
0x1f29ce68c04e964015bbe71aef199df0831fac46,2,190.0
0x8efb68a2914ddeb384af9c1598160654df6c2b76,1,20.0
0xf3bf7b11da34f4496a01af7569b93e74a131c67e,1,20.0
0x385b42c311333e4122d4a22490a1cea538d1ca26,2,30.0
0x2556ae0a136433474fc9469e61bf8f0f06872555,6,2130.0
0xe14b9741533de46df59ba5fc28da0d5b5165f2d6,16,14756.592840086589
0x6ea8e86b8fd456eda951c7a89909cfbc59a869b5,1,20.0
0xda58cee6ef964a1cd0b6c863ee90d620ac72903b,7,5380.0
0x02829ada920770ad50c09e09f57cec8fb5b35cc7,1,100.0
0x6333d2b0cdf223f79c2c0dd68a0f81fd610794fc,1,35.0
0xb2370f38a86f2832cf984cb7b00d5bf5482371fc,2,850.0
0x07266a46a852a9661f42786f94f3e66b9cfe30df,3,4700.0
0x7db3c8d509b70870f1723b4779f168bc8992a180,3,45000.0
0x49374daba7a5042de823f06099f4b4998369921f,2,100.0
0x1b83b00275d819f3ff3dc7b2be0d128e9255153d,1,50.0
0xe6fcf4f813587b42639f982c188b5a6fc26f030d,1,30.0
0x5d1a62bfad0a27d0aa5c44b02a23473610a82589,2,675.3248689081429
0x2a34fa2ceb49033f0885a9831d98e0eaca963b51,8,11650.0
0x3b94dbe57fb5a5644a1de8f449a864011a47c1c4,1,20000.0
0x8ea33edd7d9babe0d2d574d37179f372afb07bd8,12,148955.0
0x6a4c3d2579b25a6cf7ae0ef5595868a72303695a,6,8849.98
0x5ff34ddfb1ea0f2b2d4d164af7707f8c1e41cb61,9,1620000.0
0xde8c60db78d3fcbbb19bb6e82f73ef0d2c088044,1,2000.0
0x0ca6b16fc4273f59a7d9b2708a35650c5e7b09c3,2,30.0
0x08194fe102f84e770962282d0227080ecab0be19,10,758.8355985423487
0x78ea6d6419d28dfc60d6084f170795c244bbd723,1,100.0
0x45c01bb82b847e09f006293bb634f78314a2732d,11,113350.0
0x85646289eeea6b64956d465e981fc029c8a094a3,4,3010.0
0x58be6d3aaea671bcb25433d427e485219cf1c16f,1,86.098488638
0x89bd2c2406ccb6fb691d1fac0571264d5d47aab0,2,1700.0
0xedb9e233f273afd66358b340679a2d16aef79977,1,500.0
0x66490704bbd4dd5a0a48face76ea9034ab4ff862,14,60410.0
0x4ade855e7cf1d79704fff5c64c91d6ce13855d51,48,9183105.809193958
0x66c7091dd9870d43ca79124cfa4fc5fc6322883d,15,30200.0
0xbc2cf21a2cf113d1c7adc5d9dd662c135ab50bfb,3,4002.5
0x390f763895acc79a1e7a2bf381c1cdc0ba30beb7,5,325.5
0x095d854aa55f6e619ce66b611b9e9b4a24df167b,1,20.0
0x749091a4ac96470268a3388d4f6f73e848b914ec,2,2000.0
0xecf96f09a939b242985945068158059e72573744,1,21.66156155851488
0x218b101f9ca574c52aec2d8195bdbc73c19e9fca,62,1864877.0601381646
0x0646db1cc7b476bbcebf234a8f7b5654388ff7e2,1,21.0
0xd3b73fef848e2135195e5d321ca43ecc860ae7c0,1,125.0
0x6b13cbda8c93fffc183a38184f01fcf72d09b35c,1,125.0
0xc950cf65dd5c4e908d6793114b48fc95cf6e6f05,1,1000.0
0x8d399ad16b71c30ac08d4d05cb474d6822deb38e,1,20.0
0x36125defba1c9901c1aea2b42053c63e2b2a1fe6,1,100.0
0x91b89342ca0001655d3f232232bd5233b9a79802,18,572000.0
0x4ba2cd88899c4613f81c5805cf57708d8708d959,1,50.0
0x4fda9241ff24ae3a3157c50ff0c979f22d20f5d9,1,25.0
0xa8da7508089193ad7130e0bd6dbaa1d3217c1b5a,1,140.0
0x8f5d64112f25dec0c65205a79f937218bb1c2358,3,1100.0
0x31adf8209c3cd3d7568000322ca8244a0ab6ef7a,1,25.0
0xbea24604745a5759d902751ab8e885a4a390956f,7,7300.0
0xfa225af725a4ede815772478482b3e3aba8d540e,5,5100.388893196578
0x80ac0a25b8900a699b0286d4a2cdb27b38587ed8,2,76.347041140288
0x4b9a51fc1cc872202f1425cb0813e92bac3ba3f5,14,82684.46628510783
0xddd7d26fe613e16cc60677b27e0802d0119c2c53,31,2029385.0
0xcb9cc57c20d2cfab5cad90893c35f64fbc256871,3,5134.0
0xff6b5e80dc701f5d03b137de2ab8fadbfe913194,1,8000.0
0x137a28e460197eb0671c88e8cac2a7d3dcf52719,2,13000.0
0x8cb5a01128a704da9163b957550ed62e91a4a991,1,20.0
0x148233c5310796d686501011b5f97e1152d82f92,5,60035.0
0x5700191d6dc9a6f5b28306f5b0dfa40d127bde09,1,100.0
0x6ea419e5eecca625c3716d2f5098651a72c7800f,1,20.0
0x59698a1ba33afb54cc9fb32e847635eab1730ece,6,1141.0
0x0d2ef7d21e9b769ec1bd16c99f51130ab4ed8238,34,135505.85036087
0x0dd6596d60e9fa022a4dfc749bcb44f248b7f076,1,500.0
0x5876d2ddbda2bcf11e9d4691eece6fd77276d051,1,1148.0
0x8dcdeeb136309292d8220d5eebb8499bf92ca60c,1,20.0
0x5a96a9d97a0cd5c13202fc6c12a935cee20fe888,3,3758.0
0x749e375449873ed27e5baa787b94ead04f23f847,1,90.0
0x844b0b698edd905b3bf552dd8b9cb1263968c82d,47,788664.4955836709
0x7fd838d4791bd83c0885457ed67040804e4163fa,3,40000.0
0x0a0297c1d8349dae79e24ba1de4499bf9381a412,41,376470.0
0xba16a535324bf8c2233e168b755bec30ada85f71,2,4251.0
0x3b253520c8a79dcd7c36bbd416707151f1b0cd39,1,11500.0
0x66dbd388d963bb5c049206bb92e751134101fceb,7,18700.0
0x27ef5684341b71ccd0753911b5bddee63550e303,1,716.0
0x566d23abc586931aaf78255504bfd6f66d08e299,4,1505.0
0xfb2a9ebd522a78c2f808c701690206ceea380f83,1,40.0
0xdd2d43355e398f501be0d1418390b69588cfac1c,10,16650.0
0x1ef2529b484959a5b6f93ad9f743c37245092159,2,14000.0
0xade4e4bc6dd5a40b0f2cd1f6eb10644922ec76dc,4,4535084.0
0x38e236409ee9e6978ee11fc1f6e17d238164e464,1,600.0
0xabaa455f6138f143643725fba183c2893a0900a7,2,3005.0
0xb8b8eee1fdbc4a3067b08a9a411c573ca6f1102f,1,50000.0
0x6310f8c1efa4a8021b3868b1c9553889743fcc04,8,135000.0
0x6a132c998aafc86c13d0686a66433269110284e9,3,80000.0
0x81f02c620f1d0ab2e93b0ea006c3efd9f96f0cad,1,50.0
0xbfe9f0bac8dd581f1dec15bbe77fe1cbbe618d53,2,40000.0
0x2a18197f14d0958c4ac68860597acb3514631853,1,20.0
0x074eded29aaec62630edb463995fce902e5a77df,4,26514.28
0x0d1084138d83c603ccebf7445919b80042d498bd,2,231.0
0xcebdbd60221b0a339fdcd5d1ee440df2ebcece87,1,50.0
0x99c5954cc793214dfb74960e12286414cfa30c93,1,300.0
0x61bfdebeff086a105e15d8379081fbfbc34ce4eb,1,30.0
0xe097f88c1cd920c2d8c1889760fabad34d9ab92b,1,20.0
0x999984d22a5598dc0e12c3e200cf99241eb345dd,2,475.0
0x47df768c894770c4421fe29586d57678d885c5f2,2,25021.0
0x9edc8e294f59823c74620d4bbee93c00d919e90f,4,260.0
0x6166ae8bb798b56242e61b2f8fba6e284d2845f2,1,150.0
0xeffd8aa8f22b11bebb2118bb76748cd17471b075,4,10700.0
0x9b413f6d729b007f81fa4c879fe047c0060fa5fa,3,10000.0
0x164e16f1050af9da30f5c8ecd691c1e702e9820b,4,44524.0
0xa0c5cf7ed3bea3691e56cbdf8b8b41d3f3c372dd,2,120.0
0x0969f1b8d4b69900b6f2e220e810e2a09ca733c4,3,4800.0
0xe1390f886d676948a16073f9eb7e570b02aa3b56,3,72.0
0x4d8452b9f1034e02943fedb66f49c24c53f379c5,2,2500.0
0x6799d0591be9aadbefda46bbcb93608b344a7beb,1,1500.0
0xecbac845aeda0b5bc0ec3d47fc0c6f6d7cc34faa,1,1000.0
0x1900c7a8be02febd457e76dbaf70c97cb42f5b18,1,25.0
0x83b7afe1f1c2b3f738c320054c5df0dd22011f34,1,15000.0
0xa7e2cdeb3cfb2d4838d57b7c1da779d38191b571,6,46945.0
0x3b8d11eb4d809011e43ab3e116514ad8a5e49f96,10,10365.702000000001
0x7af48efdcffbb92cbb7225efb610777ca9492201,18,64935.0
0xdee63974161b673d9791a06959850b8bf43d154e,1,34.0
0x2576ee3cd63e8c985af2f6f12a6cd11b889eb27a,1,23.0
0x499ae508cc6372f194b6f80b4095ea6e34bf82c4,1,140.0
0xb8c2cf5b688df7da2d32e146c2bc97e1177cfa32,2,22500.0
0xc6e81ddad2f1bcf4c824fe78a42b53574faacda2,2,3250.0
0x0b93345126bbe64cfdce751becd4200ff102108f,22,262360.0
0xc97a91177f0a1bf53d0ab492b6d9432076217cbd,18,73411.0
0xf585d5b1e269830ccfc42739f445447a0cddb52f,2,1096.88200873
0x67a9f6bc2fe9776203b85e76d94457c969749128,1,100.0
0x84abd4f7d3a4294005d960c56ee1e8b8fc1a4d57,5,1660.0
0xb6b31df3e05cbdb64ae0d00f79d7ccfc1d039a60,1,20.0
0x36e752dfca99dc1b76220d5c8ba6b574eaafca8d,30,2211235.0
0xb0ed6d4e5e864aabc4a0c78c9f6e26a381cbbea1,1,28.0
0x7a4ad9a2e1e91b02f9d5890037afb524a10c7af6,20,19309.8
0x8ac14d52d7c699cf082e08f5d3213833e9f0b9a3,2,280000.0
0xaeb4ac0ed226e9d26938d246065e8aad7813ac98,5,1500.0
0xc96d82d5889819b2f35138e574b78acf03786f8b,2,7728.133333
0x63d4bfe1b72c6737cef36c688fdebc14c972d94f,2,60.0
0xd20d00ae56db9664afb08a63c253ad5f99f176d1,1,94.0
0xa0a9bcb0caaf9a4cd1c1f963ca886287d9b77604,1,50.0
0x8f6a78c3b094ae143fbecf1439657e266e107401,1,100.0
0x42e4928639a36764ce0aa4d2d1088513f7b478bf,2,13000.0
0xe32239e455238708ceecf8499f397d43bd7b3b20,1,140.0
0x1da0a975cd16aba6bec465f628e68b9b188e94bb,1,150.0
0x27fd1f4799df78c9a3092159ee6458fe4cbc4044,1,170.0
0xe21f1fda16fb018e71cb1eec3eb8d0064681b1f4,1,135.0
0xfd3131d6735667e4df7ca424bb363650fce07815,1,30.0
0x4a6e40df7fbc0f609545f7bc36df799233a03e16,1,35.0
0xf7fcc3a459b66ae23cc55f93d81fea1df3594215,1,75000.0
0xcfc21a4ad1de450b9a20ccf947012eb415033bde,1,2500.0
0x93a31d0db0c8513aa2e73e920674f9c8070bc58d,1,65.0
0xdee5f95d1d4504714702c5d135db180ddc39d0db,9,495610.0
0x4d50fe7c81321c3c0dabb1424dd98ac6517febe0,1,25.0
0xd4bb7399c06168195b770e55ebba12b8068a02cc,1,80.0
0xf4b4aed8eb06d8b5a55a7ec69638c24af006dc29,1,20.0
0xd802976cc4a9461c1c8b7f1db486a3f3a9e6acbd,17,54100.0
0x3c3c9183dd9cefb56f434e293045183a3bea3548,1,200.0
0x52b2e31e9c6423108e19a1a08f2b0761a3ec72eb,32,32151000.0
0x9c619fcb5dd9657f1e84e1955131d83127f29799,1,20.0
0x8d06bb71b510a65eb517c818627aaab72210ae48,1,30.0
0x929dad0d0a05d0da2d8bc67f13f82cdf6688d206,1,76.04352
0xf5d697bcb2608aa5362cceb8314fe4c82e462182,13,7500.0
0xddad1ebdc8ba92a52dd6285ecf84345319f63a85,1,300.0
0x58be24d9cac4f60f70cada1cafa4190fdd060c67,1,20.0
0x8a1cdcfd2dcc41d00011e27c0a28fef571f587d7,1,70.0
0x43a155622401902fec223b7e641a3094e03ea76d,1,30.0
0xd12c40cc0dc07e360e54ffc8d083a7f39a47db79,2,105.0
0x181cfe26973d82677b0b14a7aecf03fcf5db275a,1,20.0
0x4dbdf0a4b036955181658cdf10ff90655fc85680,3,711.0
0x3adbab9cfa9cd4827a34e59dba85aab83f184251,1,35.0
0x7d39be5bee478f99749fa0f06ff81038118a0800,2,1000.0
0x93770e9aade8215d72b239bd53a2e966a0dd12d8,6,54300.0
0xdeb598e5954a45bd6652135035260b63f46cb0c2,1,20.0
0x218b0747a7c83baf798e04053d0c106d0e44116c,3,1400.0
0x7835cec85b6f29057178bdef7e7411dc87579dc8,1,400.0
0x7baa8b9792454653843b83d713edf9b9d27fb8a7,1,875.0
0xb6cb5eb12e1106072767dcf92889a1a8864e9082,1,20.0
0x36f8273a553b712e27528c177895471d9eaf63cd,1,275.0
0x9b365156f123796d97bcaddd864b34a24db988cb,3,30592.56
0x41b5e89c4a58a00352ad447f3f420b4601aa1910,1,1850.0
0xd5167a6d764d7b13da12bcf9c3e5ab72aa47242a,4,4014.0
0x6d768af490450eea972036a153fcd49278fe1a2c,1,100.0
0x491370c06fe85e2b289f052bec4a138a4d5a9b91,1,100.0
0xfe4475dea413fd61b259ff6061a2a67a840d941e,40,63051.998460374256
0x876dee4c9c29407e088240aa90205300ee2d9d96,1,302610.96557703
0x871c638b2348d6b1d0006079a3b4b1f193fa587e,1,90.7923689
0xf8e5434a0d82d38d66d0b6a9aa10259385e51817,57,65474.33391590848
0xff39d2a995cfb7f87ddea79ec220d1724b08dbdb,3,150.0
0xfb8dea02e7488facbad7bde0f3e2c777cd69b0b9,5,7800.0
0x5da24c8110e5c63470cc2a70cf7b61da2579f7f9,3,41250.0
0x90123a68954a6a3984daa7cf8389efc3e3c42536,1,450.0
0x976db3678daf80add81a38f68f3ce2df5cc70187,27,539000.0
0x6408f9d228e0e41b3499217c2c12b08b92d73f1c,1,22.0
0x4edd7fe3aced3354b034bde2326eb2bd260b407b,1,1100.0
0xa46b412d26da6d7932b7a048c6a16ec4e8fa94d4,1,378000.0
0x8877ff81ac3372d25358f8d032f9633b6734d3e1,1,50.0
0x67e50fed66a40fdf1fc93120df79fb1b2ccba543,2,27400.0
0x6bb525599565240dc4c1dbd9c2822a65c915b2e7,2,110.06
0x98c75da9c4da93d5dcf30d18a77d2cbab8d6a3bc,1,80.0
0x627dd90b92222eed831d41ace9fe6013cf074d6d,2,150.0
0x7939a5647f61b8336f4d12e1ec3518d4c408996f,1,1250.0
0xbbbb5818dfd7bc026542b9a3ea5dfd7f3678ee65,5,4795.0
0xf8af15a26f69e5e093ad93ad28c6f212075ecda0,4,71.0
0x2162297b79e83a117e876b03f4bf409cb3d6a37a,2,240.0
0x3fecc29f7017413529360ed9740f70f7f584d468,18,121571.32905906162
0xd4f8c6fdd97bc517385a4c27f655f82e2392cfac,3,262.0362307378472
0xcd0af66e740c65dc3365200bfd94b7669d8a54a6,1,200.0
0xc13d65a2ca82e8746ea9beb3377f670d7df6ba20,1,130.0
0x539e9ba6b068d62d27d7419ec5e9a93f6c673bed,111,2036001.617611992
0x8d44f12f94c8ab6f1a90dcd2461f90812e28e1f4,1,1972.01
0xed1396401fbf0fddccc3ccadfe4dd225ef8af31b,1,2500.0
0xdf57f923a00d9dbcc599634bc5bfb151701368f3,1,1213.54
0x63e75011df23c22839df256b29890af5f3647d62,1,606.77
0xc5dac70998c345a832bcd08318d95d6727618b3b,59,459168.86821094
0x6cc1bf2a6ec163a3ac2ffa010ac2c338c21d264c,1,150.0
0x7ddee2d6ed8ea9343665c9ab72db1109a72d676c,1,2940.29434908614
0x417cfc0064d04e7f78c6bc6220bd3a8d18c89e9c,8,14613.811013987273
0xef0109915f0b2e1bfa80c318fdbda6cebd885baa,1,54000.0
0x7affeb3e10f671181e6a14ee66c7493b5094e6d4,2,1400.0
0x7bcc47436f51abfcf39fc798aab2de9934b7b257,1,20.0
0x028486635f4d5efbc13cfdad6580c22fdca607cf,3,185.0
0x688de4e5349e55125dabe8d669548490b0c460e9,18,11750.0
0x926c11a2fc25468e483cfe4422c06ef4fafba52d,1,120.0
0xe6f4cb26e3c91909aa4e6922d7065357032094a8,41,275155.1648669608
0xc7b07f948ed1680d307f7a440342159d648cca3c,3,5800.0
0x8bf3769a04416d20bcc37b350e300c8d087e07d5,1,20.0
0x73540a79404b3da5058d3d699dff239c30ae5976,35,8433420.062340511
0x0892465b1540a8a8d20999defb021b8050b15316,3,28000.0
0xee6cb7261b61d43ec683f91f63c7dd5cf5168aff,1,350.0
0x4c08a531bb007bfe3f227bd8332c7c9aba512a0e,1,50.0
0x8d31d333c07ed3a6611f6d87101b8f6d2a185ab7,1,23.5
0x59edf5cbc6d5de694c9a14608e282bb71359e2fd,1,50.0
0x112b46f566f3fa64dd8e9e96d59ba71791541c91,14,73000.0
0x8bd0a66fddb9dbda2d594fee641b79529a79071c,52,6163200.0
0x3fbbeda944cbec8c5dea164c7a744d49abe445c6,12,31642.235951525246
0xcfea9f0f688ba94e1b47eaf53785e4a707127825,1,250.0
0xcf5f37eb688c538dd8ede9c70cb87e021c40ed8b,2,30.0
0xeb42b4d1caf19288ce34fc640a2c3bea14eb9873,1,4500.0
0x0a934365acd22f22a75a4b73cd14227a32a15ef9,8,61000.0
0xec3f3db325fa5571ed959a444342a25a8d7a7114,10,2000.0
0x585f021d27a236a08afc35e208d6c86b75baa3ff,4,1100.0
0x060f249398367d9972dcd4bc27ee48d6219497e5,17,178600.0
0xadf1390b59e3bf1fcd672efcda9305c2b4dd42e0,3,34.04
0xefad6ee9fc606090ccd5dec51edf6f1f8f427fb1,1,30.0
0x53f36753784c397f8b017fcf5f5165c195985c0d,1,3800.0
0xdc3a529661724a5e41e5d791b790fb5439c8dcad,4,9000.45
0xad7d25f5649fb4034f400932a1ae824332131f4e,5,585.0
0x44cf094c421f4055b52e0c84b4a0956239a59791,14,58500.0
0x240365bb9e138381db890e657c2c650374a60b22,1,800.0
0xbb0ddc4f4e942c0def6477bbca5ffa7dbdea6f8c,85,13389120.588270087
0x3568529096552cae98f81b7eec902ae1a604191b,82,8058053.0
0xe56a01667e423d64c87d60b8e1907356622fbb51,2,400.0
0xbaa5a326e5d27fa89ef71646abd84d4732520a39,1,79.0
0x53de10f4f49ef1be9da1d60db2f303a6c4907a67,1,300.0
0xeb4f443b9cd3636916bc6241b415ddcf99bf909e,107,4116852.202344051
0xe0860faeed4a0df419be0ab2fd23a57a999b8ced,25,37920.0
0x2a450aa94ca733cc84c7d89067485e67f77338d7,1,3000.0
0x4b4cd0624e12ba7ab99fceb79b6cf830aba07f1a,1,100.0
0x6d10824a247a498b0f66c5b5fa42e6523d369e1f,1,1000.0
0xab70a7aa7109a855adbcda0fd7f8f8431623649e,1,116.0
0x21abecb1c63e99f09d6d051037f74eeb202cfb99,20,14970.0
0x3fb2b9f9265e7c343f298a65beb40f1466c13a53,1,58.0
0x06a4aa034819ac5afc90cb7cbf8725d345ab86b9,3,215.0
0x160fd36e5b6e2ded0c733d55cdb77424458558f6,6,4546000.0
0x7e5e08437eff1e66d017025e52ef4b8bc42549e5,2,201.67848001801997
0x7e16807ec657efc1a210e4003b64f55c8de9c8b8,1,950.0
0x67bcbc05d249af75913ed3d41968f000e9829f92,4,132000.0
0x58a7522fc269bdb323a94ef608169b8b8f9e0e19,1,500.0
0x38cc579e87419acf49ef9339ce8b97447344b1dd,14,118400.0
0xf7b241a0bddc68ef0baf4256f143fa9ad86d22c0,1,47.658
0xfc7489afe92f5285ddff7329c93a5894c836949c,132,2487843.591815739
0x83211dda69df1e2a62ea8ea011b87eb29fea2b92,12,282200.0
0xb58b640978489788886398169b82110328ef9997,2,4500.0
0xcc2ce17faef4430842055173dc91852ee9c6f069,4,11972.85
0x061448b8d77b535dfd5123dcbb9579d60b5f6fcc,3,13500.0
0xae7ee3608fc90d4b5cb9129fed4b6d5a36be96ea,1,50.0
0x1f99a65f74ed0fdc220ec1d55663d1191e22b60e,1,125.0
0x63e57fe7e5c1c7fda7c2578a2a0b112d4199d78e,7,2020.0
0xdc0c7962a3a118e36cf17ad505f0389225d590f3,1,50.0
0x08d9b02ac972bb1bd21045c2e5c10d5c3685807f,1,1350.0
0xdc501b9a3d5a2b083da5b39bc2118440ce7b1a90,2,4200.0
0x167394a8f602ea5d685a1d21d81f3847405f3080,5,5645.0
0x17211e6be750f0fd67f2fc72ab891211200be221,1,20.0
0xcbfd9481d3b88e1d5e078f08035cf48fa97af066,31,1116613.0
0x97015fc4b9402c9c17be4edf48d93f98e3d31981,3,8900.0
0x90bdb159102cb7a0a509c132a65a40dbeb693c32,2,530.0
0x94bf1e0f0fc5dc2dccb979f1eca20908bb056cae,1,700.0
0xe4b3e9fde4afb2a9c29d340b71b756987a8726d7,11,2030.0
0xc04d7c54959a64a7d9d8750a7b7f148a8ff898d7,1,40.0
0x383d9473ade88af6c40febb02a955b9f0acb66d7,8,9600.0
0x2d301153f1be577bb8d6b8a74d38c6a177730c93,3,130020.0
0xc30df12ec082edc0aaf9c74376c0e9ab4b95b0c5,3,1800.0
0x213a6bd8abccc47c603a43387f354ebd04b0c5ba,1,20.0
0xc5c175a0bc32d3e49f792842e96c81ad08aa19a7,2,900.0
0xa0b30537f33e58d7c9e8f4af7acf575288d9a1d9,1,20.0
0x7354103db1332217e6728f3d95e3dfe88ffd4041,21,1129100.0
0x4f4974a89a90442ac031aa77c6cad4967752ab73,11,104000.0
0xcbcf3cf69b2a406c4ca89031c9ef8bc48fd9e278,2,390.0
0x4b41a4e0c161d9e068fe08ab45e1ce46f38c92a8,1,20.0
0x671d00854d27a32de69206d0b2d461c106a533cf,1,100.0
0x3e6b4a7dcf073783a764b90cd19f3d76421bf2f8,3,2220.0
0x90e9753d7c4ef1375cd85aa4727e532f75aef610,3,190000.0
0xc591728e5f7906cb7b39d276446a94a50b7125fd,6,1046500.0
0xc0ae18d65d944bb285eb11a28b4ed4864c2d4371,1,25.0
0x123f5736e05bf00fbea44fd1cb1459d9cac02a8f,2,3500.0
0x8f47409ccac8d2a6b92990f0dbc73c768233f40b,11,69700.0
0xc884c1a191ab71ccacc9208af0cd5c2b9e7cef86,2,3385.92944431
0x10bf184feca2328b899f5d3c58b8c258a2c0ff09,13,141000.00207103998
0x3cddae3424223eb8fc02510b71f67c6c72fe900a,1,1200.0
0xee27ae57a04591e64e89531e230718e0e0de9d12,1,4000.0
0x15b9d8e8906b3d884c883f295e72d8d49e1c78a6,1,150.0
0x6173a0c85184beb086832c0de55541d27b20c027,2,2400.0
0x7d67b3134130ff1b3e065dac226707c4975a4f5e,5,26500.0
0xa43e96680010a978173536302a89410c35a11e1b,2,79000.0
0x01a90744b44acc72688e6ef98a9c7f6adc9bfd3a,1,27.0
0x0fe786c533637eeeb41d96a9abe78edd6d9ce453,2,700.0
0x2b18e1b08103d99d3086408851cb09c6ef99e132,20,153604.1351589334
0x456cc5f35ac8131731fc6f183cca6e67b1f1fb16,1,20.0
0x89536ebaf1cdb8ea02070b9b5f83e47c095cf595,43,1787500.0
0x1818817f210b3a4e7958be4c39d700f403b5b750,1,130.0
0xd78dca35c2c0e436504bd21477eadc901c7fd4cd,17,300500.0
0x900d1a17273ccebbc0d191f190bc424d6964a7e2,1,25.0
0xa6a1933aaa1c8e6cf2d5c295b818fea5c773b222,4,680.044415
0x994dc8361042bc4508a19a85892a95c58dcaa08f,1,1160.0
0x9d66c79952c96a980ce4e7fab0334442e8d689f3,1,22.9
0x6a9cd31a01d5313990351ab77f22ff13d2df26d1,14,16551.0
0x2b8fc806e164c861cf75b6bf083b7092dc76d0ea,1,164.76
0x5f7e7780b9c2c34af3b15bb573bc93fc3cd0dad7,3,621.0
0x24ca3c7a2cd8452993fff5cdb167d7e93ae14656,1,20.0
0x5863591c61aa9b1bc582d3769ffaa8ed1a616358,4,17994.243053206203
0xfb5bf5282782906ee39b586e6ed97c4c884ce98e,15,812000.0
0xb95a0fc4173db50d0b922fb280115eaf17f047df,2,1000.0
0x5d3964b3a44e00619988dbc6e7b58847ac7e9976,2,390.0
0x2564fa472827730a545f569bd3bb6824f4bb76ac,2,698.0
0xdd809e013136806cdc53e4aeec228e1956ea87c8,3,6303.15
0x0b9470751df91948914f28f1dcaa230165c77ae0,4,15750.0
0xdac5c33a033053cde14eda951f3f23dad0988dbe,8,45700.0
0x072f433f724a77ae88a426524b39b5512d0428f6,1,750.0
0xa01722779105a5863329ad3c397acc3b8f528998,3,4500.0
0x02a16521ca58d896261abb8e954a56dcc81b320e,16,70120.0
0x59b3e71c9c2b7df2c63bbcd4ab5c79dd6312cda3,1,150.0
0xb8566acbf75b919fed6157037b1ee1c44709878a,8,9500.0
0xabb4e0e39c806dd0b3cc97712c7be593630ae08d,31,210587.6
0x63b1bdf749414b2d4978cd9dec7d8558f4ec15c7,2,2500.0
0x249bd077ab57b43d4afb57203d87b8da12e1ce54,122,1361907.6922653713
0xd6d1f77ecfde27587fdc4d1df552995850841c62,2,60.0
0x51fffcb33660d42fd53a72993c8818d354aaa7e0,1,20.0
0x2817efcff01b5440f26c0bd59fa065a3ecbfbb47,1,1000.0
0x71db0267e6b8f382ed92761c938d456418760b89,4,20608.0
0xc5e821f245415c17a3f7cf1bfacae8376cbb9dee,1,20.0
0x96d831d3fc05afa89445c2fa4d8c00b0546f9be5,2,1000.0
0x1c8fc8c1ec7c2a7ca01d4588b22b3b9da8e1b79b,2,30.0
0x54e0dee61aa37ecd789d1c5ae61002f1b8cf7648,5,498.13
0x4b9491be34f35cc36c042ab25cc2bef7d3738cdc,8,18397.10280459
0x0fcc8bda34fd6103cd0414861dc1a25c4449b4a7,1,500.0
0x42344f6df4d1905ba12d586150029bfeb79f81e2,4,2050.0
0x7181288648365121421266bebbb9fdf2f23bc316,1,300.0
0xe94837d956c011b541150a90f2ffda8a33b3405a,2,500.0
0x1072afbe998b823b28216ad6079d602ce8015fee,4,1401.0
0x8fb63c0baff2b6b301fc90e41726cf93df5ebc35,1,110.0
0xf8247baea3b06e4c0471b83f2442bd9c76aa16d8,2,65.0
0x2103956b1574b53730be5cb26a317aed794ad60d,2,36.0
0x056338b7a7e18cc403d25005f61ed4eee450ce1a,1,2750.0
0xdc064f3db3e488728a5b1b74005531c4ffeb6a5d,11,18150.0
0x7fe4b439d8f95640f191d0d660abd72db5035aef,9,12800.0
0x2ca8ebb6a9174dda1b2b70552fa3d01e907e0151,3,1000.0
0xdfd7672159697fa5357329935f53c3f48e98ac80,1,160.0
0x03075b747a3179c504fea8dd7fe55874fb249574,1,1300.0
0xee4a1b2bb2bd562ae4ea52066908a2012a1a689a,3,460.0
0x695aeb77f49073d19080f789e9f8e84c4713d38d,1,79.92981205925533
0xf71e71ed0bbe303ca068f59b1db43372560b83cb,1,180000.0
0x89dddb606d30347a491b6d4ec4dd333afb46b4c6,10,6770.0
0x5ca8979619969f4a8223a5d068f7347a6887f322,2,4800.0
0x6209e92a6938490c6aa6096aacb73882458d62c6,2,7500.0
0xd0a7ff2f922779c7c7095faa1b4e4d3c91dafdfa,4,14000.0
0xce6b89e328403d349d84be5b5b029961fbf9af9d,2,431000.0
0xf4572e522a14046d8c7f03bb3a38e7fe10812fdf,7,22450.0
0x0dc4e6aa93ea34e482f36a436eb22b522f24c3e0,2,196.46197428606
0x27dc93392d6becac48ddd90542d6ac68ae3b4815,2,300.0
0x7aa7867e103dc1babac3d53a10c362e83144b2b6,2,2444.0
0x66e4761c25c1be27c0dbbf4da1deb76afa8e399f,1,53.0
0x62e687585ad612a48666707f92c734735937a08c,11,23260.0
0xa6776fce8bf0df96757b2b35641b2dbbbe70bf31,13,941030.0
0x1adb4d99627bdaf60342c734cae0e968df3d8ee5,1,50.0
0xcacc957aeeff974c7f360f8d910f332bd121bf6f,2,2100.0
0x1c1781cf13b3fd1bc16cdccf9f7b866d4e57f2c6,1,7000000.0
0x4ca402a01c8b097db3e22ecb711443abebfe05e9,1,40.0
0xc7583e2f7f7aef3805cf83084dbc73c77e71ef32,2,1177.0
0x5c8c08eb9b65b366513a4a84867324beb24ce4c6,14,5012.0
0x482c123382d37eb12cf417685cf3538ce106c9bc,1,50.0
0x208c097d44636f478d758c123058b25bd22d2c14,2,195.0
0xf0b288badca9f28e93c907811a7cb9dfc2082222,1,400.36
0x24470454922634bea4288b7a0c39756ee1956a2c,2,1200.0
0x8d3872de7f88ff172890a1ab8b2ceae39afebe02,18,190640.0
0x8071553cdcc548f0e168ee7c6f0147f31e452fbc,2,9000.0
0x2f3518058eb2c604e5977a395531ce58f488a08e,1,500.0
0x4390f22d1be0f3b1b4d5db975c4037a23e3380bc,1,30.0
0x1c972326e01f3e0b51688fc00657d05852decf04,1,1301.17
0xd376cea358ea9cd47c48adc4edeb0c86f19399e9,2,35.0
0x707c8bbd1450c31f8723683023b9e056e0590e27,3,142.78
0x90b28c0244168e316c0604ff48bdea88baa77232,2,7000.0
0x070b6e87bd3ec5869e431575e344ef5b96018059,1,200.0
0x5061b60511230968ea362d4aa2d5ef05b52bec7c,2,8000.0
0xab1fb17a6015f0fd6a113657624a3f48201a7130,1,40.0
0x86ce2490105c33936863b30186aa12299e638f67,13,203000.0
0xa7ad3fe1d44d409bcbbd41f5a0337801b44c176a,1,20.0
0x39230adf385accfc051858d6f8deec892ea21326,3,2150.0
0x42435cc8dbdbd5b8b079ad8f09922684ef2a5ca4,2,12365.166619044858
0xf2cdb931a73c992e7bdf9508eb50bc5b33f048ce,1,400000.0
0xeeb686f988c937bb2f1eecde5e1dc5dd3a75ea58,3,60800.0
0xd542c8f4ce2d27a65576961f1cb6d234c864c8f2,1,30.0
0x8c5ebe9d94e5c00005510ed322be168b775e6b31,1,390.0
0x6305669d78ef59c250ad5c887d26c2d99f52000b,3,300.0
0x712c665bda52f7adb09d12db9fe46b9057e6e9a1,1,550.0
0x0b0e71729013500401fb486941fdb4aa0f60e203,6,40935.1309
0x52f8c80ddc28e46d619eaf759f602fbb4ef214aa,9,912.0
0xd1a9b5eddd6165d428de875b6d71c749e81ee108,19,130300.0
0x7bd86536a94fb734dba9b77469350b9be0603f89,1,100.0
0x5407b7f6e05ba4cf1dc9f69cd28e03222be42962,78,772357.83
0x288d1fed010f4b2f58895e8be921c88db746bd04,6,10550.0
0x0e07e0493da81e57f1cdc2d1b18d44a8d388db51,6,701.1319402242307
0x7c2f872d205c99c5656f73e9a92602a16efc36f7,1,500.0
0xefec181d63c642387ea5cc296616a1bba27fb813,2,6000.0
0x944ff0aa18acdb3241e49087277bc592eaeb2ba0,17,245030.11911186803
0x8a34cff606a679f212ce3cf0b44213534f0c5b1b,2,3172.0
0x58007cec94ad6058edc60045cb386b7dbeecad97,1,20.0
0xcc6f938161e6d147c9e0494cb6ec109cf41d0d5c,8,13220.0
0xd593dc7118117ff7cdb0e908edb48e9af3725e94,1,300.0
0x510c449866c85d82da9f8c876f9eb2a2bfe14a8d,3,472.0
0x6d7f93cd4686381031eb4b8a9f102a2ffe1bb8a2,4,10723.0
0x3633c68a365001255adb465691da4de4256287e8,1,100.0
0x3c475f63a2cbfef39090866a2ec2cdc3966fc1f2,1,20.0
0x6b11fc00d988b9d9060f3acf821c222315054fdb,23,23451.0
0x4f5d3060aa3486a013ff8c62b712610e29680507,58,368625.0
0x745affdf11a315c06dc68aa49c6d6dcf506842df,45,185125.0
0xdc6c86578b45e2e413121ecfadf715496648337a,25,45938.01
0xb5671499b41e229aa257d271f1a6fe53ec635219,3,636.0
0x7bbdab9d515b520a06fd4266841d4dd28966b7c5,17,92400.0
0x02f7a4fe07215f034d6643afdcc9e8cd0e11c102,5,113962.0
0x7922571dce69319c124320139e0902d2e1f7db9d,1,600.0
0x9932990eff5c7337904c71617d04a457c15ff393,1,2500.0
0x922500fb92944db14c3a7197af84a22e3076f5f7,2,9000.0
0x55c3823e9feb8114fc9a245bbfc37c6898463c96,4,885.0
0x531050e66a2bb4b133a9e06951292e092b6d8aef,13,513000.0
0x0b343f24fe890626062c4a08d11bc4c4910402b3,5,621.0
0x252e32d5b85429a5af133119c6f36edf2c0ccd32,4,500.0
0x80994241773f8860743c0239d90d5b9527f3e1c4,1,21.0
0xda4488e6b92973e33c31712a2ebc9f9739940506,1,20.0
0xdcddf9e233bb6334fb511194ec426152595e55a3,8,19500.0
0x0b0776e71c7413616956d463e11d6f4ef7064f73,29,269700.0
0x121df196baf78d20c7a9fa217466421664033164,2,100.0
0x6c83c30ef6509cb92aff0585acac5c7c43fb482c,1,3000.0
0x19846b10804cacf9e657678ea1e8302d09cc9c55,3,7100.0
0xb7a54b9671156f0cbf9a3d0bffc27ac9369f9b6a,2,22000.0
0xe066d442f76b03e63fb41e79926a114d6884d3a1,21,1274000.0
0xff8756931f076e9e9f845b36d4d4ea19b6999422,1,2000.0
0xf4198ab4840971ee3df8a54fd9d85c3dfb35d6ff,1,20.0
0x448ac4e6ed447471f892e828f1e1b2624fd6122b,5,422.0
0x18ca6df3bc64f53c9c5d8309d682b4393dedfd95,1,48.0
0x24a8349db834f2ac4e31b8bdeccc8fb1ed970914,1,100.0
0x403c0f09583576e14c1f1ea89f6128350d42a393,3,3150.0
0x3776870109a99066643a337026b90274c30eee1e,22,21255.0
0x45db0c5c898139f1d7aaa79283fbae4ec8d06113,1,326.0
0x6272f49d39b43e91fa2c95e00560095539d8570f,1,20.0
0xf198dee85139242edf896f3b80a67342ea22e590,5,4300.0
0x3cfde224c71d198d75bca8dd896b9571721edf67,23,328016.4556873589
0xc4cc9b5af22099d11f43c1ea12d0f5163511c420,7,157500.0
0x5c246b19e65e6847009cb98c7ff15d1bfc0a6ebe,1,450.0
0xa3fb7acf6d90ff98d5cec698c3ade4ea6824c066,3,28500.0
0x20e399803707413c1fb661d1e0574036f67d81b3,2,150.0
0xb42ec8856e029e6741b53307bd8859f7d477661d,1,20.0
0x9c669eac53507edc6c76f3aeee412cb7c3f4cc7c,2,6500.0
0xb0385b7dc6d44b07e5b077cfc7cf767c4947ca17,21,1244868.0
0x873df6087204dd2e6152596233d2ec81cb015eff,1,20.0
0xb043a9c8a69b82bc523bca2dd58ea7a2d5f12dc3,12,1964.6100000000001
0x143311138cff77234dc01fa6d0cbf821b71c2704,1,50.0
0x1368810ba111820a62b18df18f31f2a2040d2b3e,1,30.0
0xf3d8a3c16dc915279700682c6d336a73e91eaa57,1,20.0
0x045e47bf8371dd63f57a881ddad0d19cdd37cf33,4,80173.0
0x0c1cfb010a9f9230b42fbc706c7f511004e38421,1,20.0
0x3ebe8c4cb288a042ff37546408f69d0d930e2e81,2,235.0
0x4a858ec61cb85ff27a2439180c18d2e34218ce30,2,4000.0
0xcd1fa9bf1fa4ceca6999cf60d99ddb239c842da2,3,2547.8084
0x09c443fcc6d84fa420329953fe33f8c9c5307166,2,9000.0
0x58b3760eea695ab7f3e2fcc5f6c15f62e980ebc0,1,105.0
0x786171b80eb5aa1457fcfea6ab1edc990f821a03,3,1625.0
0x2997874a8e0640f610847c2d046e279b0eba3a58,2,21.0
0x72b99a33a6352f06f1547a0a97a9f23c742b9b99,12,187937.53425255
0xa02598f8eb10813b64d887d4cb71f8a952b88e87,1,20.0
0x6b8e19ba4bd3d3d23d47ff0918d6c391122ddf88,2,100.0
0x5e510c4bebd7fd8a56d0a57d962f756aa48a6df2,16,1569.7243330710482
0x595dcc9b9f37e7393d9cfc14fed69f41c22760ae,2,643.0
0xad81860b5893c3cf10cbe61ecec829bf22c1d621,86,2199020.8469459116
0x5cc55cbb24321a574021b1b5e22f02a1217daadc,1,32.0
0x69314e8f27a26b22c9d2e13d15b2a56f947f4473,3,1700.0
0xcf77d777f37a099b2b7c81e033d6c7180f4468c8,2,480.0
0xd31713fbe6eeb33db0cbdcf80c3a3800b1b7c404,4,145.0
0xff52529a4a31c1c67c6ef859668c8e2db8d7971e,4,13000.0
0xec18487c135af2f079fea42abacca409526ffe3b,3,15030.0
0xfeac2113e57baf8ea3bf8d3172c854240eb5b10f,1,7500.0
0x94b2e826c9af13865430d14bb710268363c1c421,7,1113135.0
0x900c2566921aebf22bfd2f3958f6ce43aa3f4693,3,14000.0
0x255976f73892c22a515e3c18fa7822faf153badb,4,48100.0
0xbaf1f3db1bb348eaff7570dee0f13f1aab7ed04c,1,100.0
0x63f9e6196e2c99f667fe9e5d4890284511fa392e,5,8000.0
0x714553df797470d699d84259ab65f8b7d8582d9d,1,100.0
0x2ee44e65058a15339f6a5018c7dae9979812253c,1,700.0
0x6961396242c20f5780008e37149e114b1d986738,1,60.0
0xfbe4b85aa257c2f002239ba788841671d33469a4,5,30500.0
0xbe25b749557313cd7c3edf50f00987ae9c431f0f,5,137000.0
0xc0b95ffd82c9ee9faca9e1ad0edd1f99e2e79556,1,100.0
0xab4fc658d2a501d2e046f44484d35c56ddaaee13,1,20.0
0x2568fde6ab70a1d2c0b126e105e9fc4578fa5029,5,7435.0
0x55c561f40ea4aa13ac86b192d48dbb9afdb99368,2,1400.0
0xb8d0b674fe6c6028f55fdb5d3907310c390b51cb,1,3000.0
0x911f34617cf3e3b881577b50382f44bcc7a19a88,2,51.52270296313022
0x0cb030c245d016b88b1f98e5be6dab7f90a94553,1,650.0
0xacaa3b7b810483627c6322358bed6a28af09760c,1,400.0
0x2b7a118dab2147f4c2cfea975cee475616bfc0db,2,87.0
0xb98d4bcd3506790240b48b3391bbdedee33ecaeb,3,27500.0
0x8fac6b1a9da512a799d4d884f817616410d8b3d4,2,4000.0
0xf0eb12877087607d0afb5b92a4dfdeb9a23b7226,20,454119.9160724
0x16cc39752e5627a22c6c1d4bcd9c178a83ec8ea5,11,803901.0
0xaffc526ec56334748a4163b31360549843df10ad,1,100.0
0x1185e6e61bf688c2e47af832c32668ff271a23c6,2,3000.0
0x61d56839ff44a6917dacba21fd7f8155da9cd557,1,46.0
0x501a2396a21e46258efdb39ed819f301e68b872b,1,150.0
0x12bee4b94cf8911d4dea448392f86c901a1cd00f,11,258000.0
0xd4fb1265f219a3d8a804feea930f16769e9e968f,17,47275.0
0xdb9ea17935624d403c2ed339430c080cd93c6218,6,690.0
0x1b7e14cefb2334749cbbf3edfbecde6ca2bb2d81,13,473000.0
0x8d701f8725d86cc7753de2d12f69a4be5c3c68ae,1,200.0
0xd8f8a16d5ee636e716e34f99a1329ab3adfa2047,7,10700.0
0xe6bb62e82a619a4debec9f0e270fa09268d7cb9a,2,140.0
0xeaf5f1490715297bf3514dc78392862054bd8dc9,4,2000.0
0x4246ecc4e7de4bc2f8322b11e791390de54d012e,21,884600.0
0x81a4db7fa3250fb1bc10dc1480b090106848e07d,11,53400.0
0xc4f909e147ab9e264d562b0ad3d4c536074693bf,2,1020.0
0x9d708d990584f88a50eb50cc57756697ab0419a7,9,166000.0
0x15a67ec8ed92c24c25ba4236fe91139b94c43f58,3,130000.0
0x029e8f697fa3f993490e29235b4831093ef98d40,19,453879.0
0xec2ce082c2f78f24776d3c8eb5fe1b69772aa296,3,90.0
0x9dfe1c20d8118557bf441dc43c7a3add52a6b44a,5,16917.0
0xdba415bf7e3470997bcf9b25d7b0d32322d2068a,4,233310.0
0x01542bed280c5ac7186d8de7b78ec334e193ebba,1,3689.932
0xf27eaba29f5936202dcc920c17f0b96e6d7ac4c9,1,6005.853531114012
0x87a70fdb2d9259f0911de6f37ea2965056488102,1,1000.0
0xa42bef445b32e2f2c7797fcab37b0344ed1c95b7,1,20.0
0xc8b42e4610220203843524e74e96922fa5b50d7f,1,100.0
0x9a991f202a480973816efe51c6efb6ec79199216,2,85000.0
0xb89f12ec7964c847c231fcbe5ab43ec1ef38bf02,6,2000.0
0x36756dc7b57f2498853cbedb5286de2aa1c20dcf,2,6000.0
0x097a91a7498adf9613c3df527bdd539473f0d7e4,1,30.0
0x9f0a665d952c838b75774c626772a6cbb3532225,4,865.08172128
0x6f194b0126250563d52a657b93651720241546fa,12,266500.0
0x61c73dc4bbb0037d728125fb693d218c2b200303,1,20.0
0x76eaa166df3db33efaa2894429ba4ab404ab5ac1,1,300.94569814442235
0x14265c96af2b890f4dd8ec4262f6786c0da3c740,1,400.0
0xbfc3b78ee209a49a38cc2c9a688b5ee42f748a8f,24,8157.117094056631
0xd4ca456bbf43940c5007ea4f64a1954ca5336bff,1,20.0
0xd7b8caad2338078ed744dde3a03fa9a26f944e6e,2,2100.0
0x65b99869cf0c6f8850b8e0f3cd99b08123fb1f38,1,25.0
0xd834a3451cb870a32718b79bb5c01dd6d667e352,1,25.0
0xafe85cb23d64f4506437c134de7171ba056f27f5,1,1020.0
0xcce58581ef820290546ac0323a9dd383a03681e8,5,2608.366739841871
0x8433e84ab8088d341b475919ffe1cc60b8b8dd77,4,60000.0
0x5cdeb9120d23b3ab14b0b372052200b8e385c394,1,500.0
0x04eb66223abf426fa97860390c801a028c832168,5,575000.0
0x04a71414fff95b92d176de18e35a9ba6dd488a04,3,52000.0
0xdddc2da93d18eeb714565b154a5d4ea95d0579fe,8,20050.0
0x9ecabb7404574f4e44e97197f1cd18175d05f42e,11,180500.0
0x4b86a3318aebd318c5a468f40e1668e224d7c44c,1,1500.0
0xfc91736b4be8eac91eaace39f97d2cd41eaf2429,22,6041030.0
0x15047afbe29610867ded0cae5248ba05e341919b,1,10000.0
0xddc5e25fb24425f09efa5347ff0828ee7897aa1b,2,450.0
0x985770c3ef733efcf270e056ebcc9ddd174b9298,1,25.0
0x844a38ff408c7e263f23b6006fe0df6efcf16be6,1,4000.0
0x619b5ec666109f8bc3a6d7ea98bcec23e3297730,6,188874.0
0x67af00b44e2ccda6a31ccdd357668424502de02d,2,2000.0
0x51ad4249f16f6b530768a06ebad0dfadd2cf9a3a,1,229.0
0x717afc4c278ae0e7adcc4777cbefc9f8fd1fb581,3,7000.0
0x96ec8f55e648d5ba52fe7cdc9b8f2bfa885c9a2d,16,5220000.0
0xf95bd1eff93d652df416e159f7d13070fadd701e,1,100.0
0x3a4847cb4d272ba37d8a4e7d6f224c13ac99aeee,2,270000.0
0x1d66d2e53bf89845de83e196e36dc39572966457,2,32000.0
0xd7da75b82d94410278a1f89d4cc3914923e4c6a7,17,331000.0
0xddebfff7d5c7994f0d2941b419ce0a10ba2ac013,1,50.0
0x4f10bcdb4cc597ae7fc45f073134796489a32a62,3,25035.0
0xaccfd15bfa0ff17e7caf7f47b6447c2746c5d50c,6,2550.0
0x294336708244f3cdf0c84df89aad38e2888d928c,5,190000.0
0x0d4e5e48b527828d41393c946308be1d59a42e1d,3,4100.0
0x8b2113cec5fed5e2968852c93a33884f47431441,1,585.0
0x5ee1d89066a3eb559bdd02466bc650d7f448f5a2,1,300.0
0x247f56f26345f3b07ffb9ce576f71e0ae5a5fc2e,3,9100.0
0x77fd5d21f11976139874c19dbcd46d793dac2157,2,3700.0
0x75165d2b1716a2f9cf0ae258ed5f4d13d464d693,1,21.0
0x7733f7e91ff7291e5a06ddf25f02b9eb9784beab,1,23.0
0x7e079d7b3b4f406689be4d9174f87ce9595e283a,1,150.0
0xcb0aacfb4cc74236f42e68cd8bc8220c44f3d8db,17,328000.0
0x436932b7b4dc736544aca44c1159dba660333f86,1,40000.0
0xf33e01d1c93006030d04861835d8503b10e67ae7,2,1850.0
0x199b588522962ff4e73c2909529666aa21e54d9a,2,2500.0
0xdc9835fd9ce1c86c9e13e69b5b0902f48ce4e9c9,1,40.0
0x092fb6401ec70d5920eefed54fd2b2e132241bf2,3,10000.0
0x8ec9ba9e82e418a1128be903af44ae318f1159bb,8,90000.0
0xf7b0e1a747a7d4d9793802876689edf3b1adcfce,1,5000.0
0x86ab63990962343ab2ade6cff7e2cbead4a14ca7,2,6500.0
0x9a0cad105332c512137dc8fca68dedf8a7e3320d,1,50.0
0xcc67134832ea11e704df8420ff4f91d63d866893,5,42000.0
0xc795a41e27dd8e8570bfd99a45623d67244fdde5,6,36000.0
0xd1a5506328126d76228748620a1445dca9100b84,1,600.0
0x5175d34fd27e8e2de47faf63723cd7eb041e7d4d,10,29880.0
0xde639e60dabcbb40a02ea452e4aeaf3f4b3f0a0d,2,2400.0
0x3428471f1d21fdc3abfebacc002254d6eb417e1b,2,100.0
0x81a8b458c0e0e51896720b01c513b9c943df5af3,1,21.0
0xf3a27a391c931f914b8649b7f9dca0254c3af88d,1,100.0
0xc98590e54016e018a699d5271c056c86b93431f2,2,5050.0
0xb642d7193f907eef8baa49e426258689a26920ff,1,20.0
0x5229859f27f677527c9fd35e872649f19b564b96,5,1591.0
0xc439a31cb0d0ba91cffa175d849872e6b0cdd411,8,44475.16879299
0x080cd8e538d6793c90e07ce64aa277ff0240d790,2,13000.0
0x506e71d2b3040c09ba814ff6e8475bed84487906,1,60.0
0x8653b344b9d1410e93a3eb1a50d70349adb19082,1,4000.0
0x02ebf19b9c1b2e333f7163c79d6bfc0baa7a33e9,3,4350.0
0x757beacb067710e60a3e3fbbbaf488793e16d310,6,8321.0
0x885199ec61d76a4c0f6ddf7fab0bc311f06ef00c,2,1048.053538231603
0xfe2404a12c6dfe5c18c6fd054fce7acc9f42d1cb,1,20.0
0x87ef956c92ac636a2120f2f7ab6fe2064ef28d5f,3,377.0
0x705992811e3b8c37681de9241ddf1e56cbe769d7,6,540.0
0x4ddf5f15ac95e97e9fa844c0b7f5c117fdae95c7,15,2564400.0
0x4300992a1b74c4f34c1bf4a6f5810e6be59ce896,2,170000.0
0xbd552bf062540f35d3b41f954b5ef2904751bed3,1,10000.0
0x0491331f730e7d10578b513688669c6b615dd70b,4,41550.0
0x74f7a51d11ae2e409b80742f9f4ed32ed46da0c7,25,396100.0
0x2f41919f30cf040fdd2fb11542d1dc3a03ea5209,1,25.0
0x9f75622fe504617c0a044706dd65a3021c2b3789,7,235000.0
0x9d73c8c0d8d8f8c859d95cf25d08894e94d95ac0,6,17000.0
0x295b484dfe9ccdc8db8384e135a6d3257e3025ef,5,140000.0
0xd9b1ea4708318a78e200a9f79ea1937b7ec2e805,1,20.0
0xaafee9483513fd6f55598ebab6f2a93c144df533,2,9000.0
0xc8bbad00555c8680821aa7506652a31666891d50,43,9710021.61937882
0x5c8c2b514938a900f07dbc5e562b65a7521e5f20,3,3557.0
0xcabb496cd6282dff35697efb0d4080ac11280d28,4,14350.0
0xb3066b4111dad8d1ea81f533bd9cabe4703b7f13,1,20.0
0xbc0eca73512e90e66e794df6b2788dbe14ec7526,1,52.5
0xaca69aceb2e9031ce35f42131fa7b638a89c2682,14,701888.0
0x7567db372b7256bf1fa4c0f8890f9c7f0947c440,1,20.0
0x3c761ce30c16f1805752e746fa70b1513a441aa7,1,5000.0
0x3c6c8fbcc9c519b5b0c6d4a55d9680220d44eb5e,16,20450.0
0x22207269ab0f00e80747bbf1eae2efe34a33ba8a,24,1000519.9541184499
0x1ff79b16097aabda3a252aa6fbb1e3c0351589fc,2,1740.0
0x310a21f7081003e4e503f30f4c591bc5eb35732b,8,2041.5608883300001
0x0f3da0455ef20bb840fe5067986ca23c5107c20b,7,12200.0
0xfc87b79e65ed263cddccda69c8d186c9da871aaa,5,4700.0
0xa58caf712228f87b9a61b64b5fa8940318e716d8,5,60000.0
0x91dcf4b32b05ff2441154ea4ae5e379b5d258ae6,2,493.0
0x26862238cc7059bbabe231fd072ea78ec0c50316,3,45000.0
0x9fe309791fc72efc26cf2ec3a598950f1b981eee,1,350.0
0xdc4a39b9c57e2738dc0d59667b442902a5e51cfc,1,575.0
0x8721325f587e38d3fcb329a4d96efad17f7b7266,5,29400.0
0x8ea963b363ad995cc97a3a8903b344b5f8ec5ca3,1,1100.0
0xa21f3fd66fcd827819b993f5bb04e5d9328705c7,6,1449.0
0xf5708932c79d7372727bf08b09223768c0d4929c,9,358470.0
0x0b0b0731df0c07b4cc612b1a9cfb05d2c3e757c4,3,36000.0
0x02e577e5c8d9a998e4d3bae3a017fa7d643a9aef,18,37281.0
0x509cde59a75def02a9054eed683bc7eba5d915b6,1,25000.0
0x6cd7d775566ca2bdfea1c528977716b032847f21,3,57000.0
0xb2f597401e54828e458fd45deb52052b9402686f,2,124000.0
0x018804f1f4212acaa4a3939db3b62fa06096fbb3,126,12133585.079430891
0x6253207cddb0741ed0599c2f040086325bcf7ab6,6,19577.0
0x668efedcd7edec8c71f066f9afbb75356ba23bec,1,2906.75123283
0x93116f0f8ae4fbf1bbec3a1baa9a17947988aaea,13,514597.6630179603
0x9de8dd7edd8330c85503ea692bd1a9913630f3c7,1,2420.0
0xfbc029b89c81e59ddce2d5f201befa1acecd7f5a,13,57200.0
0xad8ec7d7378ba0249e2364bd8fb8a04177dd4736,39,3895800.0
0x9c1e5479e1e54d016f7db35c4ec2adac8ca9b364,1,5380.87
0x6201aaeb5dafde99928ad3e5a4ae51aa61e7011e,2,16374.915931480002
0x4dca2778a4ad5d172bc35ca349490115f72c2438,1,20.0
0xcf2959668571b89d41d63b7bef14155242ca69b1,2,520.0
0x8ef828db689a21cb51a0f6d982732001ee41d874,51,158130.0
0xe5871384201679bde1d43b9985a42ba5af652388,4,2330.0
0x73628845bba8bbec0bc316c1563b426539cf0532,1,20.0
0x7ba2dd87ff90f4d8b40e4a928b02b0a74edd9533,1,20.0
0x2490c04cebe932a0b4ad4dc9244d73bda1151578,1,900.0
0x60a1a45ac0b84c389195ed919a534320d811218e,3,1820.0
0x3a7d90d9ac6f6b5e71e9189d80ecfdad320e5144,3,50.0
0xd3bbd9f456353dea1027cd6bd05a4844f4df7861,1,20.0
0x6af7b44811653f403be7c8b29089a927369d11b2,4,1620.0
0x6f2738954d499057f5fc832ea5ba5bc53c58bfce,1,4000.0
0xd2a6e86e1084238e1c045eecdea0c6ba281d8b51,1,4865.318972
0x656c21dcf7dd548c6f96400332fee24235991d33,1,100.0
0x1d94c58b91f615a69423c43ad13e2d9f1e2a79ce,4,7700.0
0xae722fd98e1a2ab9f62956ded154fef5b9c43b50,29,914199.0
0x3e04b623f8e33153464ebc91763987e259099b4b,19,43570.0
0xf1b13b2232c13bd2c36a9cfb009c82e5aa4d16b6,2,2440.0
0xf8436ac77f734d598a6bb37c77c864fad7f1ca1a,1,20.0
0xe8ef6fc53de6d9d076243ae573060c2b3179906a,20,29650.0
0x09cb4333c5c70eae1e7c6e13859e279341deca11,7,245000.0
0x64b0031b0eeeefc60c647746724635bc699b07a4,6,47000.0
0xf0bdee1d2006d930e854a7be890db0c9540be7aa,1,1600.0
0x47c9ce9da1647628449ee64d05519e9c4812014d,17,179169.13475902
0xe3f5642dc3c96b35e99a27b1696198d9e1454cee,1,20.0
0x88725ce34ab8aa74d223ec3bead85a1cfad4424b,7,55000.0
0xc780786e9ea9ad0ae3fbe306b84db474d3ae855e,10,5320.21
0xba8a8216cb01624a248914a386fd8ef9237c8ff3,5,10650.0
0xc2bc3f0228e8d61a8425d29bf52307bfc18e656c,14,65402.0
0x9f92171f5fa0c824f55550e0ac0206f58350b664,1,20.0
0xc5a9bacad4cca454863bb012fac3022062191003,1,20000.0
0xebdef5afac274d8c324bfe6fff7c2c9e75a13d5b,5,3963.0
0x2b4d49a17a1c8ec72f34040e226fee70ae5292c1,7,156385.2
0x578b41c2586ccf76c9ca8c7398fe70b6971eeb34,2,10000.0
0x6de71876273239f60ebd8a42aa134cbd94b53545,1,800.0
0xe5fb2b75e2717b6b28226a981610e746de119331,1,100.0
0x0672e29110b66cce77277285266f4d50f5503833,6,118942.0
0x7e5dd24255fe7d94b8ddd31bba837b717368f1f8,36,97629428.0
0xefb3b0fa6f7fd232735084a779bc5652b5dddef3,1,20.0
0x9398ac30aa8b9a91a86afebd4f7825ef45201eb5,1,55.0
0x4a672a16def4baa3907bbf6f43c868297b111e5b,13,121841.792
0x6360f067f9cb86ec8541706877adb01305be0283,1,10000.0
0x2cd20333e5b175229cab9f65fc16c710003dbaf3,1,195.11
0x0b7cfbcef9e86b0eaa8e024d09b5a3c72c60f8f7,1,39.55
0x295856fb87d84b0a31a0f9d56c04e9dafa1aca3d,2,2500.0
0x2153a57a16a7a8c4c42161284f8472ecc1e28112,2,27000.0
0x9b8fa36f87d9a33113501a893a6464c1115fc095,1,97.863438332
0xf20e54ca65afe790c9dde34064e9f6f2dbb0db07,4,142000.0
0xc3cf66564927ff1727daec9cc176ace53168c9d2,1,6500.0
0xf40c146e8e4f6adea744a6d178a84bed6496bb95,13,37650.32756861619
0xefe838f1e1490013922cdbe6207e42cb42f407db,1,4000.0
0x0acfff2f66204970baa99456b2ccee9a8c8a2359,2,400.0
0x8999db9bbd74ec0c0e95b7da49794c6fa60d220b,1,5000.0
0x6c7b2b2152a06024d0986ae6a3300929b17c949d,8,54000.0
0x0558903fc4bc334985f551b4c17902ec18bbe718,13,345745.73
0x4624fddaf760f6b1a80f47c84f1b645c5408824a,1,60000.0
0x185975ae91c34a5d1ffadf74640d19935f2ae423,5,70000.0
0x193bb6c3ae18e0bb537663c9f9772ac60adaa527,7,75000.0
0xa64fe6abd306e936f6c047e4427de93f16840eb0,10,31643.06360087375
0x069d90f3277ef917e32b92b1bac9ddb1c1d31f71,9,141000.0
0xe467abcfea7b85524e03c96afefd3c233c37c1fc,11,732000.0
0xefb0b838c4abb639f804e3d15b3e4bbc3d558b58,4,20270.0
0xc664a48268136b5044a159c636a32e3f7672c9ca,2,133000.0
0xf03b4889714ebf16ad3153340cd21205a90059b0,1,20000.0
0x8386785e969b316579001d8dadcf4eb535a1cfd2,10,187000.0
0x5479a3af6fdfacc28dbf938c38a9376559333a31,2,10105.0023732
0x48d22f4516700f2f85d58770ba64fb137b62d2af,1,20.0
0x3eef5d77d719da0d41669bd2a2e462c50e5da46b,22,65791.93292708845
0xb340c21d9178fbb7ea97c92bac742cf748b4ac44,1,18000.0
0x1017161a190938c39ff9ebb823daa1cc8e90396a,3,32.0
0xcdecfbc12d0e813a60fcda0c444d8f307bde1e98,13,64470.39243547
0xb5dcaadfb5ae18dd5bc95b239200e26827a4ce56,1,100.0
0x055703632055c0687cc789536ef5e437493720cf,12,28660.079578980665
0x2366c57f96e6451b8e313e9568bfbfc890264ef9,2,12092.9102807952
0x34a59a9d56ca2eb6c25162663c242c698885a089,1,2000.0
0x28f8ad2fa8068e2788cfaa321e285042e49842f2,1,1000.0
0x6017be8b69314e5f2ea08adc06068336a5cf9810,1,50000.0
0x94945a8790f2cf2a28be67b52e27209b05a7c213,1,50.0
0xfd5dcb876128a13d2bfa8dbcc28c0e769aba1e79,47,179344.634829133
0x6def0a4d9c77eca1873679d876af361a23e2b098,9,461675.9
0x770f69e2ec59cfea6c4aba8f3f3845d493e37979,12,1260245.0
0x1224da60c3753099b3a9d1677d5582685f2bef74,5,350000.0
0x37dd7d9299e8cc088d2155dc6da6e31b13da517b,16,2879579.5371313863
0x7a066a796116623edc847d920b7ea1300857804d,13,75000.0
0x035b0974d160e8039c7825091c5cee092c0b312b,3,530.0
0x229649c13614fdf74cbba60e8f05ef12ea8b2358,32,75230.54758626522
0xeccafbc0e39ed11a141c97018dcd29821fbf0304,5,31000.0
0x2d77ea0a536aa4fcc52c43baec94ada2576f17e8,1,30.0
0x1815937f762d3532abf701fce42d8b8f03150855,4,32000.0
0xa4d3fd2232457923deb0be82e6bb0229b8346d5f,1,616.0
0xac649db7cb3a8d849abc33083f98a99c38a2da85,124,2410580.3365373686
0x4917bdca19526bb2e0fc5b322ce34e6ea4df42f1,1,5000.0
0x65a31612411465918afc81d5665a424cf4d5c3e4,6,146000.0
0x3e53255d2ea81fd087a69f7579588bd01a15dcca,8,1093000.0
0x1cfda4a3fd98e83f68810b0a7abe9068e45d3ea3,92,2716548.8698147703
0x48b1c36d6098c240566e789f31c20854a8d45224,1,21000.0
0xdb83a807b328aa12796fc254998571853f78bcb3,1,3377.48807847
0xd392fed5e1120d77181d3d0a4e3a9abed08fa310,2,40000.0
0x081a253d9ecb251468b779829675b5428ad4aac9,3,5550.0
0xffe25d3c90c12098e153fab6fcd6696a474fad73,5,7079.70801958
0xf88668d94d59a33c2f7ef25af093d48bf38a0819,11,783424.0
0xb24ef7d61526baa70adaa6cb9026ac455aaf647c,4,1025.0
0xcf7482b83d14de8d988c386fafe3307f59e38aa5,2,2150.0
0x0dc38d5e04f22a2dbebb51653c905da2bb92003d,6,14700.0
0x3b1479915dd4454fae7b39dbc28e4283c83f9bd9,42,7292367.82565744
0x9d02a32da2b6c02f2fa3dc11f6c2a1d171e51eca,2,850.0
0xe2cc71e04512f6e8a9bf887a84eb3660aa81e9e2,4,2730000.0
0x22da0963b03f57cf52e3f5b0020924d551c91e0b,4,10002.0
0x2be6a9f524df3b9be6f52483358b694fec4adcac,3,5000.0
0xccc19577e9bd0861fdedd2913e0d636406aab39b,2,90000.0
0x7195530d25f8b561d8ea45f4ec404bf39d5f16ad,14,98602.0
0x5682c1a3fe935937fe9ff9a18b7e93490cb706b2,6,12405.622593219
0x7fbcb3f1a0efd5e665b6d4cba5cdf76bebe88133,1,1000.0
0x4139f029fb7d1ce28554e5a23825bbc0c884d3d4,4,5475.0
0x88b16f947988e8b99a1474a09b9162bd70a6519b,1,400.0
0x5edb24360e3cc98e4d7e1f87af2c209a2cadcaab,2,2912.50398791
0xc615e4aca0d7586ff3f7ec48c7d27c8aa4248348,3,3500.0
0x50fc25221e27e969d21663e2bb8bbd8f83fcbe85,7,40800.0
0x9a7468ea26175e4a2fb6b33ed3b6b53e39214a2e,14,75386.67381366628
0x5956d40c925c77f2ee1fe0322a6cc04fe75e531a,7,1860000.0
0xc1347420c458bee502142ca5c961193266b0be57,1,250.0
0xd7481a6f1d10376571400f742507b7f587549804,13,78000.0
0xdde885964cdc4f2b700eb06831b899d0f5293c56,3,1800.0
0x985242433bbfd719b95f74b51e176140f0f96f9c,29,233417.71441857
0x453d05768956bf74ff2f21e8e0201247703baaf0,3,26000.0
0x4014ad9b49ed6471f87f088e44d154a24d4bc11c,2,30.0
0x1f30a164798b75baca807c39332f001c368548cf,2,160.0
0xde88dbd3936dc3513286bac18f814f91ee684fa8,6,20000.0
0x333f7d53d7604b11e91914db8344460f8ccd5470,2,120100.0
0x910b58cb24f68dade7ab8217db0beb4df50b8033,3,20000.0
0x4800df98c3a4725d5c69d414d26538a42e1d4362,1,20.0
0xb91e8534ddb2dfc6ab9d65a1f63527a67be3f3cf,12,961505.0
0xc27a766334c03b5a68749c326640df378036b0c4,3,11680.0
0x0a74f15828d870625445d7bbb95bd2fb0555511a,20,37173.46375471
0xbcbc74fcc76a96cfa612466f581614a0f95486d1,3,1700.0
0x6b9feaa6cae59ee7f3ba9c40979ecb6689d0581b,7,4644.3512992
0xc21811837f636557f6d08fd2e861dbda29cf3ca6,2,1775.0
0x07f8293a9ca7320d4fcec1832102dd197b96636d,1,12300.0
0xb987fc40d09f324d73e784d2487370e636ba0a80,2,9600.0
0x59e82ce984a4f6a9241fdff166c0e575735d9a13,21,803200.0
0x05bc64151f7996285a0cde4c9dc4232a5ccf647c,1,14000.0
0x4ccb06d68f7680b9413100f1b5d944d3638e464a,1,100000.0
0x3b1e750a93e6c29ddd8b08165a3e7cb911f3663d,2,1500.0
0x20610d233dfdc9cb9b75fa413853441a6b847637,16,10990.0
0x0ca0edbd3a94279ead6f34d3c9043886798892c4,1,2000.0
0x906d20af47a543a9fe6456697551ef3d430ccf99,1,7000.0
0xb769c135c10f0c601bb19f8cf6890dc53d654dff,9,251158.36815407
0x881f5edcdaad462ee45d06f7989562db175e7903,1,70.0
0x4af696ef5684a5373826db070202fe6b0e44f5db,1,750.0
0xef46936de4c1f88bbf52f54a3e5eb3919fb5f1c6,1,600.0
0x54badf1477fedb040b8f87439e52ebd5725a3d88,3,15000.0
0xa85e76a2e88dc31260d2d7d495a1a746c2b68467,2,4000.0
0x9422b82fcbfa2142f136ffd8025047e74a59835b,5,669.4919549896656
0xafcec6165974e97cb06d2c8bf1b47789a352666d,18,546024.5
0x159f3976eb5058e7b1b0cd3a987549d651d2c07f,7,749.16
0x25ee416fd3f881208a43d21e8a06d634d54de401,1,100.0
0x3ac5bf102f265c8df9b4e9ed2d4286a6af6b63f7,49,4657500.0
0xd1c04fdffb28cd71832369e7d7917b21d90dc4d4,2,546.0
0x4ec8b26e179186c31a3b5ded910bdd5fe8fd18a9,6,1200000.0
0x814d67150c3c575a9d313d6d2f5b9e6bd277006b,44,684601.0046886387
0x58ab308f859901efd936d5a7835d36ad63f84f30,1,4000.0
0xa7f0d395b08bad04dde75a7a0f9f1260265fd89e,7,22250.0
0xb20f7e76e987df763c84bc8a3524385db0d88b71,9,185500.0
0x6f5a924ad0206517890b2fe3677364e460316e47,8,19581.264767093457
0xbfa8030d27c48ca056b9416cd62996673745302d,1,40.0
0xc52eaedf3626e5bb2cabbe0524fbedc84993de58,2,700.0
0xc7d03eb9aca827d02f8335c9b93951547802a48f,1,3000.0
0x0d63e155528309495261740dedb9f7d8f26308d9,1,20.0
0x74727063edbbfe0d8875ee39b1499d59d4d5726a,1,200.0
0x1c2d93913fb657440dffa798af00e84a22fd6bc9,13,104810.0
0x1991faca66ebf8b9642cb1d0789214fe33de9814,3,5600.0
0x48130d91b6b6f5ab6e60ec4ceb96f9f310977856,1,800.0
0x12692d8a82034e5fb9e2070e00f424bda0a74dfa,4,1997.0
0x5349474afd331a9eaa751684450df3c692f43387,7,117249.0
0x25b02e25eae2ba41e380dcb5c7232c9da4c2c0f0,3,51000.0
0x291f60fb00a9d30157e5fcda1b2273d5603afbde,8,57300.0
0xc984a6a8433a6cc2a77cc1cc8fde5ea1bd6fd186,7,17810.0
0x17096954c1c4d488c87d9391d30fc15c7c21ea6e,13,43000.0
0xa9d476fec0a90af934eaaf893455f10b3513fc0f,1,20.0
0x7fd482178dc714a1e7203eac67d31bf3398173bf,1,20.0
0x6e93f5d03b23264f9bbc3e53911402bdb82636be,2,130000.0
0x475ceb57196e99075c3ab96bc444cb313d7dbecf,5,34500.0
0xbb705ce77769d37612497f495db0330fd39e1531,93,2713574.19
0x8287a3914f3701bbc57760cf88de2902c0bfd207,2,232000.0
0xe774d8eb6c175009a818515571ad6caf1146c3b8,1,100.0
0xdca4ddd8c8110336f62b96ddba6e0994fbbd1ffe,1,900.0
0x75bf646cb63ee6c167f58627e130a51ff867a5bf,11,16200.0
0x952d19c32e7a8feded89d5848812ba5520aefbf7,4,40000.0
0x4443ad9036b207f60a71e988db610d94eb683b03,15,183800.0
0x9bcbf6647f3d9b9ce5278d44db2c1a90054fc98e,2,21200.0
0x06fe11f58f738a955f7caf038ce60400525c8254,10,91000.0
0x484ce57dc3a3749b6252242a7fb308fe90fab3d1,3,150000.0
0xbc4ff31ee0efc5fbf511d89a4be9c0e1a4ac58ff,3,2950.0
0x434cd1e11a3f6253bd6942659f28bf651a07aef6,1,200.0
0xfe69bfd8215dc74d27a29a4d7691a346272b497c,4,200000.0
0x9aea737cc0cffc8543959083463077ada04b68f2,4,720.0
0xbdcf4cd256413a103f6611fdad30673f4da456b7,1,650.0
0xba8e66477b1814b1b448cfdc51419087531ac827,1,150.0
0xc08c54d5b35f1add1140cdd9211e81c04513ed17,1,1500.0
0x9b4117426a9d3baf48aed82dcaa3beaa9f06b252,13,317604.9189851293
0x2adf74c1e5395f9d76b62ab6966300f6e7d557a7,1,1000.0
0xfdaa23857d2cef593ae6cbd4ee2206dbf4fc5987,1,2000.0
0x7d973ec77b297c3a71e2aee6ff4b280bfa962ab3,1,5500.0
0x0da9db98e3178949abbe4144b751c8f376ccd6dc,1,30.0
0xf492c4b5a8f2a0c7203f968d807683cba4973a36,57,679403.87429451
0x0f3ba8dabe3a7fcc8a6001462a8fff4ad4cf561b,5,148500.0
0xdf365fc8957ab8f540a39a3705368d16fd1967bb,1,60.0
0xced13ebc80d508a8e73317390650af3eaf9a9af1,1,515.0
0xeaa43abde0a09212617261d759b94dfa49629cef,12,268400.0
0x961f5d92535ab6abb1c77a7727350359e5c3492b,1,15000.0
0xe232a27657d43962c04c3b858a233e4bdcf92249,1,1400.0
0x1fcaab3c7c236070476295c218761e010afb9ddf,2,142000.0
0x01d92624d8c4088fdc16b252894ae1d8349c5410,1,50.0
0x05a8a29ea8385182df1e79a8631c3c73f14ae555,1,60.0
0x9ea7013125a750774ee907b2d6319e0ce2272fac,11,31000.0
0xa9dc9824a11396c7a217bb62ec67756b03ac6474,4,69500.0
0x672beb718760580ae61861c78ab8ca0929f86c0d,1,2505.0
0x548db73d283166a866bfef392048411a53e7a0b6,2,185.0
0x57e22dc2f131c4a95bf675cdf030da6a45f66251,1,400.0
0xd8a2bf306aa2af894e0d1e7d2ca6b51459434efd,1,500.0
0xd8b62a372d1b2b80fd3eed20544847780fffdf63,1,20.0
0x99f83f553c0a2aefb5d19fcdbf87382c71f25d82,1,1100.0
0x27d32419112a8e8105044a5b2cd7d090fefd5b1a,14,751087.7044
0xff9acb2d4ccd08a22c08dc22576ac5aa2ef7c4c1,1,400.0
0xa2344ee6d98f4772754db1da078dbe5aed38d479,1,20.0
0x4f8331ee88193364369788c7bde635afc5d9febd,8,36274.0
0xae9bc1081a3daa7cdc826ffb09282c37fc226c9a,5,24439.0
0x46253b158ae6242e054fc7ce00330125d5bf7184,3,448000.0
0xca62d6d38c903b4994e5c2d79f243a68e330a744,1,47.0
0xf7f69e435549edcfdb10f31e05adea39badda74a,1,225.0
0x19bbb2e9429a145f11bd837858eb0051b38f1607,1,10000.0
0xfa9a9dd719a7ffffbd81e02e2195c60765ca6ac4,1,650000.0
0x804fb3e8ead8015c369f2e641c8fbef6ea440767,18,181600.0
0x2c9ac411a4baedb922fd6dd99dad2c7a7c2350bf,2,186.0
0x3c7cd2daea46fc896f130b2347f57ccd8434634c,8,34110.0
0x7eb94ca7fd9adab6a2fbb93b5c61848cee04ea13,3,69000.0
0x7e427b5d1af38e52f3fa5b7238f58514c9274426,3,94004.0
0xfa481b2d098ed2a16e7756b50d2d7864050b9547,4,925500.0
0x3140025a9d70acebb9e14e34d38c547b291038a0,3,25000.0
0x6795f06ba4d87fc779af9478b9614f7cf7773409,20,78880.81704543985
0xf2bdb6ca9be0e141185a24bb1c005798c6e52231,12,31328.475061290002
0xd03e094d99b63dcf45ecc9158fa75b796cf56119,6,720.0
0x0d082410681c969ea3a55f03bd0e1bead675f004,5,137000.0
0x3664fd6d976fb968cc922f4d0862b875b876cfdf,2,4297.49
0x6a4ce054764f020327de534b84611236d4f4ef1d,100,3267367.981813336
0x0785ec7916d81ac5f47fb994bb539cf331d0ff2a,1,20.0
0x1c57a1efc3a481451761a0f848ff84b2a9ff0cde,101,8453095.755302997
0x468e7aa34ca25986c7e46d6b78f1dfff0a8c8c02,6,48304.80139259898
0x16f97af0fc1e64b56d5497725c0f4beddbb13c7e,9,14261.664171612145
0xf76e7e3db64d81806795d98f47fd43fec71b5010,1,100.0
0xd9c494bca9ec8478a23e64917a45463466d1b227,4,59000.0
0x234c3b3854839f0c86624dc13bc3f811e0b92984,1,500.0
0x59c79a23c1bf6bf37c2afc26cd128a65c68a38d6,11,143600.0
0xf70245d11d2ba794b9fa5c42aa09f4c13115fe98,2,27060.99505782
0x254c0f540cffe493ca4b6be2a1e735830df0c2bf,2,300.0
0xd25853e12f4b20ae089ff9936c59680da4b35c04,2,3000.0
0x4a60273edc3fa3ad7b5f9a252350278854afcb77,1,787.72
0xf7bed409d78eeb54cfb9ba88e0d37e4285d22464,12,82435.52236280974
0x4dcc3b5723d3602d772947eae1163934e3a419fe,1,30.0
0x20ca53323905038d94661bb29fea81cc19203d00,32,922770.2286096534
0xe424eae995a114443bee264beefc3ee3295d7644,13,102325.0
0x15711a778d002aee0ad7c9b5d7d5bb3a057ea4b7,19,142279.59979014297
0xaad99616c3c95f62a01bca36b68534b7bce47221,3,29048.1339923441
0x7136612423970654e45e1377f5204bac3b049cac,14,707284.0
0x9bf4dbac7f2b3d3bf4a55c3069561437726d850d,2,100.0
0xb1a9566beeea33093df4348dd0806dbde4b1850f,2,125.0
0x8cbbb453c2147ba81cbee1e86af910eebabb753f,3,900.0
0xdc9c89f3ad6b786b65f62b3e2895bbaae897defd,1,1000.0
0x6234706970ec047b21a98f694bc72a862f2bb740,1,20.0
0xc1660b736e14731198a78be8b909332c1098fce4,1,60.0
0x20d6e51cdad9472b3cf2d10bdde70801b78a22b8,14,163000.0
0xcde40797ce1723625cfd68f381143aa717e6d69a,2,3700.0
0x932dcc0e4416a568390aba18a39a4b02ba96127a,2,100.0
0x4715a1b29bfbf33f903c212a08617e596521d0a9,1,25000.0
0x9aee4a1e593fdf66ddcfc988750c21f2929f5e24,9,45000.0
0xf4c7c03c0873e634e7020fff5996c207b7d02b58,1,26.0
0x022697b2f890a95014aa200349857785f35bc8ff,2,5000.0
0x60fadf2b1cecd6bbc97ace133204248e2447d0a3,1,100.0
0xdae50c7da12a0a7bc7820432df88b11ecc43e1e1,1,101.0
0xf6499ced702cd8417baac4d287a3fe03dbe8fed8,2,3500.0
0x8da066ba65c3f7e9c3286f93537722b55b1b0d2d,7,52000.0
0xb558f41a430bba0c10bece6f4757fcfe5430ea55,9,6580.0
0xc294b60c4556a0a8864f6b5836b1e3d2eb7042ed,82,564488.6908263302
0x2eea4051988e8a64277c22e0950a4a5ffb0b69a2,5,2320.0
0xf8c644f03c652524b3afadaed55e5ee1a5066de6,2,3300.0
0xc40bb734332fac5c7d1dbb4a765a1dc3358a8953,2,1050.0
0x0110242e24e6ce6cdd2ee29b4c46907a44e22b9e,1,300.0
0x94b8c4b96885b0695468e136bfda031b518bbd5e,1,20.88
0x95f8c41b3064dff811b547e9045daf4d90229ea7,1,20.0
0x67c5651e1c93ac9175eaae3416874a23cf03cbca,1,15000.0
0x58651dd70db1a7c4c318a5f32989e14d389fbe32,2,250.0
0xe858b36babb6ec1debe3dfd1d8921c63fc79f791,2,1100.0
0x359d0e70d885f059511e32858fa87b19ea7ad46b,1,500.0
0x7eb00911d8508bef112427b020b9e7ae28eb96ef,12,30610.0
0xf81504b6054c03fbcfdd7bc457bece999ed19870,1,500.0
0x9c1a560b3579c36d612296df91f7df77ef1c2cbf,5,3730.0
0xe331aaa97756b1ea5987f548048938de0d5a1fbc,1,300.0
0xbb1c544f6a0b6e33bbbf57be8afa5463f4247f5f,1,220.0
0x7f244271532ffdeb23d7ce85400524fa79551eef,2,100.0
0x0aa635aaca30ef4f790786e1517e2ab9b1c7d63a,5,215030.0
0xdfe0750e2ad33dbb9a81c15b6f11bb2b5c0aa2dc,13,21350.0
0x85c908502f681e93dbf71fac88cb15420c83a8bb,4,1200000.0
0xaea0144842395bba3a46277ea50cb3a0070cbb3f,4,1850.0
0x3e75c09ba3190b5822341ffa91a11bcd8aefc407,1,4000.0
0x17fa858398c24db90f549fad16125c8b5eed4b9e,9,73000.0
0xb5ecda5fbe40652ee033d81400105fa7bf0cb924,4,32700.0
0xaad6f79761f227b670b70a84ce1ba17cf418461f,36,174785.705572769
0x9c96a542ff4477266e6f718231008c2d096f43f3,30,403613.63595124014
0x40909d451bb59f6b744cf003901cdab27c325611,2,64000.0
0x82cdf275e7231e746137a3225cb99dcc5903a86a,1,2500.0
0x78b3c6ccf10cc39071d5176e72eef2a991aa4a1e,1,20.0
0x0cef26798918927949b7995f207f44489e544859,1,4000.0
0x58e18c64d98738c5b05fa6e64a17c47960a8ad1f,7,8470.0
0x75e2d1b156b8827655469f4fe24c7c60d5799299,3,2120.0
0xca21664c1915198a8cd7d953f31f8545e88fdc3d,7,14528.578404849999
0xc05c2422ee9207541e293e50772fdcf6ec9ac78c,1,14499.999999999998
0xb981535c5caa085bafa63c1c0cc62aafc26a5795,12,12683.0
0x1e3b307b09e26d660aad90a4b5205bf363a453b3,6,18000.0
0x8285aefc5b4bc61f4dc1556eb752c4da91c0a549,5,3042.0
0xb3d6fc37a9941a6a68cd9c622b3715b8ff1f5aa1,2,3150.0
0x1aea76f7ba672a065fe018b81a2514a5b61be8fb,14,198900.0
0x14d36e862f9063ebe5ebb2d144cb78f51668a9ab,1,400.8
0x6c64c6d8cfa420d68fe70c6b7e9df384318d0d65,11,2518000.0
0xa5cd915dec47816ecb6ac0acde010ca7fe68a83e,5,100000.0
0x33d19a74960e2f96a743a6f56992428e04cc8dff,2,33000.0
0x9f02ec66497733decb7ca6b11a46afeaf15e49e0,4,32000.0
0xbffff37e87a414229808b6f8fdcaebb7be2cb8db,10,21690.0
0xa45bf1107d9c5198320732ddcd642f4ca25dec3b,1,8000.0
0x3939c86169b143ad887b6a9378131c2d3c0a5e64,17,236000.33433245603
0x8c36f79aa31696cb8ec115920bcd040f5e105d5a,2,100.0
0x114aae4f1d116a0f841108d7e517b7efd32c5eef,2,499.67
0x05a4cc20150cf8d9974aa1d2c25fd6af32891f50,12,67380.78321452
0xcef369eefd882fa69c1ee18594ec8f3284e3ac85,3,17100.0
0x03c27192ec10565c6786854b0bbb998fdd580d3b,1,5500.0
0x092589effee6ed046a8951def33824bd65b565e5,8,32100.0
0x1b00c1cb2d82e0adaff5e0a00fd69ba5d0fd1682,2,580000.0
0x439423bb62a153e5eb6015282d9eaad90f8eb623,1,50.0
0x99d779e962b2738422ae9fbc760c1795bdce8861,2,500.0
0x452c5d16ff0242f79ba37a020bee08409abf5dee,7,46400.0
0xf592849df398d5d0ae0c0f0493043c8ff180ad09,9,2971.2
0xfe3f7eb5db01af3d4b04baf065e221ac1e13ac66,3,364.0
0xca21eb5cf4daaa966fe8b797d30069a959cc448f,3,6400.0
0x96d81cce3a1cfa1988de06825a521e0655b5d635,6,5580.0
0x8840a024a81fdd2a44dfdd68c4df01140ad497ba,4,5837.8
0xfaf649466ab5ac02b966e5ae4f1aef3f87e60f6d,3,2650.0
0x80d5a309e1d5e91e684f52f276504b0db21e16bc,1,1100.0
0xfa5cdbb94da40e390b655d6c163b6455d33e52da,2,36500.0
0xb9508878e6470651ca6c0a8f4d5824616e620857,1,30.0
0x9b2bf5b85f3b14c0972e557f3c7d544d14cf6d7e,2,42.610785366422384
0x5ab4a7a3e7235ef84e6db602fa303c4dc2642bd4,1,45.0
0xf80c072cef31182e930248fa904002b425292e6a,1,300.0
0x64e4106717427da4ba055f3bcd33af156c1aab9f,4,1420.0
0xc0e3dc400133ca82804af26a4d670d94a9d9e1c0,1,16000.0
0x78b1f916d252b86f33661506e0a044f5ce7f20b8,8,6466.0
0x26386018e36d2712042ec2c24e2d08fe6deae4ef,1,300.0
0xba81fd0f89ed171194737e2b70ed4975f4db2e2f,16,14700.0
0x59ae59d602e8a0f3c77586ad2b64a6aff093173a,15,27500.0
0xb160e772bd97b43fe7372dcf43e570bbcc9eb030,3,5400.0
0x5191428705a2a487a52fd9831b83745f610164a3,2,5200.0
0xa81817c574cea9e15ca97313faec64ea25c10d1f,7,44000.0
0x1e6a7ef11e3fcdd0fc2fe0043eff9c2bfa6b5554,2,55340.05
0xed8782e172f68f4f90473bf0af1bce03700ab9d3,3,46000.0
0x131434dbf5d4fe1a17f0ad32d66a99f1c06bd6c5,1,5000.0
0x0e53428619b7e76d58734c4ee40fc23e6078d1a2,1,100.0
0xaeced55f0415f0f7f994ba14fcaf10c0bad54949,6,53200.0
0xd5776b9c476d5ec7602e27ee7c130fa4e12c35e9,2,289.0
0xd881100da2c4800b8d4ffe3ddd665f6a7ba73085,20,157900.0
0x6b61e6d07c333f3eb571894e3407e997360d92cc,1,100.0
0x362aadb2ddd8a6bfedd71aac4ada3bc7692c5060,1,200.0
0xec16ec1f564739141c64ab84d79c810c412f5c56,3,13300.0
0x7294bec547d1daafbe5e28f98ef2354ba04bcd63,15,21751000.0
0x316793448975d501c3a32391ec7e32060c803568,3,690.0
0xf014a0e8b648ab49f6d8c477ab269275b705e24d,3,700.0
0xbdbee66f2d15f619e5693d0cbc991747a6b2bbfe,3,11000.0
0x2746f5fac26c21d318607d16876814ef063f5785,1,10000.0
0xab1a4b4a0265c105bc1dc4ab067bf4ef6ce669ac,1,12000.0
0x1c13d9a2dbc0dffd4eb345827e03cec3970c042f,1,1300.0
0xdc2d916c77a5f5674072907a2a255aa1b632a73b,2,167.1
0x7824e8702a5949e3c41cf683e209705c8fe2c17e,10,11415.676954660734
0x69ce698e2cf358dd5e18125506e6840c1015028e,7,32500.0
0x7411c69d10ac952845c81ed16dd4528d6d5907e1,4,96000.0
0x652b8eebe7d3abc89d6ce4c502fcf49fdbde9eae,2,42.379999999999995
0xa389ef5150bec2187e8de0842d409c3fe3c7864e,71,385291.2441769558
0xa267ebadd9f26037fc1252e04dbfb613f5553762,1,80.0
0x9c6dd69dd6ac8ea0e57ee9884bab7ea552d7cd08,8,297340.0
0xef4f9b24f42bd14424664eaf3d05558abf4696df,1,12000.0
0xf92aae1fce71f422059e9d2042ddbcf91af0ee1c,21,35850.0
0x172ec7de691d665e587757bb09420c07d737463f,3,665.0
0x9ef68a06428efd926a0efad62b9a657ae15d3c31,1,2000.0
0xa4352461d83cdeb1f98fd510eee64b528ecc6fef,19,116500.0
0xc6b29cc9b7176fae6996794d32d709b9a54816d7,1,50.0
0x159713413bcadf73cc1feda12e9e5b25db48f4b9,4,2300.0
0x7e3eb660e412c3e545ad2bbc001de070589c725a,1,50.0
0x0832c7ccb381ea22c20891eb3fcb647244062c3d,1,85.0
0xa477ea650e008cac481c0771563fe8c2d3cdb665,3,44100.0
0x972a5b2793700725c1088cec77434f1e1bc54369,29,106000.0
0xa4b3924e6cd89e4b3cd81636d16bee0c2b800432,3,8000.0
0x10c03f0840952ae80856272ffa51a4704bb6b06d,1,15000.0
0x9c3ae63bf303159218e3e362f0f30b8c7836454c,4,375.15158177740034
0xbd598b53397a98aa0a9be0291444bd165e32ca52,3,31000.0
0x026bf3b456089761579262049ca9bab95d921d37,2,1570.0
0x447fb8b7bf70f05e74cff9d3a36d64c5ba4a4a53,1,5000.0
0xe305542c92000c92b7497c37315252cefdd92f53,2,15300.0
0x25dff7bb477e32081f58f8ac55b63435785e6e21,1,15000.0
0x364a219e75ca1d2b65345ce4409cf27be8274297,1,5850.0
0x350dec5b307cd74091ad9ad33ef0d07336e32bb3,1,6000.0
0xd839d45cb09c677563c18c67843063652d7c1aac,5,483.9671058087463
0x4e347d5619c2962c58c6ad7c0c5386ef11b034a3,6,294000.0
0xe20f969af874e6dd714b6b462acce55543ac2d74,2,4200.0
0x744f89a62e8b8b0c1e9e6ae1071b53f702519f31,1,20.0
0xfa31fa14782b6b1b63b8599a3434e82423783a5d,1,20.0
0xbfc6238432f8ec90952a83d1f3aa8a7738f0c6be,2,50583.99
0x9539ea0a46f0a3c741ee086859cb18ff6ecd6c85,3,6000.0
0x4c736fa23a559431d443fcca31b1e43ede82237e,1,6000.0
0x9498e899a47d32828ac596fdc2ff83991698d2b9,1,20.0
0xf42312c4613149f5923e28ccc486b1b4e717fa6f,3,1300000.0
0xf3270375c3eab20a522a9b82de333ec23437f01f,2,72000.0
0x452744cebd9c36a38842acbe7e3ab0006c66bfbc,1,30000.0
0xf763f9206bad479ce556bc75171f5515bf986965,10,90000.0
0xa379bceb1b74f6d941e9c8877007df7b4fc872c2,5,14800.0
0xebce1e42882d2640b134389ebaa654387087dbca,16,1885000.0
0xc4a80f1830bc60475b871edb4adc6879cac2c2dd,1,50.0
0x3d7b5f717bebd56722a92b97c54a8cfeea16857f,1,1500.0
0x53f8f1ea332ba7a23cefec2ee6812884abe6f7a2,3,65437.6294544
0x8fb1d55fb0dde80cd58e4f78af37494041604008,9,78438.0
0x16db45724e720cf1097af73e29f1c1fc7afcd9d0,5,9200.0
0x494761a04b4ed12db4aa4edd80b135140bae2bbe,2,169000.0
0xa68cddff57290e322e79edfd95402ecacb5839a9,2,114.0
0xc774d330a1ff7ee47ddb6f87e1a00c850f6cf04f,1,20.0
0x13312d9b303b86ecb59716571b0674dfb02c16af,3,106100.0
0x43c58b20430133694db01633dced8aff1223ebb2,2,7200.0
0xa66f17cabee9ee2b3f05f846c52e7159eb60e9c7,1,20.0
0x13106db17069822ca1a02525fad991e7a3ac87fd,3,130000.0
0x2a17a5c4148f334acea2140b5cf9806ff137b020,1,1600.0
0x881582c251ed5a9eeac852a4a81ef9e82c8fae4a,3,80000.0
0xd288bb9770f0484ea10a73c869e2f70f912cf179,1,3000.0
0x5fd8f72ee693db0c521d637ad7a42808254cd7ee,31,136517.24880848604
0xec43d83dddec4e0ba3bbd096110558ca200cc3d1,10,35767.28239793
0xb82105fc23e87b50eaec36e3ddede080b8fcb9ec,2,222.70569010221567
0x92dd89f6b0922ba786c15ff82bd4a479da5cc679,1,32.0
0x8d131feaa5c705e13d649c8973ffc4b69034d48d,26,80010.0
0xc6cf72daf6b1bfb5129df32f1f952e6f440202b4,75,2660607.7985638757
0x4513e3ec527684c2df8488b1949a6d1659e56918,1,1000.0
0x475c37b43c74218791daf0c71d50e2a3a1b7b702,3,46272.0
0x25d1723d5dda42dbb5a05659633565f27500b2f7,1,25.0
0x41263cdbe8ae1ffd187fd8f8fd3c85fe24c6b1db,1,4500.0
0x53c9b622789e4ba15d099392c917383bcf424f31,1,20.0
0x39bcd6b9a6973463c310fbca3ecfb6d19bf18498,3,190000.0
0x35c55eb5abb49cfaead3af6246f1dfa57aa7baf6,1,2000.0
0xacf2bf9299669adff44e949395e47b7131ae91a7,16,32520.0
0xc1b432553e57110f419919778798c6f21f29fa12,1,3500.0
0xeaebbf8bd3d76c64a257f3b8de4cc50e70196075,1,410.0
0xffaa9eb026ac96d5311f04f26b5034c92401456c,1,55.0
0x54d5d7f9bb007f5399833e499900cac88300c0ca,1,6400.0
0xe167a8bc224a417523c5d1c37aec5666210d42ab,2,8077.0
0x06665257c746419ff0db904de1216d1f1617a4a2,3,7500.0
0xd99eecaabeaf16237b5a0ca7c68b0cabc9931cee,1,400.0
0x94cfd4960e1349acc67d19869bc3e2157395b54e,1,700.0
0x0034d6c639b129919306f844985c1d21399e3527,3,2140.0
0x7cd95f8d0e65bbdcf9a9ee3cb8062d21fc003672,12,731000.0
0xc23f293c1a8f20bd6a14a5299d12de5d8a4a31e8,6,70000.0
0x7cc212ca629b5ca3c2437528e7d0df8ce07f7516,1,20.0
0x5c08f72b02494f1d0277b7b74ad408151a715cc8,2,16000.0
0x75b9327675aa836594b9d897cdcc13693a853b21,1,750.0
0x1a13b5d6ea219a345752e57ccdfdd43c6fc97bf6,6,101500.0
0x534f56b9621b29dcc9175af5ddcd712394375ff6,3,350.0
0x5edac7b884dd4b6be7ec14063bca1cdb0ea91794,3,46000.0
0xa4cc7ea084e313ec2b1a697be77516749be05f20,1,717.0
0xfee2428ebe0dfdd6e81a1d0c05baeb4c8dba2dd6,1,250.0
0x4bf825005d2b744cc7baec4a820d4eef8f0c8eff,30,17715894.291452475
0xd095cecc6cc73b1b1f85ba26a0002f7f4dd92e36,1,6000.0
0x997ddeb43f26fa68e8295ef925412b19753d7285,1,20000.0
0xa4c291ef8bc3fe62bf9af5b4f0772c1fc2a44955,3,167454.0
0xb35d325668c3c76cf19dbbfb869c399896b24af4,11,16450.0
0x33ba32c94d84cc6a7d7a9c88a5af080f98526863,9,87300.0
0xdf536cd42d96bdb5e79a16b3f3c4a2783e19fa97,1,10000.0
0xb6c1c813cb04dd013f7786519b9f975781e24953,1,20.0
0x42add57596f820a1550cef402cbb8db78c2177b2,8,16500.0
0x095bda7eb9640d3bce684484ca12b231b975d135,2,13000.0
0x375139008ebe8a0abb9608ff7a07ca98b5100854,14,2225000.0
0x63cd471c5242dd51a54c04db1026d20ff2d3d889,2,4200.0
0x2e00deded5ea43a67889af208ab426a343a2b9e2,3,160000.0
0xfb94055f3902cfceaa65b17596221a4dd2703a21,5,68557.41
0xabed3f07cba01e39d158f10e56d9ca90b8bcc4da,2,25.0
0x2d4bd7afb5c119e59105c977e6abda74377d5a10,19,188520.0
0xcf40c18f934c16e72a5e6540d1354c716528152a,18,204914.22639171188
0xe74242dbdf8144047c0d9b956d6d454bcb68087c,114,2428487.848665293
0xf036fd386e7061d27e9726f4b899545cc4cb448d,1,1000.0
0x0f3c65dd6b3a06473b1eed0b09cf0408c9a05868,6,510500.0
0x5ffe86a96911c8fe6d6d020857c69f9db75ee136,9,184377.0
0x709f511c11a27f8d4aa6ca3b3293097fb4ff8fb1,1,125000.0
0x84e1079445eca042d33eb721b6e2d18b16abd835,3,47000.0
0x92847e0b806ea2218e31c0806c74626983a2e561,4,30000.0
0x14192f222781c0a7c9d96c6ca6863cee9acb1c27,2,14000.0
0x1e22f9cee4dc0440a615098bfcd66238b8375cc9,6,451150.0
0x839f460aaa02bb8d936f90755f188ad5e94bd0cd,1,6000.0
0xba00c5b6a0587c2bb7fcb9cee5afd3a1e3461e88,2,355.0
0xbec4420e7a8ebc621db4f23ea808d08d7bf3a253,4,1420.0
0x5f63cb7a822d809b21e80f301da0de3600a0130d,4,171147.35011730055
0xd0a0a38a7ebf917e6bd670583c9411b877198b36,3,77000.0
0x555563e8480258316ddfbf54ca24324bcb73b02f,12,83800.0
0x66548003ee12d587678f4662ce8874fd4a65a551,83,665594.16379273
0xf89d0ae243d10def37a320a0f1a4f2ab4d423027,14,1219882.9893500109
0x5cd087f2c5c9ac3142fe194ee27d769b2f765487,5,331.0
0x9e9a7ce7239282d699049984d7a84d6c96bcb1ac,1,10500.0
0xb15f9f5e87404c5564c6f638e01c97f6f85da2a9,2,12700.0
0xbfd0c7a86a5b994c51cd1ebfccbc72bae45be28c,6,807400.0
0x780910db4ffc68427c13b9a77b4de4640a0e926e,13,25600.0
0x17fff99b2dd79ce840940ae3697b3eaacdfa06bd,7,29200.0
0xc559b3100f55c7af506fd11ade6496029b8a2a16,2,750.0
0x351708726473bd72f4f870b904d285db9b9e14e9,6,14965.5
0xf5a5d7c2ff23c4a8fe5a8b3a8cac838ef131b8e1,1,17000.0
0xfe25147fa92b81933dd03c93f40be4acb20c11b2,8,8020.0
0xa1e281caa9aad650cd77468b66923f97a82f4c2a,3,10400.0
0xf38153858a71c0b3895ade871a6d0430b66169d7,1,20.0
0xaf1f7b9490dde2bc89c929bc40e6389d5d75cf9d,4,357.0
0x39e45ae8978a9ea8c765253cc8581ccea9bd4b45,99,6495405.350086065
0x6fb4d4c42c7eef1c6171c8111cb298072f8d15c9,1,500.0
0xacd45d1f34888ad90125bd9bd9e87e86bd152177,1,11000.0
0xe65904463f4aef94fad59ef3f9191f8397387080,3,2900.0
0x6645189c4c87f2527893bd94264c0662765779f3,6,18482.0
0x0e5b0e481bc9234aa279f286e7de42b814fe9df1,6,5610.0
0x1a341d60bbdf6b561cff2c6f12b5a8ef0280c75b,13,3285.3178968937636
0xe6dc0d9db4862620d127eb372a3cab3aca2d3bd1,1,200.0
0xb799b58cca8dda6ecfe9c580bc79a12fe24dc1a9,4,18800.0
0xff5a70ed2719ff8b96ae3ee8c1ed78679666a4c1,1,700.0
0xda1c0a6665069d20d33b81c121100554dbf9a32f,4,8190.9
0x52e012eb77189bd8e6974f1af0ac91cac5941fd7,8,9564.227025
0x137d6247af8db5f6e17fb5d47c65d337bad20c8e,3,7034.349422859085
0xa9c25ab95613095ad320fe7e3969789968521ca4,4,19000.0
0xab5eb10d54b30eba05111f1ba9d151f78de91811,2,8500.0
0x41340bc143cea4a10d3920fc57f194d197637372,8,48755.55287887151
0x472a864552e8822e84b241abffb59ac4c9069960,1,2000.0
0x4f1f5c3063fd2623ed04931394b314933af930c5,1,3000.0
0x68fc1e0c1c6e920c8ffee5965a97f1f1316261c3,1,330.0
0x6ab1fa3e5772441252a7129d78e185abf78a09e3,3,930.0
0x7af3a11b1b53a8765d3328770cd1d5f2b471a15c,8,490000.0
0x22c46456b7d6e341104b0299ff2c2db621240642,2,38.0
0x1b28f3fa99c59ec5ffc7a1752d2a421dbd275c4b,2,190000.0
0x0cc8bae805f1668b2d9ace5869738ff1d2e5cf1a,2,10500.0
0xafffba259b0998e2c3f6e6816a96ce1c49a4d0a1,6,4410.0
0x92d75d1969efd244f3bfe5688b6084ac41f1656b,1,300.0
0x55fca30fc0f6e40bd02bcd891dcb457a0f99ccbe,1,40.0
0x7a9e6ccb4d9853453b983eeb497180ab3710eb65,7,58000.0
0xe3ff1b014033147dc60a6881a94ff292717643ba,1,200.009113906
0x76fd1be578c9277efd0700a9592c63e00a9c45c1,1,170.0
0x5c2f9bdb8c1feee3bd9632ab583c9ce073914c57,1,102.47
0xfb395fb6b86f7b1390566ef1d8cf05651db63dc6,6,69000.0
0x195672e43948d53d7f785f062e5516e4151b069a,2,330.0
0x452c98feab6e3ef0c5676c8c8618ada21a9d7b57,4,1975.0
0xfd3442ee09da17c39de45c2a03d8b4ee4b9cd64a,3,34500.0
0xe30aec4b8a6f2b82e4d440bdc4c8842fe0cf3d49,1,2000.0
0x18be91d9e6bd09550927a8f1dd4484fd57920a3f,2,6000.0
0xe8b8afc3431bfad586a2b317994b14810de4bd66,3,41000.0
0x0bb1c8d17832509ff8648d5f2b06b8e46ab2d366,6,18255.0
0x19883df1e986ab09ac278177bb5d70f873b9b1c9,1,20.0
0xc15a8b38f8ef69cafccaf748b640e1f9c409a4f4,2,4000.0
0x0b6eb1255c0a6e43d35250a30763724a5d474902,1,5458.05
0x8cc018fd28ee4ddd867804849251eee20304ae01,1,100.0
0xf12fb0023110871676a045b38a38ac144aa7b73c,1,179.78
0x9b9ed9c88e4778f9595cadf389af3a5ff69053c7,1,110000.0
0x8ae6af306c84f13bd032adc30e83cb933ff4f77e,1,1000.0
0x568b31f8ae66442023b9c1f192e57f197ec329ed,1,70.0
0xe5cbfa89e2716d73d8c6ac8664a3cbeed459975d,2,20000.0
0x376cbac77a1fde475d7cc9fe3c850e97f50afc33,1,169.13
0x60eb3278a7f2a8eec302a6d46dbe36aa81a006e7,2,300.0
0x7c349ee9f940f11665500b751a2f08212c7acd40,1,10000.0
0x14c04e123a0a5f3ef93a31e5c35deed894a5a160,7,13420.0
0x9a94fca3af94019a30561d39b0ec77741f687fa1,1,675.0
0xd601a548263b943af77c3ffcd758ca89cf141e93,6,20000.0
0x8525b6f22cc212f14e2fae97dc804ce9d435eeab,8,1511000.0
0x5d60df7f3f3f285539600886363d196450ac6ce4,1,40.0
0xdc6c95eba7769b2897a5c3426cbe8ec19fddf4f3,6,39800.0
0x62a516395cb79f75372e6ee053651b14ac440039,1,70.0
0x92de79b0a225233dd234342881a9ece02fc4585a,4,4500.0
0x847e17e0fea18fcab37c0afd1d4ec8d5bf34e430,5,10961.549087884
0x912f06f7d09cc7eaa0342b3d63cfed632d04c567,3,2950.0
0x105aa0e3067b1f6918b0196b64ef884273e69345,1,140.94
0x5ed4a491b3bd24f3f0917e23e923d37af7ea192a,9,300200.0
0x201ecee64b9088107b029e5b4d1ac849ce78f0ab,4,18600.0
0x6b43a6b5c08235621af23d1ecad5dd9c9dc907d4,1,45.0
0x9fd08f2b0f46276af0ebe3398918b2a4ab22ed73,5,20000.0
0xd084be63d68c2e102045fad0893c8d0f0e678370,17,11800000.0
0x3d8f772b8734abb984b23a66f435213e70ddf57b,2,4800.0
0x6554f517c9d3d81811e9f6c142102f208dc6792f,1,400000.0
0x5b38a6239544443d299fa4c7ea09ef98ee6de227,1,100.0
0xd0bb70c878676b4021bf031108540ec3aa8ca455,1,10000.0
0xafc76bc97a40b799e1eef873d39cf054ddb53a3e,1,80.0
0x9dc2566a55dcb4b835501f9075c94831e71f2c89,1,1400.0
0xffa2278d90452aa004c653ecc9c00e45a0b9912a,1,50.0
0xe3dc28313870980122197ae7829694728004f080,2,30000.0
0x78e939c957bd743f7f5f2e72a27997e3e592d8a7,3,47.0
0x86e793b04ef17534c005da568338dd61d41b1013,2,47.0
0xacb034027dc86ac66dd59e218749ea9af5d2e774,1,25.0
0x2ca6a5e80e1917ea642ad8ad7005f90e19be3da7,6,2190.944
0x8a19ed3531d9462f8e2d8be847f41678556fd83a,21,138941.90204108
0x117087984fa5c9085255453ac3451bf24ac545cf,1,3000.0
0xdb1963ccc69169245fcd40f0bba7ae765172bfa7,2,550.0
0xd9a551e419048faa7291d0dfea10c98f487b18be,3,715.0
0x80d9a317ce50393605bb73d14d4d6d1460bab4d8,1,500.0
0x8f2be7e2b255ecbd9cc85091f7533a9ad3a90f84,1,20.0
0xdfcd62f7aee7f52b62547aec9fd261f7f88b6a34,1,55.3224
0x1433061e34d8920ff41bcc255c7731bd6fe2bf98,1,500.0
0xb609db8169eb0cee9453787800550a7b99c75e91,5,15656.0
0xbb79e7e82dd1d08a9ef712b2dc7102e70e8ecfd0,1,1383.0
0x2d1d623c41f6c8b7624f5a466abc0df675c43235,5,13315.178558062973
0xb8f1aa04d9f5eeafcaf2badf3e527a7f0cf933e6,8,8750.0
0x1214a509b954a4446c97d249a58b73c31b9b78f9,1,330.0
0xe5f73b65f3c8d2da0c13be9056a7709ce6aa5446,2,206.39539653161654
0xff52c235f032541ddf52c8c146aa810a7e1dd11a,1,50.0
0x0876da673222a9795a87dc4d8e106e21efcf8d21,1,70.0
0xddedc773141f7f33d50a1a453b3f82426f3e80aa,5,8300.0
0xbc3371a0d1c32bd56ce3a9d6199212aae8ca599e,1,1000.0
0x52ebf1c67c26ae8a6c87bc55440d72723ec1504d,6,25320.0
0x31bbf84f667d484be16fa6929806c2f119e5f31e,1,2200.0
0x74372f57ef666ddd96f3ac9de6fbb5358b9a2332,105,8158185.431547819
0xf89dbb7ac70b72cda37cc429fac78787d058da76,7,72000.0
0xed207c2afe909397c9cb11943987755b5fb80816,5,1935.0
0x27bbc2407f09d88735a794478bf68952af127b16,2,4400.0
0xe499bb0431f96fd6c2046d6e40f19b6d1fb957e9,11,36714.0
0x0594a9f7b866338b003bf90ed84280f7516f2e9a,1,800.0
0x66377c541d296b41ace58815fe2b851a8ebfb61f,2,120.0
0xc76776eba48d81a4e29da14dea46619e8569e9e4,28,18668.277859314832
0xf8af78453d34ddd7e95087e59a942f913a645360,1,110.0
0x05284d75ca5c17a2780470662e49072c81c646a3,1,20.0
0xf2c38de4fa0af204e1b14da20d864a600313666a,1,1300.0
0x75dd350d55c699c8cc49056a6be095fcfe7a27bc,2,50.0
0x04e01acde0735fe602125e34a5f3b1e7c4db1ad3,1,20.0
0xe6636a203fcb3a28e2a858b767218455c5c5da5e,62,1137033.23944581
0x3910036c1ad214361ae2699e357f241460be6bd7,1,100.0
0xa5ebbfb797ef1466b6a9cdef69262512dfa852ad,5,13200.0
0xd9d3dde6a014aeb2de9aff4c793c4df7f4516c01,1,7000.0
0x84569ed4db3e4406608167f133f245cc4de612a9,1,20.0
0xee50169006bd76e5775fefc4019c5bfe8726b0a9,2,47.71057644284198
0x5c9b2ae5ba65b1de8ead74a0e3a423f5c1160c72,1,400.0
0xdc9d65ff15412379f15c90e65d80f55d4b0481c9,5,6080.0
0x777ce38ff82e3aaf8c36d65a68d00abba4f4e0f2,1,150.0
0x5bbe8feaccfdd0954cfae0e482b26f54cb968d8f,1,5000.0
0x729ab77087579cd883b1e6f850d220922cf2fdf9,1,120000.0
0x5099c953124253ae2a51c38235de2dc177ed2aa3,5,7000.0
0x39a00db75e957e3a2de09f65cd76036614c2ed18,6,40500.0
0x256b967a31d83d6fb70dbf9a9561a053a136bb50,7,54000.0
0xcf8bdac47f60b198aef584b6450c5ebca014d5a0,1,50.0
0xaa216172672405fa34d210c6608d008bedeb0d20,3,2000.0
0xeb49161d51430cd6e8ac3ed69a09a466304474e1,9,23700.0
0x675a1981a3ab63ce5777186044e0a84864fa0ae0,1,4000.0
0x5a1cf0b99807f74becfdf5abf1da0fc0cda1fd68,1,2350.0
0xc3175562b882a6fca531a6eb34f3dc63b7e55f92,90,403682.9175236807
0x3458b614b8e665c1562cbdb5a9424f0f9ce7efc1,1,50.0
0xf5feb7f9a32a45302994032d86c9e87088cba2f3,6,1568.0090929430771
0x9e2b65590d23658f04ba2cf657d451964847e093,1,5000.0
0x880780f3b98bf7ea11a6e4a3bced62aadd6196b0,1,12000.0
0xe9597738eab263fb9fffe92caa10584ed64bd1ab,2,8000.0
0xd8d715d7f268700a2b31603b8b6b52ee058911c5,7,22200.0
0x9e3a8f65a6e4cf22702cd53efb00d6ae41a69a8c,4,54500.0
0xe9048713e970906992a06eb10440a0e3f8cb2e17,1,20.0
0x242acd78e82302d2300300aece97f1ce93488b56,2,33000.0
0x800539a19411ceb6f11ff2c631306bf8c5110c8a,1,1424.5784151146
0x91aa1811596d1f99c1491a6822c336591498caf1,1,20.0
0x46091f1428d00251c61697eec0607637629ee9fa,2,700.0
0xf1f02425a5ce566c9576f2efb19b8d949aea0de2,1,20.0
0x932b9c9b94b6c1ff1f7b45c78415a4821c23b995,2,100.0
0x526545c3c25d348463ae47c960f2d8f7d8c0a740,2,50000.0
0x965526781272d9bcde71eb9714f35848f7d38740,1,1000.0
0x08683c77ff5ae58528d55b8bb534deaf1c5b53f2,15,534550.0
0x0dce9aefd272455b0efaf8e3caf588c49ff70b94,1,40.0
0x4ae5d4fb65798f6a2b8c3b6d6c793a36823aea4b,1,1000.0
0x46305a2a1e032e559e909e28ef2ffadf5475675f,1,1000.0
0x1b165057119ea48e10dc527adb7c69bd0512fe6e,17,328891.43106192735
0x2c8db187203f28f735ff1839f23a4621b92c5c3f,1,600.0
0x168c4b8eaff5e700b80a3e79c4e373ed389ace24,2,1440.0
0x10d990169b0b6bb42de2f48cfb619c35ffdcc067,6,1641.0
0xa8238e51e7f15da188ef879f834a0c18232603fd,3,1042.143997264687
0xb5e59746503e81d6ddeaa24d83571fc8d2facaa0,2,36530.6
0x994d1d3663af3374d935949bb71fbe2d2dd78da5,23,110010.0
0xebe3bbe832cd1d81b9b71fdaeeaa65c6ce0b84cb,1,260.0
0x9b683be7ca9c5ab417cbe767a1292ff5eab12d0c,2,4200.0
0x50790830c59fafef7ccb63b1eeddf298faabb167,4,6100.0
0x1db2b106def5ceee7b2393d2d00816e6d8f21e44,1,960.0
0x8dc91e1af89d85fcc1a339706aaf2044f45aae77,25,44712.0
0x9cad2dd13dadf980cecee7304a81fb33cf1c36b9,1,2000.0
0xc958a9c374b77d6043ab3954fbf1c57ff10638bb,18,271194.45649345
0xb25a4662b8e8463c4921cee85e95c2058fc3e685,81,1011768.43171157
0x9f972a8444a01f1b69e9e6d469ff25a2b3a0e21d,7,102000.0
0x43cf9bb6544441da9aca61c7714c35f542cde2a0,2,372.0
0x6db6cb12dc935c4bc40605e7d9504a49fadb4613,1,10000.0
0xcb6680307a08db27a26381af164e76835696f272,17,151973.45
0x0269e859ba2e7bf4ad72c0437a40e82dacfcb13c,2,1800.0
0xb5993e8636e5b0ebba8a6be1a9c6b02757ab1985,19,381618.1481205483
0xbb917ea880c693d7538e3e088b1933ac9eae77f5,3,19000.0
0x479b4e9d52c135b575786dee611b00b3984ff2fb,1,20.0
0xe7388fd13cba9bc36a665582ee8f49cd80e8c318,1,65.0
0x2a5ee3381b462b968e963f0f0508da6c6009948a,48,10976919.797759598
0x5ec3b69a0f60e8d936ba869caf0b5f82145bd010,3,9000.0
0x23c4537827c25272181485cee718862d55e83bf0,26,757234.84840971
0xd84816658c95efd9a49931f3cee292075ac7ea03,2,790.0
0x22e5370a67d072a827663466579c57ae61ad21d2,1,5000.0
0x82a8a772df8c46597c4c63af884834d0cd859813,11,80155.91205795
0x66f429c4e12778cae272de602389e0a05b6d1696,2,1765.0
0x26f9b1b6bf052c529ac09bf64d5a62e5feee2049,1,2350.0
0x47d727e64640c5c25337981b82b63db38125b2bd,68,601209.85
0xad79e37292bb239fd326a49c5ce62bdbcbc30303,2,100.0
0x03fb9721f2a54960d6c644b6fa540835b261df95,3,3800.0
0x371b74b917ce25a59841dfafc61a46751fb10306,8,13656.0
0x3a230f79d073eb5744ec1a6c77a6900f5cab82ea,2,740.0
0xd30dcdaf1626646b49f05a15031f3f4bab2cfee1,1,3900.0
0xa9ae8085924314e98130738dbb1c054c5e899072,2,52000.0
0x7acaa6dfe7a3f92f8a9b4a6511adcda42b593a01,9,48000.0
0x40e4535601c47b62ba0a5035b4f83516f7a761ec,3,12104.76
0x039eadc8c23378c560faea8468010d5e1bebb05f,1,8000.0
0x44fe8a2af58f1eda3db5b897bc838d665553e159,2,4620.0
0xea9095429f2696849236a641185f48541474b5da,1,20.0
0x78fbcc8d27aea6e2f2ba8c8ecdee3ce7558116e9,11,3400000.0
0x09aa9e74e936c9de750c4c94ebc684122456c13d,2,298.0
0xb57c5510581ccdbaf7935e78f77be7e2f495c699,2,200.0
0x702f927770701d12e40db19aa8c2f20ee2da7918,4,150000.0
0x60b2af34b99872e9c3652b0c7bd461768fae74f7,1,400.0
0x68f3462f78b0fa3aa19c8fb2b8c018395236a17c,2,16000.0
0x3b597de7d4296b69ff923f88967baafbf6505706,1,150.0
0x9e9ccca3cd6d603595511685a68bb37862b27d23,7,19000.0
0xd268302dae4cbb059b73a658c08ce18a3941269d,4,557.0
0xb6c5f84f01de8c74cd56183b46ba3f34f1aa0ce2,1,150.0
0x29b6069e5af686d02167673dab512d62371b9799,1,154.414
0xe90ba0e7fa2e814ac41cd0ba247f5284171f7e97,1,69.4863
0x26918906db722c0b301f7f388c05c401f0d08929,1,25.0
0x85921536fa1943d641a15a6fb1b7ef6195239bd2,1,2316.21
0x438ec2403983e89fda3add497e823019bafda31e,1,216.1796
0x4ecdd47de454322410a1625960153717d90f216f,1,3000.0
0x0a3a9fbc8e38a26b05643efbdbc72e649050b09c,14,37556.766290340594
0xd4b6c234757604cc1faf23e5dac97fcbfed3b0cf,1,75.525975616
0x0c419d5b796970c950386d8ab809c814c0d30da1,4,7800.0
0xfaa0ba5bcd1ac0ce12deeb1a14d7575b788b0a1e,17,67619.90432086017
0x988780cd7f8caa4fd82d3b8c0274e6d5e7c43af7,5,24031.54015615
0x67bec5793ee1179b50a090fb886a6e9aa62c823f,2,110.0
0xf0a995d1a72f0bbf466e696b61a54383242c8548,8,107500.0
0x77c3620f4ec87fa4cf36bbf0d91007f0d5a94e44,1,800.0
0xdd089730e4ec01f7360ef10b89e42d96cc759012,25,219081.72350418067
0x352b353537e2159fb705f8773c6217cab8b07ffc,1,300.0
0x7e87c1e56f76f50e2bf2aa8ee9a443d553c34577,1,270.243
0x5d75dcf6b562b5a18b6c082190ba60ffb6b05fcd,1,20.0
0xf26f3a6c181b754fedf5d8522d82103d788b2769,3,12275.876561763
0xa3ed7d96f6e0fabb528e531cff5211a3c7eccc27,1,2259.0
0x1ee0b5e10a7d1c12a42047e9bc081c65cc5a6f74,1,4000.0
0x5380f15174d42928058cbf6f411e0fd4a5c9582a,3,18500.0
0xbb411b33500e1f2e4d4fe4ab19d50e6bb040e76d,7,126949.96941367534
0x66deafb00db8727c344320ec7124d6778d6d4420,1,3597.32729335008
0x2fb86372d1273ba979847cd707ef96919cedf89a,1,150000.0
0xe7e721c5b40de6f05cc81e4f638b245a40865d69,3,41157.62252042108
0xd9bc552ef6bb5604694f93382255fa9d772d691a,1,3000.0
0x89d1abdf0f8ebc5c2c793b321a7abb1dc98a065c,2,4039.4363698017937
0x0d64303511289344e769d233c87ae1954cd1795b,1,500.0
0x38e49bd80c7bec015647ae30fbb8b795a4198d84,2,101.0
0x1090513fdaac5b452204238fb08ec487c649a711,7,19700.0
0x6ab94e5d2d1e7994aff80e555df36a12703a7003,2,59500.0
0xb6edd84a3f6c88487effdbbb854ccc7ff9c87196,6,23584.0
0x72e9d96ab62c106019874c64e61eb2126b16d1a7,1,150.0
0x5c400ff6a32b6bebb3d496c427293d403c9a8057,2,6650.0
0x137d96179ac9746fd57b8e4d45debe48fba67230,1,76.046990111
0x6d84b50ac71d11a1d4ff5d7c3a259b9270fb8b5c,2,80418.79604439999
0x250f4c6ce727b436386ad7d1cb7f15585a86c161,1,125.0
0x3536693117439aaa3a09d763829d6cb9c3fa5617,1,60.0
0x33b4709033d03c1c41d113a23a5b5bb3c8659234,1,100.0
0xf488ead03c33c4f42473fa1c3f4c7e1c0c58f8f1,2,9072.723247713333
0x9847c8580f830e21fbaec27d632a4e884ecd4302,1,2000.0
0x4dd9ea3f5436507d8d0ffe8989aa44807f8d8667,1,1536.79
0xf6484f8dbcd14a449bb04d6e1aabe93978dea931,1,120.0
0xe12ddde858b863b03e6fcba18f47a78818413361,8,16908.441358561173
0xbfeaeafedfc8c784a0c476c6eb59c85eb2b2b2d6,5,4600.0
0x3c0956645b3d8b88d847df129e49bb648e0dc4dd,5,2310.0
0x726debb2f54747de5cd5f15eefe6ce26527a0f5e,7,14800.0
0xa9ac95169731a91d2c110ef9be5a670970400dcc,1,3000.0
0xfb16405f4847595b6f2156be618820cb2205997a,1,1200.0
0x9d0edaa85cd74a0be5eeb5d44a7b0829e6055699,1,1601.44
0x032c09892a409fe742c23647e512c4b587d0cca2,11,26400.0
0xc5328318f077cef4549d181e77910c0768ba38b4,2,97000.0
0xb6211b48a462edf53a4685344d48909ecc443673,10,30516.403086510145
0xae6395f02fdbead2fbcbc94bad6d128010fa3623,11,1747.6399999999999
0x1fd1817b1d41e194c107d05db95bfaa11d0f433a,10,43042.64023435
0xc1a5d683c094577264c5b1d51664c8be0a420984,1,2500.0
0x126ca2e86b67fa65f9a8448705518c3b54757623,8,15950.0
0x2fe13adaabcb435aa06b085e31a3b10608519111,2,2100.0
0xc9a662a69eada1a60aa48d75e52a44b2b56fc617,21,722466.7626868236
0x02aa41276482b6e96d2a0c23988b79bc963a60dc,1,20.0
0x9a3f298edc970052080769ac09e258299c67b63c,1,20.0
0x826ea00b35174fbd65ee369a49e79e61af80a1a5,1,20.0
0x595eae2107ed3c665c8721cbcfcfac2404ab97f0,2,185.0
0xda4f54b8a6a6a52b4e6997d144362e2063d26f0d,1,3100.0
0x16384535e211bd614868381559b77001697b619a,9,55089.9600832
0xefd7a179bcb02d3d5ce81e0ace9e3a7679353526,1,1000.0
0xf901c1cbb360745ba98cb13151e9895ca2f74dbd,3,1975.0
0x5e0e91a0e5d35c1f6490b35bdb0ed5709910d44a,3,71319.68901453284
0x3a1fd6103f3357154986e9d8339fdc0845d9b24f,4,14246.2244321968
0x0b57b0ed196e7d8e81fc6843bc7021767ee62dd3,38,973039.3047300134
0xb9ab4cccc45f8d125f5f33cd30e0259421a46c73,10,20818.40373207
0x5902e268cd35f87cbeb494fd7593b3efc1e3d54a,4,19189.6144042
0x449d00d6052a3657a86464e6fa95e04025ec344d,10,83000.0
0x063ffe4a50dcbde9aae1abc3eeead125d07a3d9d,2,2485.696425
0xcfbaa6eb91ebc3d4d67e08419dd9f1f8bbb7ac67,6,4025.0
0xf321748cd892f7ab2e5bc68fb59cc3cf2ec1b27f,4,2717.0
0xe22f0c40312e51a8aabf853a3d1cabdcf2abcf6a,14,28550.0
0x4edce271419be16dc630e644a2d29b627e7139df,4,17896.25425295
0x466971e2e7fbaa5684e2e3fc5cea701777771e69,6,32720.408395205
0x952e2ac0912d83b9647821884c4fdf34242e97d5,1,9500.0
0xa1b4da1fafb9ad1bb1e97ac39e1b202e3f7d14af,1,780.87
0x4564d70dfd84d3f2f42d27f22c9181d8f21f8941,9,3520.0
0x3b09f14b0909327daec0f61680621699c7eb7688,2,50.0
0x113ade764b0be6a500a4f421e77b1a615c21c962,3,4250.0
0x6529c73116a224553a31d3bef14f232fb44eb2c0,2,150.0
0x71a5930b08149a6f01b60bb80f8631afeb305dc5,6,2286.0
0xb5530105d1736a826d705eed7c8f0e3fbf4576c5,1,256.921021
0x6daf8398bd526e9a4788b9641641a79cc552d07a,2,6000.0
0xeb7b4c4d2d9d1e611dae551430617ccf31d566df,5,76500.0
0x1ecf6783c443107a3312a40b6759102798d659eb,64,261302.08000000002
0x1fd55767ad79dc128a7a50a7a440922b0f7a8b0e,5,20100.0
0x24ff0665a30d454c391db861fec0544236936ca9,1,1250.0
0x8f4c3a887c6de877033e8736a66f698bf996eefd,1,5000.0
0x6d46bed86cc8df8cc049c5904c9a7a87650b01f0,3,4921.970146410001
0x9cccbed763d5c2321f0be8da4394948c05811d74,10,963620.0
0xb087852acb69e74b49961d2ba0f70a921ebe7035,4,15476.879366801739
0x654c864758cf3a3f55c5db0fb21e4815e67a8397,3,244000.0
0x734e2732664b51daece738d7fe310f192d94c524,2,12077.231012960001
0xc4d8cf4c9e1df5d816410ca2f74fd5105a119bde,4,5320.0
0xc0f039d60ce0858e58a37317e4483886dc27369b,1,30.0
0x6529d834090c02d3675e51eb2c334f6733a24271,1,31.4888
0x2870cd021cd0e70ae0fe74c1d578143f35e6e0a3,22,52105.596760652246
0xb0a40118b4cb31f844b8d7ed860fef5a6619b48a,6,19000.0
0x808a18dcf55ab1d1079973647a9388489d89514a,31,262448.8439830671
0x3abb1b07264b4209deb1e5c6a311a44daa95d464,1,900.0
0x5662ab72494e2558411af06d45e2bac4f2b6e409,5,14500.0
0x105386ba09b721bf28fdf3216429575f38804ede,1,425.0
0xe4baef16b5881b01eb5bdc333fa5c7eddbe4b86e,1,156.65895228
0xc14855b34f3e09992c9a749007ee3bdf8ee0c093,4,7550.0
0xa607c7d6a6e15b1d9f06b841f3ca2d51e11a241f,1,12500.0
0xeac88b10c478de335a5684a6f927b08dad1d3c19,1,3446.49695016
0xac5489d1f9d431618d0a672cc4bfeea593574294,15,142500.0
0x99a3b03961fe28f801e84d902f2d6bef45fcbad1,2,30000.0
0xd002d2ef139dfeee948f0405fdab6b92878e7e66,2,78.0
0xf64a7d2783da597ebb2dba297184d9a72a854fcc,1,150000.0
0x0bf8ddc3c42810d981a320df4365757a9a5b53e3,4,40810.58775018
0xda569fdfdf4a0a60c5b525220479ae53f7be7d4c,3,1420.0
0x42dd38250633046e00b9cd419108d36f9d864f4f,1,20.2
0x4df878bc88c8eadf81ea208a74e9e57eeb3050de,3,5084.02549752
0xb7e3efa7bdbf9a8f4257883832adfe4df20d0349,7,156400.0
0x130a4d70221428dfb3b271533d419a1d5b3173a2,6,52600.0
0x1d1821028a6f97c1f9db6b22026ac64a151a45b9,14,188532.77637892304
0xd43d027a59aad0c527c2287656be3ce6bbcb626d,2,75.0
0x15c02894586d923852b512d660da9bd0a1592dfc,3,26328.46
0x4c9847e1c8f6abfe2ceaf91e1305f3647fd59d10,1,400.0
0xc2caffacd8743e0d6c14f38ed40621e0fe875e27,1,20.0
0x9675d03e91c6754edfb8d6f7c758805077781fa7,9,43180.0
0x2a600c96db2798f9b1e4e87027faf6b295a3d8ed,1,204.32
0x0411042d21ae9ed761d87bf5bfd752b641f15a2e,3,10000.0
0x4f3f601d635e852fa61f8901e403e46fda816fc2,1,25.82
0xd21bf6a972fcd1688fddbe1b1d6611efc2023e35,3,10200.0
0xcfca7e78aed7270f53cb45e76d62decd5dfec17f,1,35.0
0xe1166193ed1352cb6dfee5a7c1a694ce50dea35d,8,12883.58205
0x53155b829430f46a6a10e5d9c20e79bca4760685,16,59537.0
0x565526be66c6e2451311899c7e0070adab25d1b7,2,10000.0
0x457a89c5d2928dfbcd8a39808de6b5987820c122,1,8000.0
0x55e12c762c14efef1a3c676734687067859d5c46,3,5909.319582538
0x5a2055c45bc72d55d56e04b379f6f94fac7f8099,2,8700.0
0x9e3ebdf04175cb2212a65db64516fbd056dc24a9,2,489.0
0xcedf30942a26d9fbc903a4f309b8b0142335730d,1,3800.0
0x7318748d6bbb01c55e5452bb7b6e4b8e50ac3484,1,250.196
0x6be58aeaa7cd763958b1fefdad598da29b481746,1,1700000.0
0xa996806a30f258940f3e2035c60e49202ab687f5,9,53748.0
0xf5650e84deb4dc75e3f16245446b705a604b2bf5,1,720.0
0x922d13ec6fb3d9056cdbc198aad146f233d2318a,1,310.264
0x6097819937f4cdb0eb65714cfdcf4ee42493afbf,1,40.0
0xe98080d02c0bccf7ffe5ee0bc73d228df80facb2,1,25.0
0x690eecb1991ae274e9cd526d8e07e22e3710af49,12,417367.0
0x82f8b7220fded36a6b5bd1a1224fc53a965a7b1a,17,129312.67561225
0x2386ef6c57aeff43c217462456cff790d7f8c3f0,1,1567.98
0x5f3a75195433f4d6f45ec3c81519d05558eadb59,1,1500.0
0x246db621ef4e58e07757d0970d36a8a290fc7883,1,1500.0
0x74c9e978436da11d470fd21957af58c4219d6f28,1,3000.0
0xf92eb98bf3054b31b1578c1db5a464f6076afc62,1,2400.0
0xb116c0113cc0429163b4a12c7e5de0594f744560,1,150.0
0x308fab986df499e9e4846ac80ed906eeae6c177d,2,1270.0
0x45510e707053b37e36748182540b47e084f4d9f7,1,2500.0
0x954179f0b362d053a16252f8c724b7320dc659da,1,1800.0
0xf2b88ffd8e0b08c6dfe470997bcd070fd93f235a,1,60.0
0xbac55c86214cee2f9c776cacd2b6da40655ccf33,2,22000.0
0x85d6be8b92f90d27e90de3643284132d9b477c2f,7,8300.0
0x807770cebf2277a1416bd8b86d4228a34c2b5844,1,35.0
0x2cd565868a52246b9b27234b4969db244520e616,4,12500.0
0x6824c8efbae1f9849a32867f941a4d4e63656123,4,8728.794578469999
0x61a34cfacfff78b794085e3ddbd51e8b8b2adf72,1,5000.0
0x39e6be636ddf46898cc7580921bcdbeef6a040ec,1,75.0
0xf5b7417385f4da9718e1138591c0bd63e335f0a5,4,6695.0
0xe32067c6d804e2908e0c23503e149ef2fc8a1ebc,4,700.0
0xa6e24d4525cfcf05fc2c41b7fb0a3fdc54c0febb,1,20.0
0xfee964b54a44e68621d2e3be2adc6aa5978fcd30,2,5650.0
0xde53134ecb187fd4f2e2f983305c73b3e2485848,1,400.0
0x512e9e63df160c10f68732180c8f66047d3125a6,2,9000.0
0x79865083fa6c755482f89f8185df45cb722efbce,5,32209.0
0xf2f550afac262682d59dca3f09014f171513aff4,1,626.784
0x05c3bafc1ca1299f6d15b181e5b71fd2adab7438,2,10264.4392942
0x7ab8187420be6503165bd303abdc60d88af4f6d3,2,39000.0
0xdba8e0e5a4df98135c80fa3e14cf4f8a895d8263,1,26.4
0xe0dcaa1362d3c8edea01496a0a79b6f508c544af,1,60.0
0x093c41deaede4c945f6037e95df2b66f0d7798af,6,10200.0
0x267ca3451ad5062d8b29706fe20f2540e4dadaa1,2,95000.0
0x8863b8acbe09416940cfe255b3e136260f50d140,1,20.0
0x92def9a8c01e7e7e23ea8109d64990fce140640e,1,1200.0
0x7714d153dc2037a137fefb622ece3f49fac0a707,1,2250.0
0x1c7489a509042c83c7daa12ffe2a018af3f87df7,1,100.0
0x0a8ffa986c2b57bae7515f42e73d132a2276526e,3,2342.6099317175003
0xd06044dd5d8f509ac591d5fbf820c71525e0c163,2,4685.059891853137
0xa3294fe44cafc5a80ebfec1371298d8bfe537f2d,1,100.0
0x5c0efa97fe511629c768fe6d6c6125a85752c35a,1,100.0
0x919ef52f4748e58515d897285abbe47d249405af,1,20.0
0x1af40f0211288d62e464e661283689656ba88f30,7,30000.0
0x4c0b1e259915bdf5f771d1ebf7557e300a4194aa,2,40000.0
0xf11cad9f6bad495167ac3df4b2f84b8b31f1ccb4,1,4000.0
0x0c8c3a082a3339061521ec29420cf6b8e2a1249c,2,4000.0
0x56d0c9b2a81c07035654726273160ea187bb0d1a,2,4200.0
0x03fabbeb99a2b29b3f5591889217750cf99123f8,1,2635.0
0x38137c5d8b40c8754ed2e39c63bcab2bcb0f3a23,1,600.0
0x8fe87761232152353f29273f3ee3c909a412e955,4,78000.0
0xcc66d26ffcb332c593a17ff63d39bfbf88bd44e6,6,19890.0
0x9ba49433dad5fc5059402c9c42c58974d1b5a278,3,4600.0
0xa6e95683eb8e3229191ca0f3b64c4372f0160ff1,6,312088.0
0x795f1ad0f95871b2e53e859e4d7852ed19e9a2bb,1,20.0
0x4ff614593f5f0b48d47c7fcfd320392d77741c73,6,4012.62051848
0xb6e53422c10fb3b0e34dc89a6af6235ad46146fc,1,250.0
0xe1b94394458a13e231c0fae4087250e72915f134,3,131.0
0xa2677eb6174b3a285b815c46feeb950524bd5b2a,1,180.0
0xed632ec61312bf48a74cd167d89b468ba37c7356,1,33.0
0x274b50c7b07232eaab18e5c1c1b509a0d0d85294,5,14870.0
0x703338eab0ac1f7d6eaa31ee19ee5dfd98ddd637,5,24200.0
0xe09969263a6a128e0943e0d3ecc9ac10202d1c86,17,1694004.5
0x477ff9bc567b10931a37b3aad47b23d29baa75ab,1,300.0
0x46c93db8b7471b50dbc5e0a2b3a65c2c19da1491,11,69990.0
0xb0756f6b097c2251a680a0bb6b4fc59b23e2243b,18,87731.0
0x00235c7f90f867be828066f5f12741a776544524,4,1290.0
0xa181ab1ad0048ecf60ceb4e3dd2a926610655296,20,2310666.353987313
0xcc6b3c0e5eabf52067983f1eadfb01b0f0374a3d,1,130.0
0x1c6f27f64a3a979aa89fa17292a580c08fdc177f,6,75579.15125984
0xf7951115155aa5097915bcc53314faf2f104d85c,5,4700.0
0x4be9a4a608ea08491f81316370a39d5741f10ccb,1,4000.0
0x47cadcc9f4258d2de3fad4e7c1221363005f2f02,1,1500.0
0x8faa4641e6755584e7b388b7966523675bd1c65b,4,3026.4718530815253
0x87f6114d3213c2fb8ddca469fdf84f481a158480,2,59444.0
0xc452302f8c9fb9363ab5517e4af6230ab0c25432,10,11150.0
0x519751c075edfe677af0e094f8554e7f40fec28a,1,630.0
0x1222dceb81fbb4bcd076a93700977857033294ee,2,100.0
0x54771f96d7af253b9b1c93af05d17c6d22827d4e,1,6000.0
0xbcf3226033617a0c0e0fd53065de96d7fb635c65,1,20.0
0x9f818c66171f3582923108154d4a5cbeb1a2f2a9,7,15378.65
0x03ecb36870ef49ec8b2e537a36410a7068e663e9,3,35000.0
0x054448f3611f1fc1c761acdc2b6d984dfe28e526,1,9000.0
0xfa2460b982c592e4442a72a6bfacb9068548bf09,2,64.95209526982012
0x8ff0e3bcba44caebfdd31684448a3d12566ae9fc,1,20.0
0xb6fdedd39993dc58c26c181d8782f191e6d8ae4c,5,7300.0
0x65cf4d748cf4e3fb7641b5eb87b3803037932d6c,7,46463.32162505007
0xe270adc8b405188f965fa8b400fa5526750daed6,6,32101.192
0xf6ad7fb7edbad3a8523c5725e40bf2b1dd254d8a,2,5000.0
0x160a0dcf2512730256f5bf7af3f943bfb45f588d,1,2500.0
0xfc7e0a5ccb81729c0d85b4a64fdbcff6a60ef9b2,1,636.90828501896
0x4e7b0d68ce62c061027ee09506f7ec8f00a42683,2,300.0
0x1ac02be6259a28e00c51460702786f5cb757b1c1,1,400.0
0x3ec85f6ae35dcf88b7f55965cd674b1426b45796,6,11080.0
0xb81abb783fe897bcb4e2ecd9a61583a47077eeca,1,131.0125741536024
0x2deb3a693879d962b11be8af0d05507ebf29d241,2,139.651859773995
0x25d28aeb5bafaf531c62d7b606176bb546ffcb15,2,2200.0
0x4f846def5e5dbfa15458d958fad66321effb509b,1,2700.0
0x9044117d00508109eca465dab8b7e43aa54468e9,1,20.0
0x57064fd0488125df483c5aeb547e817050d8e3f2,9,35000.0
0x361797c037f54157183f1bb43f2fc5ab0067d422,4,28568.0
0x8083f462c8b65bed90cf247999234fc493c197cd,5,105000.0
0x69a201ab256a27c5bfb6807cf01a655e1c8547ab,3,4500.0
0x2a0ae6f31ecf0312ef849fb9d80d1314be2e78e0,1,1400.0
0x6379e0721ee9469e77f2324d4c2d1232ed78fd47,1,1200.0
0x12efc36114d13aa4ffc1ba805516b540ede5cf9e,1,20.0
0xe8661c100a0e7c86f482740a3ee74334f3053f80,20,52743.0
0xce98d6bc08016df231a1969a0cf2e534a18722b4,2,110.0
0x5a374b712c75f2c3f90744a65701b8eba3ffac05,1,25.0
0x5d94a86a4338379c3a78eccfd0dc030c638c9366,2,24000.0
0x9a5eb3f169ee9cabc09cefd4ac6bb22ab7a55d84,3,200000.0
0xed71b81010c1c93cdb2eb9186a74faea3b7a81e4,16,36690.0
0x07f1f1e1fed7f13e84a9dddbc58b9dbe63a79f33,1,20.0
0x33935b553707ac5f3ad531683e8d72bd35e9588c,1,30.0
0xc82b2c98bab62780d1b6313d319ec800af0b543f,1,20.0
0x736c381543c210cf01265af586f0a03111b2d303,1,55.0
0xfcc27d4ed282e6f7e70c07f25636edf70ac31444,2,5500.0
0x79a250977aa63de3dd90b0eddddae2ca0c07197c,12,260500.0
0xa465c82e500b515454918ff83e4aa8c80e2ae0d3,3,19000.0
0xb9ea2cb282d9f9f196f4d5eec82892b6bbdfc8c4,2,26500.0
0x22e116034f5728beb33baa2908c0c4e7177ef916,4,2700.0
0x9d309f9d8b7e3bc47355782b8d293544873232b2,1,140.0
0xd1dc250b0731073b4c9fc7880cf8a864b4643c7f,57,8679479.0
0x6d768473d1457bf54149d07092dbf786745e075a,8,37421.0
0xc2696e3a9c267e23f83a731bf44439173dfac9e7,1,20.0
0x77648d4eca82cbb3da8e686ecfcae3dc312104b9,2,32800.0
0xebb2f213a9f9bfa6a648b2c579a2f840e45a529d,1,20.0
0xf8cd437a5b4adc06c608b6f06b8ca632e0aaf984,11,190000.0
0xbf24ce2eadc3869ef1d1cf1b67e8e709b247d318,1,75.0
0xb660b731d934cdd31aa19b28d15f1e43e594ff94,7,112880.85
0x87b776cefc477209f8751f4d8aeb9762c99c7263,1,15000.0
0x1809d741fa7064114a7b551dbe40366d7f9fb2f0,5,14000.0
0xda096b6abec1ac0871ee508de5a83380bb8d06ec,22,3179000.0
0x58daf0d5e7f69d93a94b7cd4fbb2b1e58202b09c,14,205910.0
0x7660090e63da4de7c4a062e1de4a6d6451654829,1,400.0
0x63bfab665c03eab7a31cc972b59dd79649976d61,2,15000.0
0x16be012f7151fcd013b68421062d8c748cb5a841,17,840200.0
0xae2d6c5d7c8e6a3e20d08fa2e68ef4705727c591,3,18700.0
0x59a2337cc8e4e1c9e7c788db8209047745de473e,2,700.0
0xe564ebba8f9bec3a79bd9ba3f275fecc4b656b25,1,30000.0
0x41c0fff00b5352a08f2c8f19b2a45033e2620849,4,5700.0
0x6256de0bca45f30358a266678f4fe37023fe9280,12,36762.29034102
0x71e29a329b27ed6868c8007623e429bd9d14e255,5,22760.0
0xfd44bdc2b38d61e004b3bd63a343ff1bedf65c7d,1,6000.0
0xca08e09787e1e2ca1e80f5caac5541bdf7a3f3d8,7,2775.0
0x228c339998cfd6d9ed8e82c0613282d47206e2bb,1,210.0
0x703bc3d654498d5133ee1c8b3f3005e9475a818c,1,2100.0
0xc3378e87a104497f28382d78f0df3f8d50b575d2,1,20.0
0x907ec053f4fe14f525927bbd57acde0f3f7eb822,1,100.0
0x6708b71448db80e53eda7e5c36dd9d7382824f40,1,600.0
0x91dda5e2253fa11dbd16622a6456c845803c1773,1,400.0
0xf21e9144dd698cac316d5b57ef19005a9901edc4,2,350.0
0x6be82ad1ef19357a267eb959ec25000e8b8ddf8c,1,10000.0
0xbe68bf820cfc92797ffc43cb767b8601aecb083f,5,6900.0
0x46cf2cf0a0b1c0e141706cf3eeedaae82241e00e,3,8058.818933937253
0x0872db4827d7f98d356261c5b713f6aedcf08296,4,46500.0
0x2096306c51cd56cd5e71acb68c31a653d1f093dd,2,180000.0
0x132cdbd17bc2539a6455c358bc69391f07fd1a0e,3,122000.0
0x9b64bda749a8670117464310b9963cd827a3f191,1,80.0
0x59104300dd98356272209425429a54753d2c200b,2,4000.0
0xa189c6c06e3225ba30f761fe371482ee5496a72e,4,3380.0
0xb0d77856cfcbfa6ce15b47594cbe151073884f9f,1,220.0
0x1be045fa3409f199b282e713f16216ac0a084566,2,8230.0
0x78091783060b8bd4b2be796d53138bea9bd90d8d,2,3233.0
0xfd055d0f4a0f2d1916a932106aa8b3a584f5f864,1,20.0
0x7916ea5485dcefd95d2858a65ed4ecbb19aca4ac,1,20.0
0x6f22946696e23122f23b956c753871cb9143ce9e,1,5000.0
0xb2c392c6957aeab69c593b00af508bd5f0916250,1,1650.0
0x879f5c9f8d476c80b426b62a4ce27c1969b80349,5,191000.0
0x343b63ab77c4244a39cc13881d43857decfdf0f2,2,245.0
0xfa7ebfbd267a4b0888927e5b6b396b870d76bf38,8,37350.0
0xd136bb53a5c212ffda970435f11f1b6b66b8b094,1,500.0
0x9c14bc5a66d4b9425f53ef7ef222c45c9111ad3d,5,21591.17
0x0e5ec508e18fc7827c52d7599a8659443975eb71,1,20.0
0x4bc7a09187844cb0687fd80783a17858af485fbb,2,24074.091714090024
0xf8e3450ecaaabe194e4e63cd5e16e0509deac243,1,21.0
0x3417fc6c7f074b9e7746168a983699b16e946241,1,20.0
0xf8a2d4437589acdc05660abdf876e0563f654df7,1,37.0
0xdeb7e105c91772a92f3236b04b2cec774e4a7278,6,9877.0
0x35dca5dc3a3174f29b7df7f97a1107904c04d0fa,1,40.0
0xdb7963c49ce59812015334b057023acea1b6b397,7,482000.0
0x357e58b8ad7de26c2acf6402bf49d846c890ff7c,1,600.0
0xc119c0cc1f6b0ed3a182f3a1761311d5a572adf6,10,93438.0
0x9907b99a41c77510acf9aef840f5fa8412a5edd9,28,54150.0
0x43fd5593861979c83ed7f73ebad82c053edaa8db,1,80.0
0xa61d2b6233f530c2519536449ba6395ca71eda4c,1,60.0
0x0a6d36b6eda1d6ec567d27800bd380d993b80237,1,20.0
0x2a43382e1adb133ba3807bc7b727da2d69ee5f2c,3,7000.0
0xaec2fd6884cf787f60e8b225942cb77900329594,1,1200.0
0x50e974fb385fb6401ac4739d0a4dd5cf622a414d,4,8100.0
0x3c8977e4d644cd6926fe90a8eabe9a94fd97eb33,8,9755.04
0x8c18c30f5f632ed5de86d193a81d1a829928154f,13,3458325.3437202424
0xe9e28643065add59f0efa4f2e4987977a817e772,1,3500.0
0x67457f9590826a26907681d017d5727840d3b333,5,30000.0
0x9f07e12012cbbe110238636fb78cfb9dceba2714,3,2200.9
0x2e321d88480a30457ed1e9c697820a046968b526,4,6500.0
0x8e8a560abca3e9de51f031d7fe6888a7a96b3c5d,1,3000.0
0x7ffd144781f71e8b98962c23c7d31ae77966cdac,1,184.22821957309708
0x1fcfc482e0ef2d271b88fd7bf2e537f0ab7681c7,7,14150.423480000001
0x9d3c7af04603175b1314a62677ea4a26444e8a72,3,40.0
0xf12dc7d691b752f73ef59b56512fc246868fa729,1,15000.0
0xa099ed83d45581d5e90ddae55d94aeb04d720651,1,600.0
0x6dd56565013aabfe583133425f1e035c0a685c0b,9,59560.0
0x14fe611d190816735e9de3088b1a3896d36362bf,2,1020.0
0x977caa3b938f7cc171cf8f4c2ad0025539c9e66f,5,10800.0
0xb2da30dc5481ead9ef420cefc139bee7e3a9d19b,9,29008.193796419233
0x54ab0c393bf725920d70f25a28d2656dffc5ec30,1,1751.0
0xf390bd05e1f64207d552d9bd421a4488eed74b75,1,52.0
0xae88f4df63adbcff1f3ea6a21f9be72d647b0f84,1,16000.0
0x1ec6422ccc447a9f5a9cd5459be5f8559eca7763,9,51900.803073106734
0xe8193eda9f07660a8a3c77cbaf0ba43f2020c26c,1,228.31314648261
0x2c455b9d086e6a3ea0929ef5412b0b4182087fb1,4,31430.0
0x60c55611a79acccf3ad1480362da801bab02c579,2,7800.0
0x220c8b931a123ccd2e5d9917a942d2b9faf0efa2,2,476.0
0x37f25f1de59e808a16ffe6fc758e6f0e18a7ad97,1,22.0
0x9afe63c8aae29c4e26f6b14368ca4aea92c5ed6f,2,2327.370709658
0xebc3b3e9379ffc1ff9786638d9a346f8837d01a6,2,135000.0
0x733a19d4efb7fc314a854fca30b1c3c4cd95ae6b,7,270367.01369714004
0x0769e1b113c9a71deee02eb918bbddc117b8ca93,1,100.0
0xe84dd09a10f33b589f8f85a62670ad054556c91a,5,110000.0
0xb0ebee65f432c443e1a7926f41a88aa3344747ad,1,50.0
0x2319ff24402a3528bd7dfd61e60ffd3fc6c0cd39,1,4000.0
0x6488244447dcb879d3195e0053815857f74d0d6a,1,2616.46
0x16891f76a86ac66a554dcad8c04474e48e0cf6f0,1,20000.0
0xa3e14dffb236d36bd18882aaac1aff88127c0b76,2,6100.0
0x4f32b522935d6500f7fc2a67d6020764c0f127f1,4,4950.0
0x98492c1c865308dbdba6ca0946b10ebea67f7c30,2,850.0
0x7ef87bfb5fa6208a1fe66f0055a3c7e8916e265c,1,50000.0
0x110c425d3a10600b2ff1c2620df67753b48e9419,5,1200000.0
0xdb10b7a63f3168f4fcf77fb942eb0e7152424234,3,2820.0
0x0e478c34eb21fb48b61cf892c4086e7cf74101b5,1,150.0
0x6ddcbfaf317f2ab8c099ffbd620f46001cd21746,1,17100.0
0xd0da03154d60737bb78c8d74db73c3f74b56b6ae,1,1700.0
0x15257b1e274842467d2514fd02c7dc4bc47b78e5,1,151.0
0x811889a110243245ce3bc59e100531a5511adfb2,1,20.0
0x032b6c84e0424e7330e29965b0af4e17e2b2eadc,1,200.0
0x31fd97bbf870319120b17edaddd7711018902fda,1,30000.0
0xf1ba94de078a2e86a5c23d2070e2daea2280253b,1,30.0
0x3154a83963e5742a442187ebaabf1e219a6bdcc2,1,200.0
0x993ca2af50de0eac6f73c6a7d603f13f2cd3bac5,4,23000.0
0xd9ec52958f9ed1d1a5ebdee3aa5d602c94665f63,1,200.0
0x02301ffe5ed1ba2291673a4b55b73be28c95ce01,1,2000.0
0xcbc789eec5bd839bd82ebebb8226fde37d448e38,1,30.0
0xbea73bc3c2b44f73bcc657991b13eadee867064d,6,23500.0
0xa64e3547ad85d917d48f25bb736e8ba2ef7fdb8d,1,39.0
0x7f1b35fe88a0c4cb9d62f022e635865f0fe60a2c,1,1100.0
0xf1665eec025f2e3e0c0a4cae181d4d2bc39e774e,6,12300.0
0xfe9cd1a6aab307ba43199ba7df646a3c8d434303,2,9500.0
0x645b3e9595e22f1ca9b3dfbbabc191723f6e1110,10,858639.0
0xf0985ef910fb9dfe2c5ef6df35b9ceab865f887d,1,6800.0
0x1e7e50aedcf73602ab2bf774789b181d50877129,1,260.0
0xa119584cf4813fe728a735f7fade8de6f3b53373,7,7956.477553470366
0xbf8c2bddbd730e8f99d84db844206846d07804b8,6,234000.0
0x7c1a040867d5d121cafcf80da63f00593d87ec65,2,600.0
0x36a97440b6279d6e02be52ca237144d50447505f,11,750000.0
0xec348702e28def19c04735a7b937046efdb8a9ba,1,40000.0
0x4601f315975f3d1db184521746984c612859ad99,1,350.0
0x66a5812c2e264bc1212c3ceaa660ea5b78cf23ab,3,176500.0
0xcd8d880628a6a7cd5293111ba175b17d6cdf2358,2,425.0
0x5c35908079b885742d00d61dd7f1164ff31e089f,2,16000.0
0x5ae3ff7b6d7704541c3d711e522da7d5f19e092d,1,350.0
0x7f3c33b3ecfbea1a44359f61e84fe8863c3e79be,3,117000.0
0x60ea365385dd73ee5b55bef0557be224cd88cec4,9,37687.0
0x3779e4206743340b8e889066463461a70d8bb1b4,1,260.0
0x182fe49785ffc0003f809465da3aaba7017f3f1d,1,2000.0
0x5dabbcb63b5b7bc2f530802f636cc6463b13b834,1,2000.0
0x7809f9ec0b32fd20722e9c53aafef4d22610ae5e,1,2000.0
0xc3c2fb71c2b1682a7ee3159f7c9b6f4795635ea1,4,33940.0
0xc1edc81ee00aad32238d1a25412d7add865f593c,12,210594.42463493074
0xd26945d7389ce4dd954797b272c52465f2bcab6a,3,16000.0
0xebdb4b7d185870e80366025c1b31b6d640bbb10a,9,77000.0
0xf86571bfd832a80abab28d3450c3a18c6c2c0a30,2,8000.0
0x4ba8b7af60b0e2dafdd37e05c96055fffc4c47ef,1,2000.0
0xfda18d3847d3fc3f7cf325f6704bdd7c37daa51e,1,2000.0
0x5444559ebffb29a8cfe76242c23942e5311d5cf6,1,2000.0
0xfa66aeb635ebe3c916cf9d4e4f3789693e15a3a7,10,444952.0
0x85381ea7ae6c7fd76f9204ef1837637c0aaab435,1,400.0
0xcd166489f82e5895ee727e00bcadb8a891555b22,16,444000.0
0x099cd5e3f7b2e825694573cc95189a8941faca22,1,3200.0
0x5492e784f6500cef865a8428d4a32ac39ee6f91a,3,3800.0
0xe441fd112134f0b5ee97a5f4782b7d4bb74740c0,23,114500.0
0x2548b706302aa557eeee775f1c6ffddac6414601,1,150.0
0x1651662f944df61ac271a1a96026c4f669e7d98b,4,1285042.5
0x7c45acc06109e6507d1a0ab0efda1abb078fda90,10,196626.88549852878
0x39a46d8a5960fd298df1095e066a94c50f8bb3ac,1,157.27587716644
0x1c5396f9215e69001cde4d1c9b72caa64c233077,2,22000.0
0x599c70fd1f7d5e108d3bd8c10b547107819c761e,3,3530.0
0xbcdda288df5b8cad7ac944a2e604e74dbafbffb2,6,50250.33442464151
0x5da07bca4008f2e073c8a6fafde24ef824647795,11,29400.0
0x5b01091f5e2989c562bb01afb7f062dd932c35a1,1,7500.0
0x486cced93df612b92e89d6452134c13844445cf2,1,12000.0
0xcc060a75a11d3cb36e78007ec3b19591b49a7d68,1,1500.0
0x0672755108e9823d24c90f9fe70f588a8ec55c90,1,30.0
0xceea5e1fb316cf7c24ef35ba97ab49305f5c1d15,4,8317.619999999999
0xba4fe1c8d992f8ddee8dd10078f69403bf136696,1,1069.0
0xf3a15501b6848f3245a4f3469ea183859872989c,48,1943639.8839069414
0xc9b91ecb2b7f244df4f6971e0e1b961b98991d64,1,100.0
0x10372cc95ed88c6849c67d6117707a10db45306d,1,1000.0
0x66cb1a3d092e3fa5dbeb84daf07ff12721c24b02,1,1537.18
0xaf30e9e87625f7e92514a867a88483e91f7cb450,4,36540.0
0x79718e108202902742c584a5830174170793507c,5,1124074.0
0xb4959bd505c781d3cd128f464a96ef5838525800,3,2654.8937568700003
0xe273ae761b9db829daafdeb5eb7d19130279599f,1,10000.0
0x0b88e674f5cd02baecaa2b5adcc37ff1ebd4664e,4,106250.0
0xa66d1fab49412e9daeae9ab872779b6cd15a8c67,1,1500.0
0x9be2a9a71945b93c8cc1e8b3ca709fffcd4b4712,3,2250.0
0xa8f9ef96692f370fa7fb89d011d5f57c2253ed25,3,2950.0
0x7d5eb0658f8f55aeeaf2ec949ae5c9572a9dc6f3,71,465500.0
0x6bf8566b127f29e8c8ea66f3de7acb9664d13322,2,6000.0
0x7aeb84d5bfea9b0cc0fbeac0e5744f0302af90c9,1,2500.0
0x5af6916fdd05742c1f8442f584b3ffd2fd225caf,1,50.0
0xa9240dae39d0cf9fe9281ac79018031990473ce7,6,74500.0
0xc069a97bd8a5b899449852f87f5affad2949579d,27,258900.0
0xf51f2043f10a14a4b7c4e71829241e4e21a1bce6,4,30101.0
0x02951d5ff48889e3905bfb5894248c91ecd43aaa,1,130.0
0xd3ef9746a299217366da9d733e005308d5ae3877,1,50.0
0x77a66e3ef03e4a965c99d9ca678a4cf3efb10f6b,8,44500.0
0xed06772c078231f97c179bd6a44f09c126f0dbb3,4,42000.0
0xd2622f9bb6e9d4a9df1d804bcf4bb72ad9521743,2,4570.0
0xe5f5bae734d71b668da7b6c00cc1ffdd2027b9e1,11,358690.0
0xa1679ee3f5ef157cd72b9ece08a78136c4eb3993,27,163675.0
0x88e10233e4b4bd8e4abcde4658808bba4f9a047b,1,45.0
0x6bb456c59fa5bf2e67e770d4196834fdb69aa0ae,26,136311.16
0x70c3bcc1e598158579c6c36ca4953fd3ff3dad2c,1,100.0
0xf0acdf3c4e9189ff601580fb01601688e22b223f,2,31576.87694414
0x0563db30ba282f9b3377408ea9d77334185013f4,2,10224.79
0x0a87de8f068d7fcfe3991ae91b570a15ee2332ad,1,2000.0
0xf9311f912dd792816fa4714eecd5b514f0d51271,3,110000.0
0xb5f2db299dfd2b2a00f2d9874313169979013fa3,2,11500.0
0x4f5eaa75cf935e2a02ce280b3f1a1bb1f4344ba7,1,20.0
0x1c11658211acb68676f6b79b853b43348d293245,1,6000.0
0x79e14bbe787d6728f95a9e64e4b53a0ab03fde15,1,150.0
0xc0edf8221b264a6863c31a04011a0d3d629cbb56,2,1220.0
0xda15c27f515866c35883d17f000e0dd465a91533,1,10500.0
0x961a9c05ded947661d13ac5735a061aebf3eec49,6,310000.0
0xd70083192d6e15fb718ca1a1414b217a3360f8c5,251,7510400.0
0xbc458418328577f2550ed54cbfe324b7340565f5,4,85400.0
0x9e858a349b4d0d7842291e17521420724236c74f,1,50000.0
0x423773aaba7ecb488ad0100cd830083d3a604d8f,8,662000.0
0x12e33db432e6f4230a7caecd1ab100ee1cbea875,1,60000.0
0xcc35ffec3145e340ef9a0950847862df156d8304,9,3203200.0
0x8b5431a898b8a013e7c62289b69b0f1ea545e493,3,92000.0
0xa9f93901da777a40c067ceffd378979e187d202d,1,130.649
0xc5e7ca2be8db3a816ae6b0dad8dd531084580cdf,15,1497000.0
0xb42ac4af1196dd501ff1f231dff216d81de34724,5,5469.585999999999
0x8b4375acfb07b1b61be7cd16bbb328fee152e5f0,1,800.72
0x6d1bc59a2d7ab41713f62ad1d427dc6898d6e878,1,25.0
0xcc5a3e7465ac25cc37d7e6c74feec639e5d42eae,1,20.0
0xd05ea30f887e6a6ff544473c43de75cb098e853e,1,1570.36
0x30b8688190a0a15e926f9787341f0ebea386036d,1,40.0
0x7d7c12b1f934dd528c19869b6f9c04023ac14ddb,18,413000.0
0x1e397bbea9136125be867798d44d7b8c43c42367,9,2888050.0
0xcc104abb626aa31aa4d7381d8ba2cea87e3338dc,1,300000.0
0xdf7609e0cc2d692bcf410266f225bda65114f2ec,10,210000.0
0x1ea66daabd493b97bae236b2c72e7f159b7cd835,3,575000.0
0x9ff63edd232abcb5a347d35740d3300c99580110,2,4300.0
0xfd145367980d964be4bd491751f85d95139f8882,5,184238.67560349562
0x105275a0b8fbac7ea62a156aa123a816a4aa3aa5,30,1302191.0728
0xa07473c29b9a60fe56d953944e9ae6f4be7ae97f,1,250.0
0x9b32ae7034488f349a8bffa762b28ce54e928683,3,9575.0
0x11d1fad65be3b311df9aa2d922d9c856578d36b1,3,620.0
0x5c7d729527113b1a713953f3924b71a2c22ac5df,1,2343.712
0x0e108c5af4f05b9b09a494cf45389ce7223e6709,1,4000.0
0x1d3e2510489c6e17f31d07ce0e584a632d1df7fa,1,500.0
0x1c6e8686ff3f34fca990ae82e1c082db7727b704,8,89000.0
0xa80f2b7a27f9369ab1ab1e895c22bfdd1967aff4,5,775000.0
0xb60535b03078480f2efd5c07e364d7b585f0b9a4,2,82000.0
0x940ee8391ecb94f93215dbe2dc84386b8597d108,1,8695.31178654
0xd1e6f4dcf412171a87f4b911268f282f90719f13,16,464829.0
0x794034116ecc635933b18460f8594cdc26ee95cb,2,35000.0
0x83181a626e66cc9a1defd62e4826fd76de870205,2,5000.0
0x5c251e59d805b14e6e28ec8aa5d1e778666f7d8f,1,9386.98
0x7b44fdec6ed990a734167ad3ca9a8dd9aefde1ba,1,7000.0
0xb3e5765670ae110c037c7f84a1a0fdede060c77f,4,40650.0
0xac97175a6335f73a516d150aadbf67a7406f77de,5,38500.0
0x2be5c404c7245ac8a9d4e883259ab3b973ab10b9,5,83500.0
0xd3b2b2e537c5dbc5b53839afc245517274d6a1c7,1,40000.0
0x7ef0e4d06d5338f876741fcbea4be032212179f5,22,2495000.0
0xa8fc2331f63586d1fd1ff8d7ec1cb4a1e9772f22,1,100.0
0x05da2099045b9865f45fbb05d341d13415ce910c,1,80000.0
0x8f772976db35609e0524a8c0b23518c3149b49de,2,42000.0
0x8707ee568a1131d733beae8cabdb9368f135c305,1,479.6598157191
0x71a02acf6bf030a90ced7f23ef956d1dcb76ac92,9,6650367.0
0xbe676d5e56ac78f4b8dab351e2cbeac99756c532,1,100000.0
0x98c937e580c8089dc59150ab15b71f2497595ea6,1,45000.0
0xf0287278354d1c735cfd3606924426e0c5853ecf,3,1596368.0
0x1dd3b7f41ab3872870642a162192eb729e9447be,11,8978273.0
0x6956a14eec97f1ff10405ab4c526db48ee87b17d,1,1001.88159766304
0x1a2f3e298fc8fdcc9b57b433865d6015d05c973d,1,13000.0
0xb93b59157e2697437c5c1bfd352e9884e1c12111,5,43500.0
0xe4f30092edfb8383b96860d8e472db8d0ad85d0e,2,4000.0
0xdf4c8c4ac516b2e36872e99f114a0cdcc1f07237,1,15000.0
0x63c344d86c058bf4ee986d250d24bd2412a8a2ab,1,3800.0
0x4b732cacdd2a4a627a222fdddf9b643b45e9b83a,5,189000.0
0x71e226ba0b65b263222d8ce6f37064d4a84214bc,9,114534.0
0xf416813d5b5dfc511077c3c05cd762180ff7a13e,2,11000.0
0x7c8b4477535da4fb08a79a46b68e5471793a8416,9,200000.0
0xe55acb3a6882bc223edc3d60ed4898b3d2b4c48b,2,130000.0
0xc133e39cdab4b1ffb0f49e06c3e3b78835fc4318,6,22650.0
0x99bde26db8054291a52a61c459e4cfb7d3154475,2,12050.0
0x8708a353c24c19e17e1e1bbf3057de1cfbc2a671,1,180.14
0x5a73c72dc4af67ef8b6ff5103f43777e99b1e462,2,1350.0
0x5a53e4a6204ef1d77368311e57b9f932b6828d10,23,6365000.0
0x72a9254e4954806a27f28e888b08ae414a7ef281,2,20000.0
0xb2033af30a45a4e6f1252291b1d21ae71d7fe5fe,1,25.0
0x0319e7b56c33f85ee52e4d603d515761fa7fcdc3,3,2900000.0
0x73f164214913044ad94772e9ff2c757af95e4db0,1,5326.5
0x2011e49561d288acd12421e7539802982040d0d5,3,900.0
0xb20b63c8416f06ddea7f75059d6fc8ba6f48a6df,18,3181000.0
0x5c47f25bee9050009dfbc883d9a9c9c53aef3f1c,2,1900.0
0x8245bfd91af1bf20c31a23c4e73349274665715d,110,5953451.39030117
0x735cc64a560b2de32b29ce76621e419dc040f4bd,1,21.1761603599904
0x9e01f225a04a64f6401831851e2cb6f43afd7d8d,2,215000.0
0xc11ad84a38b850b4c5fa10b22fda983aaa707fce,2,80245.0
0xe184e382813a433c6de7728f79be2537f8ba8f26,2,10000.0
0xeaeb1c98f4b8f32116fbf0f77aa5a7c33fa66953,4,4500.0
0xaef8ed4107252b3a37c0762c7530bd0af3ff6570,3,21085.888800988178
0x7c920f4a057d6a00a522b6d9a401a5bc66fe08aa,4,14100.0
0xc0e92779b4a727a4aa93ea05d0db96b22e714b79,1,50.0
0xbaed3400be4e34b3b5fb5239e34349136f4e4747,1,25000.0
0x6a3f173f9cc08785204bbb03ca4872612f58f435,1,20.0
0xcfe6c4ca31c0a85f1755d874686ca6fc292d4b64,4,1400.0
0x3628ee977aacda7f6a54bfc72c1afc232f52c2ee,2,76000.0
0x48c9cc96ba060773a7d1c28c5790bdbe61ef62a2,2,15000.0
0x506668d745976ceaac1ef82ed0f4294097500558,2,17220.0
0x527b0e9a92d5dfc69fa74dea9f8e791b28b520e7,1,40.0
0x6845ec2c8aee7d791524b4c84140ac2d1d7eb3c8,2,80000.0
0x66d9cce8a33b79527f4f2b65785cabbc168f5111,2,40000.0
0x831ead15967a3c0018d3e8881b53d7e6d13a112a,1,10000.0
0x525bc3e890ba993ec3eb3a902da97e1306a8dd48,7,12000.0
0x3bbae315be4467fc1b0448e6ca7bd5524ec02887,1,2000.0
0xfaff916bc8e80ac0670fad4789c215d8cac9e739,1,2500.0
0xa1c9d2efe489a17c5e3dd2f2b488a6f73564d6d8,3,725.0
0x41029c7e4fcbe6cdf4a56cc2b60d7315a2be4007,7,32685.0
0xa67a80477748fecea57421693935f23cd6266bd1,2,17000.0
0x39f8e7d1f041f96b3befebb94c9fb547be9b09f2,1,60.0
0x52a16d6d8d25c90a76a456294ece96a47b370672,34,3344550.0
0x3769bacab2fce45fece48547c7e6ea63e924ca8e,3,1400.0
0x6d9f66fe713b62b09cd39f69632fe80d42e51f0b,4,10700.0
0xa8b00ebdbf2b5c39d19953e3197b745d4ec38c55,16,253800.0
0x7fc397fec44db7024be8b8944aa68968706d78ca,3,24160.0
0x9982bb714985a472be7ef74f7d03c0fb2e6090f9,1,25000.0
0x913e82f10d027f89690ec612f688836beeb18ef0,2,15000.0
0xd2e7c41b5aa5059692b37997bfe1466f81487eca,13,842864.923092
0x424fc23e6eadfc41403ad48b1c9bc0bdd24bb1e0,1,150.0
0x225d99218c1a539ff509f26e0555782d19403319,1,100.0
0xfe026e73df58f9ef94ff765fa20b63807daab817,1,800.0
0x46a539b56b695f5c75071bacd73e437c4335fa5e,1,20.0
0xa464adf64d8978ed01c9838d54fe49e2e77fe6d1,2,100000.0
0x8c1700c42aafee9192eefe0f3de3ed8715a28fbe,12,200000.0
0xb70357a193b08286bcd7da4bc32b86c7464a30c8,14,659400.0
0x75682cb61a5c2abee2076bdfcf5ebe0fdd0977c3,1,20.0
0x78f9e1681ae5763eb8e8a50c61868dc32a86f3ce,5,13100.0
0x5649fd5fc9528cbaa7dcff260f1b6575a371da87,4,21500.0
0x3c112d96965a1c558f9e0c53b1da522f833d39fc,2,2200.0
0xa153dab67ac0e48fbe2af970ca99a57e86d97dfe,3,10200.0
0xbb5bb75642d6693864ff4e25f0115fc3135e16ac,4,38255.0
0x1bff2e6a0c7cd11bc6bf670694ec0c690147e28c,4,53350.0
0xc761567cd43379584fd7b29c995e6a1827556286,7,22030.0
0x179f7cde89a9b072f16c99f6402adf6208ca5568,1,175.0
0x02da5efbbd9e8637cadeaf0f242ddf2041551c83,1,1500.0
0xeda17463c9879e2d1141d6f083e66a3ec2517e78,6,114219.85234070373
0xb2fac629e098a9f8d4a3cae037edfeb0cbab8154,1,300.0
0x1943def9aa3f4030bea0af280ddd9cbea97cf545,8,10935.0
0x70ffc6dc3719b54cf3cc4efda9b7f7f2a1583e75,1,300.0
0x636917554f9bd76e06717b4d3e591fb7a62260bf,1,20.0
0xadc686b989ece5c210d5ee8cebc1a4f4b40f0308,1,100.0
0xa85b7359fe5e2e385c7a5d3d91d6b612cf6518f2,2,71.0
0xa91db70b24f23ef1c0dd59f5f55ba5b53f5be2a5,9,33085.03376954
0xd1201c1134f3ca965a2a7251bf4f74a6e8dde239,1,5147.64
0xdc06d6a00c3242642e5e52d9782b0a260e70f6d5,1,34988.4613
0x0aaf6fb5dc85a78c3191ef834e678e46bc09e94c,1,8579.4
0xbe9b532dc80c2f8fb372b9c8e6e005698c6a5799,4,14500.0
0xeaf563fc0024e220d21679c3d99eb970fbd8dba7,7,27323.57
0x1a349241556b69c0ccd153a1e778b7cc1d0c7f4d,1,3000.0
0x3ced2acc99522f46e4135cd73a8c56c9e68d8566,2,2600.0
0xf5ed17767875019a5fd603d849e5d953f68ee064,1,400.0
0xac7bcae7551b61ff906f446e38c19b181dbb0ef3,2,14119.11599964
0x49ee92c8e17ea63bd403ca412e1a99586942d583,1,20.0
0x805c420aa4d40d77d58b9e9ce4666176e7cf5fee,1,20.0
0xe1edfdedcc7fee93f27459c903437030cd4f2c8a,1,7222.0
0x441990ed766b761aeb75489f1fe8157c7a3e57b2,15,32100.0
0xb11f840252ccdfea616b89feada7c7d64130174e,1,1000.0
0xed27db084ae61ec4fd4f76214546cb86b9a0e5df,16,148348.57380514027
0xc473fbe16e0c4602d01d12f3466c87b020ab8195,1,3333.0
0xab9c069a9f3a7ccddb20a3a47fab64bd97b2c7e9,1,2500.0
0x91c455cd5d8b361931cb3c779a4590c618be4a86,3,16600.0
0x07f0a3195f5de18b120f5945a24295db091e3495,1,64.19
0xbf5ec040fc2479ef1ce6ecff79a0d23fbc52a326,3,21400.0
0xce3d64d1e7df407eee9f7cac7b4d6689a33150d3,5,109400.0
0x65c725845cf8e27f1f67488ea8538f7d454e5d98,38,501477.14273453003
0xbe3b609007dd88822820798ab3d3b99fbd0c2a98,1,20.0
0x6357352cb6d3b1d849613352caf448459048dac6,3,125000.0
0x077160719a272eae8186e9b525b056a8fd91de05,3,72976.86683256
0xd10f4dbb93fff16259a08daedce057822bc7ba5d,2,1850.0
0xa6e805b918777cb7afa55b9edeea2914646310bc,1,50.0
0x6418d37e956ef048dfa09e984f3d8bf8092ca786,1,257.691
0x6a3d7edbd36f6cf6f5a7bc415e8d31da6ef41d22,3,20000.0
0xa141ce05937baa3781c776c299da91029991be4e,5,43450.0
0xaef03c0abcf4282685b8a9dd2834a65eaf2e7071,2,81750.0
0xbd0079237e1aa52365d081907cbde9b72b98f169,1,10000.0
0x892e09f8d3c15fc9fac7b3dba515281ce47f0a66,2,559.3860999999999
0xc4435138ed0fac2ef6ab9e7fdf27b65918d93715,5,199900.0
0xb9def33ccbbb47d976543af43b9e44e7b5fcd085,2,2000.0
0x173faf8a9a0a4256fb9d457f583ee656ddfcfd96,1,24000.0
0xed84a55e3d95b3afcbf22b940b3f779213ca7c2e,6,16500.0
0x11694c287ecb00181cb6da6facd627538fc5ca9d,1,75.0
0x7c8cb1eb6ab174ecbd0804dbb18e0fcdfd440bd0,1,20.0
0x503b6dc2140c0d1cf25bbcd7b7d50dda4d5d4138,1,10000.0
0x20fa537e9d0312f0dceee8023deea66268fdd16a,25,3062095.68767687
0xdebb8c98d8f025fe799c64f02f3e143b4bd3ae15,5,40006.05626935996
0x871dacde9a5ec1f827a5adb88ee2ebae2f30eeee,7,1525.0
0xe724d3bc78560281e17bc02f0d77eed083aa6903,15,130112.47048412
0x880450470545f8211d74d39f08dd77aeef81e0ad,1,2000.0
0x048dec816aabe5bafa07b84863eb3afe278bc4e3,33,33325.0
0x44473f00091a05cfde313d2013518c11d42b8d39,1,100.0
0xc04329d57be02aa72cc3b9c897ce83192976bcc0,2,17500.0
0x382931e55bf10c6dec85c4ebc47de63f3dd76d47,1,4000.0
0xcd3c4b5ec8df120a797faba4ecb01b83d0d654ae,1,33.91000338
0x05a4e1cfc1c68f2d5e7b52617e11096a46366ab0,1,800000.0
0xd05d9717f29243cec7295db7975a8f7e653ca515,1,650.0
0x219cc9b26600f9cdc7e24f28964dee51175db634,3,7300.0
0xbe86bc0d4ba9d854fdd27ae6efe81dc04c4a56b3,3,970.0
0x228d3640bbdb0ee53ec96445f6d2030742198deb,1,50.0
0x50242491110db116c6cfdef92d034526abaa41ac,1,3000.0
0x7ee8d09a88b8f976e8c55b852ab6b3a74c2a020a,14,1231058.38377032
0x42c19ecbfe74f060d2eba75d5a10b248b0fa6200,1,125.0
0xa66979b320b627fd31cdba996a30abd0987d293d,1,600.0
0x74d720df6c2bd7831a8de70b5d2391085244f8e6,3,38022.5
0x9fc50e831d93f519fbb12eb53f19d50be551d980,3,25000.0
0x26793a87498a20b7ce782edd6f37b8b006fab11c,3,10750.0
0x7b04ee65feb8323ec44d36157e5559763acd65c9,1,400.0
0x274a59f6e881831156b623e1328a188049a7b594,1,240.0
0x86e07fac44f5a2541d501e4f91f15de1ea8a7e72,14,256500.0
0xaeaf5f38f71af6660ec5cc82f7f7b5365ef347b0,10,835436.0
0xf02b2e45d4a59b43bd23f4529d8b592c86086f0b,22,101908.00290301797
0x69d0ed80328cefb0419ca88075b040d72e9fcf99,2,250000.0
0xeac9b5005857072627f8c723d475a1f6d3516461,1,10000.0
0x476b97a92635dfad48a92c44e5e2b1aec483d3ea,1,1200.0
0xcc11c900b335b3b09836dafa0b49d9536aa87587,2,7000.0
0x089f098d2b19109f1415d5bfd93c970d7bc8321a,1,50.0
0x4d4b37cec0590dd62bd5d28a2a0acf3b337b2e90,2,10500.0
0x7dd1663b59768ec969e4b06d0973e9301b83ba51,12,119414.0
0x91e33c6262eba4b01a857e68920248d17a04062b,9,484400.0
0xb9d3795d8d4c88dc247ce9f31152eef860ac03f6,1,450.0
0x0b6e35fd434aca14198dfe212ff153378f9fe4cb,7,92060.0
0x62b8b0daaff72d6465bc9e15834934ac603325bb,1,1485.0
0x7cadf14ae18a6655f6ede6020d66d0c70589e079,1,500.0
0x2e3124e3db45e72c793fbe9df8af458d48a76a61,2,200.0
0x766486c5132abe2880b1ca89f1d3ff54f0537848,27,108187.07947063001
0xf61b7e45b4fdf4380d90f4457088ec4efd81ba85,1,10400.0
0xf7918471e1329cf7fe712e0894d4653cba7da6ba,1,20.0
0x5dae4b853f3fc6df02c6b9453e56ae0d6a9f492a,1,170.0
0x1bab63f8e568491213f64aab463ebeb79ef64030,1,10000.0
0x894dfd7effef4f2ff390035f44a9fd06ac2c06bf,186,2936620.076115579
0xa5fa55f9459105d9d2a4ede54788d97efd791b26,1,4000.0
0x679f6b7014173ee742080db138f213add3c79c17,13,507188.75
0x44cecbb7e8816b6fa9d354b865456a654649ade1,5,8998.0
0x4436685cd5bad5f7e46f6f885cbeb2e11afab21a,5,12520.0
0x94115d0479daa9c475ebc4d90b73f910adb6c60d,2,5800.0
0xc1e0aea6c9bddf2afdc6ccbcde1d889c8d49ff97,29,907618.9993
0xbc3e89fec7aca0a8f3182af65b7901550d92ebbe,1,2000.0
0xf8caef3eb4610b585d67b147a5e8bb500b359f46,1,25000.0
0xf7c65b38f6bff8b772dc8e19378b43d9f7f5f213,1,437.5
0xefeb4f4a7c010cf75b03aacd3cd59291ba1cf9a5,1,509.1198270075229
0x9c796af9c26d39f05295da7a4f1977012728f487,1,37.0
0xa194551c116c6eb5f286331bad9f69642bfa812d,1,4500.0
0xc96186f7428c70dacc35a03592fe22f845ab20df,1,4000.0
0x0cd2fd8a8572e2d98f3fdfae4f1228b2410c6d9a,1,40.0
0xd240e0d690e568a27be9161ccc0b49a0f23b055d,1,50.0
0x1bd1ff5132fcddcbb65fb80731c143dc18fd75ec,1,9360.0
0xb7bcc2f6bda50687777b77d0259b216edd5507c1,4,8600.0
0x4cc136e5aa4fc8ca71f24877ab76c26e0ba290e6,15,35542.87780618
0x8f4f12b3df36a8c06fbee5134dbf0c76451adfa6,1,60.0
0xd1399e5040abddfa303757a2377a2cce56fa9efd,1,200.0
0x79a4a202141af537633296c6a057581807ffda1d,4,95000.0
0x9838069b95684129ab1429dad7a20ceb122763d6,1,2500.0
0x0c2be1d85233153e53d6b36302e58b7295205c9f,2,125000.0
0xb5bc78c8d9c0dc828234e7223be6e1910f7593d7,2,410.0
0x0f4fee2729ecc7c9d222943288c0c8c62e428cc3,6,100100.0
0x529c0f0a2172f5589985bff819774bc753fc1e04,3,94500.0
0xe4c8a41128699535c8c53702d13be54aa0a8c9b7,30,941389.93039
0x3c2d8a3d3abc989b22e769974763915622290f47,45,317372.21656218
0xca194b53d153efc303517efddb008a3dcc36092f,1,100.0
0xd7d226ac6cdacf8bc74241ad219f030f9f75806e,1,100.0
0x20d57f97fb5c7391efd13938421abb36dba6b194,1,100.0
0x1e9f0eee765b3a70b8c4c89b911eccc4cd928065,1,150000.0
0x149e8a9992ef5304433af738c4a02420e8c5a7ff,6,126778.0
0x6831fa481fb39c83d8e547462e6bff944952b906,1,100.0
0xf162e4a4087bb48c19d8cb5d5c5556b5d29823c1,1,150000.0
0x36c4cd0b6129db430a1824868b437e47220b257a,21,22031.533768624275
0x83cc435f7481a228501714e1841aa541f7013612,3,160000.0
0x8ce98553f99b12ab2e0d416f2ee5367d81be47b1,1,100000.0
0x9475d4672772ae8f1428ff0620766a91448c2e5c,3,4500.0
0x2be18e4681e01649b2b74be1345e717b7395d40c,1,100000.0
0x571ba0005f8c7ab84de04873a740c2f870f6c299,16,506500.0
0xb81b15e3cd23be3d109fc8abb3fdb224fbe8fc72,2,14000.0
0x698f7bfc16832a8ef83236025770c67ccef8fab8,113,8188718.113010631
0x8716c343a511e1fdb816260d176db68d41195d6d,3,4161.5788856
0xf722a775bc40dac84b14d2c9d989822a577dab5a,1,1300.0
0x3ad21415824825bf4c40258e5d195c3bc2907361,1,100.0
0x7b81d45961e06fb60447828b3db769ff16b08e65,7,9300.0
0x43851b3e8cd3ac6a0af6d4382d197880a4817222,14,59952.7720073815
0x9498c98cbe13022304258d10a0e899fd070bbe34,1,130.0
0x97ec8d9cb9c595e05fff9d6fe71ece396b81b300,7,200991.44730903
0x5ce4eb32fe661a005574260056f86c0a5ffb88e6,1,1000.0
0xf8774361f8df6fe2022e13b31e873f48d182040e,9,290000.0
0x83b39127c46aef742eae0a417e90302b0fd87368,1,700.0
0x12fcfc92d6faa0c877efac055a501ab8f1e4d338,1,100.0
0xadab4bf8aa55bbbb573b321eeb938310bed49e3d,1,2731.56
0xe6b6d1f980294979f272b205167b9bc959047116,5,28596.0
0x223335b7740031e89f423c404c6430c51f39db50,2,20627.795156840002
0x5d38a4a768c543b7ee148048202dea3b657dad2e,1,900.0
0xeb9314c0c5775fcc3017f60c0d4c2cd7e0c963d3,1,100.0
0xc241c7b69509501ab97d0cf03209685b433198e1,1,20018.0
0x537a3749b359183b98cdc27e68054e8911193503,5,1625.0
0xedac6cba115287a2576a2c350eb87d94e9622cd9,2,23000.0
0x7e69da0cae2223b45e41530bd82aa3f086f16de1,7,165000.0
0x114e011b72e9961562f08da12d5b47e7336497f8,1,135.0
0x52a196f5473da3e9adfdbf1526d0acba8a659617,3,23000.0
0xe87430c9c02d2b69ccb40a4493cae0b85fe40e60,4,160066.62527093536
0xa361c6fd0f3112207a3806ce4b3b538807d9c0a6,6,47000.0
0x8f44071730158dcc7a4ea19cb40dcdd978d9d93d,2,94062.1
0x3b6ecba199e44068c2676d6014ec3defe925f63d,2,1750.0
0xdc347e8e9bb8f0dab0ea334cd54c50d863f137ec,1,250.0
0xde71416b126bcdb835a93a4a10514fa69308d8cd,1,100.0
0xcbee9bfa386b6da5150a37d7a7b749bb0e6970ef,1,100.0
0x0ec3419820cd20fc5b5724f7b63a0662b0e5aa8f,1,4000.0
0xcbfe61bab5061355d063cd95c427d41dcadeaebd,1,22000.0
0xec36608491551b8f9301026bdc0165a4eb78f8c3,1,100.0
0x421fa556bb8928dee3c3ad3a9265898809b0eb13,3,5100.0
0xcd340b3e60fe9f23de965b60461f64e90dddf485,1,100.0
0xb8444f9cf3d7e2e5d23d4eb766902d2afe8f9cad,10,13905.709526982013
0xcefe5762d1b0f3639d376070dfc6ff711206a327,2,25600.0
0xa6ebd271099fc132211f7f61e1743ab4d1ae6c59,1,3300.0
0x75b7dc505bb3728600dee960b399a1cf97b547c3,5,7500.0
0xcd04efee9d579eeebcc7ba8e516cab1745aa0ed0,3,5500.0
0x8f6be53aba5cc138686c4341faf3361988972995,1,126.0
0x8c9864b29223d90db257e4269c6ee6789bddf779,1,1000.0
0xbbab02c7dfac749342a650819dd5287c975d69e2,1,100.0
0x9681aa29d49bbe7199e0415ec78f60ec3924e666,1,1400.0
0x6b4a6b3e05042a77629bbf09568293ecb7b65a41,1,2450.0
0xbf271bfa3de9472ae4cd1b33ae3f1267a3fed42c,1,120.0
0x81c9c0e68e25c0eb1934556c0aff0fda0c3e1eef,3,3800.0
0xba3579736f42b1051f28cc7368c2a0a39439e089,1,6140.0
0xd6dcd85266d95c89a057f01f95eb949bcb26d45e,1,150000.0
0x2d32edd3260adb473409edcca8e076d90f861495,3,604000.0
0x565ba6917d3df67b07d29bed3f4a6cfbf5f4dfdb,4,4900.0
0xa3e524805e3f9bb3fcbe54668274881ed169b851,1,1000.0
0x072fdbc955ba91daa6bb096fe5152592d9538e6e,2,1500.0
0xeb835b9af78931b42d6bb5bf743c2bc0b3d1bf77,2,2000.0
0xebfff0fcac0041544857d6de9bf414119588a5e7,1,25000.0
0xc39fd9756b2a82623c2785f0082ec669a62d0070,8,5622.0
0x698d317fb8ee800790d19f28ecfdb478a795a49e,1,100.0
0x81b677a14f66a462e283db7bff035dc4e3ec3f27,1,400.0
0xb56e26e9bb928ea76f56033f3d9a244ccda9e718,1,350.0
0xf3a66cd27033bba8f83dac22acec5053c469d85e,3,14000.0
0x775f90d5ea8346755b3b3cf8856eaccbe9ae4656,7,518000.0
0xd1b14447dcd3ed71c07ddf4d97d3885af7ed00bd,2,1150.0
0xfa4d538b90e73de2df9d49744e2a20b06d108cae,7,7141.0
0x76431adf5c9ef2b2adaff2193b98723d97a4a92a,1,220000.0
0x4ff6010223aa14c59d89d0a272f36ce1b4cee862,4,500000.0
0x701bfec1e92f42f9f1195f23d2ae29fcc7f7d2f0,1,480000.0
0x8b8edc4f10a0826d31fdcda0e0caea581afe5435,4,19500.0
0x47659e37a31f51186f2d61dcaf1ace8492c0f94b,3,9400.0
0x963e46b73e335f64157ef680f4bce462a33a9b7f,1,2500.0
0x7c88c7583a3de26e0b3c682a622b8d617e0432f7,7,5010.0
0x04eab684384e12b269afcc823c2a72a92a66aa63,1,11000.0
0x740d11907402ecd0b97068ad8bb3c596f68b26fa,1,3000.0
0x972da0cab22887a54147fcb21ecbeebbc1662924,1,3000.0
0xe79a0b4e899011f44fb0a28c3941126c851e1b5a,2,27250.0
0xd97a56bb4c9b5f5c0a88d193fd45cf476cd404a1,2,10160.0
0xbdd1f94c2a310fcbb5b60ac5e1d31be483caa7c1,1,200.0
0xe5f05fd5442a29ceee42bae77b41cf6a9d20b446,2,15320.8
0x5cb0806837e3976407e518daab44b0d4e0696cd4,12,108880.0
0x774c3bb0ef98c2eb1e60dbbe7309176afebbfdd8,1,50000.0
0x5ab326374954d8eaeca7039b01a40c8f05a05100,9,433000.0
0x1bf77d5616b5984763a172654f3c54a855bf0889,1,120000.0
0x664e22fd531e9660f4ea0bce0ad330c896143bd4,3,3700.0
0x867554e9eb6e1c2b2cc1545b45a513d92f64e49e,5,533000.0
0x68fb4b2f8008518490845720527c85f30222ac63,1,2800.0
0x34bb83fbbc7246ad9246cb75003cffc42312f467,2,50000.0
0x913a7a2ebf3366ba0f54e200ee364c79db59a7a3,1,100.0
0x5f60cace987d118845b54e89836667330c10a0c7,11,545086.0
0xfc5e9b6940fdcd4b945b67ec54d2bdd486ed4c7c,6,103811.98000000001
0x5be3a2b85e7e56d5b20655b4a9c040be2a0ab65a,2,111000.0
0x7258a725bb8748bb13110204def34d97be77884e,3,11652.0
0x249d285e596631cf8980adbcf1d915d0bb2fc0d9,1,499.0
0xe17975b002062790dfce87785a47c3ad5e6d8913,3,38000.0
0xe06ac7f07ce0c92ffb33cf21e546caaae8f44b26,4,17000.0
0x343deac21dbb81ee7a727e78afe0225493b68cae,40,147260.0
0x3decea41aa56e4a2838328c2ebb497324a3a5fe8,1,45000.0
0x2d8da0079fda8f51cff3104de2ee446f7341beb5,44,171185.49199503343
0xc9075beaca2baf5d1e8db6bb70ab4bbdacdf8b8d,32,868750.0
0x9b80088563e8a2d6ccca4be090bcbee688f5b4f7,3,13600.0
0x3e3c8383849132231f6f49ef6a06eff7a473b63b,1,100.0
0x8e614bc9723fe7b500612ba7fe066aac969387dd,2,20000.0
0xa268d048950cabcdc016b320760217afa5bda814,1,165.0
0xcee389b1d18bd2d3c13dd937fa687ed27532698d,1,6000.0
0xcf188f45998e49c8f080b01cbd398af609d41f07,1,100.0
0x23717f9e97cac100a791517566169f0678cfe8f2,1,17000.0
0xaa5416ca64a165da64cc4ca24c145f406194c9b6,2,305000.0
0x698fbbafabbdbe28e4fc9350ece16fdf855f8944,1,800000.0
0xfc8dc5cadf8dc1b92a15a1d0668bf193c6b7ffe4,2,3325.0
0x21bdebd929218f21e8a050fdc91cef71804e1330,1,100.0
0xfa7a9bb28406f041f63906afa69b41172c8a6656,7,27685.0
0xdb3d08c7ed56fd43cd22391ab80110f6f9e1b9b8,1,3000.0
0x93cdec618aa5b8caba264d650e320f1bc4e0d7a7,1,100.0
0xd7e9e7ae39195d8ba69c14db2d5853762b5f1e95,25,445992.65407048
0xc61aee19d14693034762a95d39cb701756fc876f,1,1500.0
0xbd9398bae7088e9870c88a3e628eb069afdb52a9,6,69000.0
0xda9f93e850cb8e6b09d9ef8d7977f1fc937e5295,1,100.0
0x957f0eab3ecafb333768675ef9acc88d6c988e38,18,22340000.0
0x4dab95644fba9c4a79a9175ed37c025ada560485,3,10658.0
0x3849134f6e03cc4daa2296611dbc4c4f2dee4022,14,11546294.511271827
0xe9c32fdfa66be27da90e252cedf29b8035d59dc5,6,21821.0
0xd804933e292484c3e202a98e16dd94d6ffa657f5,4,24600.0
0xf5f8eecc5dc6191f70b0d5cd7c6ef8331bc2b75f,1,310.87
0xde2029f06aab6037f8ccd6c18117ba6cff5d73ac,1,2001.8
0xad2476087da774ba5780c4335172d7cd6340ee9c,1,700.0
0xfc8c5fef1e9bd2e9983ba4b4e83085fd044d7697,1,20000.0
0x64e2cf81afe83a77d6126765567fe9ebf98795af,1,9000.0
0x6907f08fa87b2b896ee7f9344f45323f74a4e135,2,600.0
0x62a5c255c8f95806aeed9565c8a58f0a2b226736,1,100.0
0xc6261039018f9acf7cf79203b9a401607e5774bc,1,100.0
0x533c25e5b00bc03214dd37c3451f5d82d3e7ccf4,1,117.76
0xc818e4927c105c60256861996171ae6bcc69a615,5,26500.0
0x986288a16b5206b641da6bde23a91f123888e0da,3,431000.0
0x01e4b42228408cc6b7bc55a214e96203edc71371,8,544000.0
0x10ccc3ba1fbad3cee634172e403d3f6aafd3400d,1,3000.0
0xf1a03b160f1998a36a127904dc2fad31b5114d1a,2,17600.0
0x3d461ad73673b06a717e3d5b523b041db87ef1ed,1,1000.0
0xa4643a5ec1215f85f6e49a46094b9f37e3e60e7e,2,570.495
0x51ef6256f36cea33ae30b64345627493ed35dd2f,1,100.0
0xe1b5a8d718940f5878d1b6920b6355c7505bec74,1,100.0
0x481835a46381006c46639a657db47e9c3c89fbb3,2,110.0
0xc123ef77a560d8d53ea9d82fabf72007f984d05c,2,360.0
0x77ecd7d11f67dd6b01b82f76489479f7bf1a90c1,1,1500.0
0xb240649f4f9930e3bf4a6a699c4ddbb3e650f45b,1,300.0
0x929863a1e733c971e9dafe9b6551aebc88662f08,2,100000.0
0x26bdbc6ee774e51ba29b4b3c6573693f2fe8d7ba,1,170.0
0x3fee75cf912f36501fe189cfd2bd9e0060203cb0,1,2000.0
0x15c6f5f29db5e0b272e06eb4c5277ad40ceae8f3,1,30000.0
0x0a3b17ed92c288458948dc8906e056632cafd65f,10,15050.0
0xe5b113c9befb0d2c0b1656e1c0babff0f37ba5de,1,260.98
0x5a026b405b752ec2d52ee4c3427beae29d63e665,1,1200.0
0x287d6b683ec0a5724f9e9e8279ca906f87c8cba0,1,10009.0
0x7824c20efe0daf916e322e3afd3dbedde3d6fc2a,1,1558.66344792098
0x2a10a95e48127f18f8a89f09c5fd2f632072b78b,1,3200.0
0xdff857b7978d79066e932d7d136d5ffdae0d0504,5,40055.8416496049
0x926683a2a96d4c49610402dd054f097dcbd3c591,2,250.0
0x4b93f02162073950184ab7579e18286343171884,5,8800.0
0x9f0eaebb8a5eef94fd5ff74aecf048c1d998fd4e,2,2700.0
0x361e27d622e432d578c9df2fcde858f79a511970,1,3000.0
0xa043a34f37457ac8184d435403de1bb6695e7eb1,1,100.0
0x0c8ab5eb84d4a9af22f83f24d0da66571250109e,1,100.0
0x74edbb6ea2e681621cc24691613c0144f5ba532c,1,3800.0
0x8d9b6c7b403bbdb66c59b7d64e4dc1ec74190e3d,10,12710.0
0x27319ca926615270f77fc88a5789b19d75da1ee5,4,6750.0
0x4e61f3053deb784554486902e2116d99dc4159af,5,45100.0
0x491ffd4028dc3d5c4128ff279c482ca88c066e9b,1,2000.0
0x15025f9e31c10edaeaba15373080126e1cc0d3cc,5,15386.0
0x6edf937620dc8e5ceb9198eda8e17d7f9f57510f,3,4979.34780111692
0x858cfe50df3afdac85631a230d595f75b499df84,2,8000.0
0x66f82bb9fa4d7ed70515aba02e72e9c740e1191f,1,2500.0
0xb12f85cb9eaeecf4c7eb712725d49f91231eea44,2,12500.0
0x0b5ef30881953fd525f95514ddff64186f511fe4,2,9500.0
0x468873cc6cf054ee171ecd91e7ccf50d1a9297fb,1,26000.0
0xba173cf817fd2f47af632756eadf53a9dd034e32,1,83000.0
0x1df8387c0be7f055b571fd592c5de27709d52c07,2,2500.0
0xc130bd32ae3cbdd9eafd964f16c047e098d71c60,6,46880.0
0x2b4bab96ec931b12be150d62cd21524f462c871d,4,48000.0
0x1ad097ae2c6594c403f48b96e1a57e0825381455,2,2000.0
0xf7186bace9f01c45a5bb0ab93d80ccfaf2ca7a18,18,453875.122143566
0x9daa1c773accb0809c2cefb02a0e678b08c64fb7,1,468.234
0x73d5e2deff8d478a12bfe4612676c999db81049a,16,499875.0
0x23503d1c9c53cec79fe8ca8d78ed3c44deef1083,1,450.0
0xe80548d0da0d454dc3f120828f48c98d8e8d9461,7,7300.0
0x0472556d8e947dd510bcd02ffc078bd508c8eeba,7,175000.0
0x630a74cb60fdc2a2200b0bc05d0c1b788dc970bb,1,100.0
0x8198a859ddee50459ebdb01e705ce8ec10973cd1,1,100.0
0xf9de99de20d64c27451a995ede4f41b227023381,7,37000.0
0xa0ee04cd5703490b2de10b7b67113e4d92117d12,1,100.0
0x00cecc329a2802d184a9a8f3e49752ef991e6304,3,200300.0
0x4139844cb9c787699caf3d96b17a2965d80d15c5,6,88500.0
0xec018d6d02bf9f8b118f76dbd45668f8575f4340,1,101.0
0x9c9e969d675455dda16673d3d57bce6d13cd6293,10,95200.0
0x4f7b7d477b6a7cad34ddca073cef036797d9915a,7,600000.0
0xf38916b066b0a07485524f1179bab1fe4d44455f,76,5723843.007075595
0x8c1cdf82642abb2b08d0b24ea06cbef003988e4d,2,24000.0
0x3c4d6c04aa87d007904fb66f881d1e3a645e3253,3,500000.0
0xd9a841930f30ca9f35ae2dd7f265b12d5d440d9a,1,782.86
0x38caa344eab481dedbd3d2a7634235b3725fe748,3,35000.0
0x20e4210b464fe629c08ead109006681c5062d5e1,14,1190000.0
0x6fa2e21fdeab1e311ac5219f4e8621cb3491a955,4,1715.0
0x5b42a4348380a353a9f3c5a71aa9fd74f51d44f2,1,24000.0
0x3f7c01ab69b8f8bea2cbfaace5665bbba1aa6683,1,31500.0
0xc3d6d2baa2a6ed0a16ab43aa3b5b1ef908c7723f,4,21499.99996403386
0xc7d9548ad911ee8c314d5ba43ac340b275b3cc0e,2,2000.0
0xd6cab5f1b3f384e0bb264a3c2f9c944c3deca069,6,35300.0
0x56e022682119d96b9ee0ca45fe1f2182fdc5cd6c,2,17000.0
0x178654a872fd88e760de9a802bd263dfddf7f5e1,4,4200.0
0xa3fb5cd3b0358e742d19308785bfc6b47920bbb2,8,149447.5
0xe248d8916d2cf3cc228c9bd20439ed639909f839,1,1500.0
0x9d9e214302b1f8ff06c83787544a2677d049b315,1,100000.0
0x7c582feb2d316d197ffbd25b3072bcdd06465249,2,66000.0
0x1a9dbe551cd1ff29f1d0e71e51ef578b05571b12,1,15000.0
0x1b217f0d99b724b53cde6fb11e1d9a593f86e9fa,5,24800.0
0x6ce7971a226f69d3f8789cbcd7056d164e141b30,1,900.0
0xe5c44358bd03b6252dad19ba86fd4cf3c1aae568,2,110000.0
0xad6f38de8df1f883bd0a60c76b4f4d0bb1bd0173,1,157000.0
0x53061585a4131bf4fd5f9d67f19b9986c920894d,2,127000.0
0xf9a2d6c6bf8012282403dc5affbec6446b7cddea,1,1386.0
0xc08af84a69c383dbf7a4f93c247240a96fb0c01a,1,7324.0
0x8f595a869ed708f1a11f9a17d142f4d1c3f33fce,2,21725.0
0xfaaf75f0742ac983486944d30e87021dfdf12faa,1,100.0
0xc56de8c6d30922663f02108319cb1e78c2e51b15,1,120.0
0xd3146ed950f75b74de60e5245a2f62b8de7b8873,11,19595.0
0xf56b0416748e14d3cf94fe76fb13f128c5ac08f1,4,700.0
0x1e05f268fcda293430f01d54d66cbf562d8f7e40,1,500.0
0x73b2e55369aa11d5e107feadfe871200d1da42da,5,24500.0
0x00d5ca12130be5400629080418a55e0680875710,1,1000.0
0xbe579d8003aa18a3189ca47a2e84e2b278ca9ef1,9,209505.99134737
0x6d9096b67ec1dbfd4690b7e8a17a511e711cff28,2,2200.0
0xe3b3f9afd8057085fc6e0130c039833fed775ccf,9,188707.57858748
0x0ede62ccdae34e4f3b3bb528753e6fa67abd1f0d,1,10000.0
0x269b8f9083aa9757e699cec519994b39df906e2e,1,100.0
0xad8b6685d43cc0d567c732b5e8416771b6a5cc0c,1,705.0
0xb2f40cdaa6196db6a14e354518790bbc2bceff13,1,250.0
0x2240260c72e6ee60a045b0902187920cc65d8d5a,4,9500.0
0x70fe8a0333b2d18d2d46bcae5025766af4770d51,2,27000.0
0x1978341562d91b89e692d71b8b98940563d07291,2,209.0
0x495e1911dc1cacb0cc520556c8ebf4808eb89c5c,1,6500.0
0x29de3c337323cf9530d47b3cbfe54b1f4cd38011,4,4350.0
0x9c7c241b40fcb3202a40b0b958a50bb14ec5dda0,2,22200.0
0xb1b8cbdb1027c06d44daa76e2f4404c1f0f99770,3,300000.0
0x480b3bc566727c4ff49b426f65b33b988f92c9ca,2,2313.0
0x6af713f55c06b667a756b4245efbcea2ac87302d,1,805.19
0x9fb4eead763e9afdbe07bb82fa6372b2963175c2,13,1388271.9639570778
0x5b68dd9fb8d315051b9a7d03a2ce78fae9738003,1,3500.0
0xc28b439f356a0f55d8fa880a46ea34527988d813,2,402.6519559344264
0x2b3858c0d1423e5e2731d855730fbc3ac5bb824a,1,10000.0
0x08c13e96bb4532f19fc88cedeba2246578952565,1,4650.0
0x61dd46aaf1581e465081e76d03feae95de0c89c3,1,300.0
0xd251772e42f5acd81593ef14dca16e97d90abf95,1,201.22982968442648
0x5b1f5e3710239748b43f06e3058ecb6f201a55b3,1,2500.0
0x024efe3a6e0c9fded18e45bfef3991fff127851d,21,4022000.0
0xaf7c39f78dcb932099f2d676b58f6ebf263cf3e8,1,198.6247217220548
0x369777d1b264339c554a8798180b16bd540fe42a,1,2700.0
0x23321a366542d7935604609c03b6af4cc7b97a70,2,5200.0
0xeb08991d2b4231b315130e6e91c5cee0fd40bc45,1,10000.0
0x6fe657a48b2a96ab37b40c3bd19e2dc77559a656,1,3550.0
0xf139086ab8d0ec82ff5f9a4b9650281100f7b8e8,1,250.0
0x4c60ebda6f825454413200911e804179c79a8c73,1,1200.0
0xa0ce87e970e9dd172eda4d0174a257c4757a6b4a,4,80000.0
0xf0119290f3901233efe347bb994db32d2ed0ca48,1,200.0
0x5a478e5b873eb9d7a300c52018915723b25cf575,1,500.0
0x18470523e8188b49d442f0266411500f98a379a7,1,119.0
0xa2f566bc787265008e01263406ee23a9716699ee,1,198.06114072515524
0xf37f270a373f222e6dfaba3ef2f31615b4e46a2c,1,100.0
0xd1656287f0f6fb00d2ced8317598f3b1542b29c7,6,14818.17207626
0xf533b51cd48d8c51fbe591d478d960c89bacf7e1,1,132.0
0x2b05ea7ec4ebe222f859f80526622834728ffc56,4,112000.0
0xf482ce239ef2bf800cfbdd1c9c39f974b4ab5942,1,3800.0
0x2eef559287010a3bac9241d68aca76c9d4674ddc,1,40000.0
0x468f58ec84b4bb779170c3e1cb248f3fc425ed99,1,100.0
0x23a68accf7614d3c9ba3b39ecfd898bf294c18c7,4,6869.64403995
0xcd89dacdcac6c8013e7952f21eb58187a5e48a3d,6,7000.0
0x3b9db54dbecca40bf6f3330a943819025f1300e4,10,170722.06
0xaf3448fd4c247aae32235edc8d68f1fc5c9f7a0f,1,250.0
0x9de2323ac1a122a2f4efb5aef69174d3bff1431b,2,230.0
0x0be65a6bf499531f97b5a1fb9b48e52654c4a7ee,8,7209.366
0xf41803ed44a792680f00291c1498a7aeb97574ba,1,135.0
0x44baea62409d9018005efbad8a7c35bef2ece1d4,2,1000.0
0x477f92ff51ae89a6ecf8158fc770e4e325643952,1,100.0
0x33c0a19bf2a5dadf2a6dff28b9e5208325d820df,1,100.0
0x107e3e38777ca1c5e9e8b7eea9ca8fa5a57eefcb,1,7006.3
0xe3f9459c0f818efd316cea8d38bd4faae928830d,12,14630.0
0xd8728280ffb91e3d3efa5060aaf1454237dc8f76,1,100.0
0x9b597ee79b7c1a0ffdf427f2ed09e43f9e632cce,5,173000.0
0xa56fc0a0feadc84ea8617cb32c0c90cea23ec7ba,1,600.0
0x5ad57403e5f497c02f4fbdc47b4ee416fd87d70b,5,87778.777
0x9fd15f919ee9c6aede5679830a7b2d68ab004f89,1,100.0
0xf6f256981b49ca5f370da72940687e90e17ef038,5,196750.0
0x9dfa4ff12950b79259b7ca45f8c5c77f26575e5f,1,62.0
0x65a80832793f741764f59d8f5f74e702e3aaf891,8,17606.0
0xa4d13934aff4bcca3262eded058d9919fa751288,3,1240.0
0xd3109352c99ec59da430241bf900886b00b75637,16,93550.0
0x5f03ef8f96462dd6448c5bb6be8ff9a55ce4b363,10,1654950.0
0x15558083a2d0e1ade9f2a2edd01052882be0c9f5,5,19996.0
0xa5983b594ccfc0e3e39b538e889514925f9a0da0,1,10000.0
0x3512fc97d729d86d8a72df739a8f775beaa26cb6,1,153.08710035692718
0x67f5c50fcf192b505c6ef663f5031bae25ac3846,1,150.0
0xbe422de43556d0b0cda7f1c86ed09c17ccfa72e0,1,500.0
0x062e4b2c5941c8ceba53d238a2a767cebda45e25,1,3500.0
0x6b20e88ea878271efa0b6ed6af25aa75015ac262,3,110000.0
0xa63739a31bfbd394bf00e8d19bc592c1d494ddd3,1,100.0
0xc1ed0d1893d8be2c40a34690708c470acea6df06,2,173.0
0x8544c4220c12ce078ed08db57b9623bb79219966,7,72000.0
0x679535292988e4ecc5321d2f321f6d6dd4fc4bfa,24,5321506.0
0x769243da8fcdb84904f948914df1cb503c292b1a,2,6000.0
0x1f33857249b98edf892012c3b4c33a34cee0e0e6,10,54304.200693257975
0xc07af20aac39de140141dca15d39509e57e4125e,2,1100.0
0x8ef26cf17657025c080a2fb58ec2bb3c252f1eef,7,340000.0
0x0a114d474e9f025cce104e555553e24d544d10ea,4,43500.0
0x23283e91d73ba5395b2bee0857cd2811ca4f7afb,1,200.0
0xb5088b4eaa432acfeb42dd36774f8935568e7ff5,8,64500.0
0xba036f735fbaae16a47e5a793b94e8834b7b602a,1,100.0
0xb4a84cf8e0cd60a837e5fe280ab7bc95b33550d2,1,200.0
0x2f9b16931172bb9514f1d77d7d585e0a0fe6aaa2,1,4500.0
0xaeadef5375876677ce231b348dd78a59802f4749,5,27068.0
0x936d4ad18a2f52978ea24d8e308385b7af3cce47,38,79069.52792582
0x447761fee196ccd54c933731f7c68ce181dd1cd4,26,54760.267705832724
0xcd658e245710a958592661b8ad1dc0d48f6891ec,8,97000.0
0xa4748fa94ec2572e4c61d6824d53e3e2ca9c88f5,1,2000.0
0x05f437433283a24c6bd10ce31cce50ea0a3bb0e9,3,10500.0
0xfc61e7f44622479914ec26db14dfa552a5ac59c0,1,10753.3308876
0x199e38a4ce7be68ac45c5b7c7a89900c5a7a2a8f,1,120.0
0xe684845b43edf8e8c3c4e982f408ce2a7f8cd0cc,1,30000.0
0xf3445ccd0a28a7cb71f699390a5f21703ea4a465,13,14680.0
0xdbc11b63484a6017d1a874f7005833f07a6cf5e7,12,4050000.0
0x037df304bcc7ff94d5eeca128a767798c41fdf32,1,220.198
0x5405e467ec447ea00223260bda5641b37192306f,1,40000.0
0xa443080b019253946c7a7b2b6f24f8bf3855ded5,1,8200.0
0x991226c573c07639d8119026028a260fba4f3b24,1,33000.0
0x9e27178a2e4ee2d6913e8f5dd1df8d6d31f9a2a4,1,100.0
0x0e94ef036b225463cf50c142734c9a66adaa993e,11,12400.0
0x12ed3c9cd17136485e6d4d3a14001bf14a601e52,1,10000.0
0x0e4e701587d76c39fa5dacbe945ddcdb5c3a5f50,5,137500.0
0x47a7b6779ef4d08feabae2450d37eb4c5d623b1e,3,28500.0
0xbb15c6260558031f6473e42a80e619de8cbd0e0f,11,145708.0
0xa4c38123440ed23bbf32132fa168a2fa866c37f2,3,7750.0
0x0b5193ccb7e07f1756b33fdfddee663920639334,3,259000.0
0x536a538170e45d494bb4c972750afad19d6b548e,2,6357.62
0xba2d6b37b4bbd663b1d9ccc61cabb323194e8226,6,178253.68
0xe7293ce938b2b15f1bc82c73f68f5a5fc865ad06,2,600.0
0x73b5bc3cac14e2861667d0ab68a8d03af00e5e8b,5,175000.0
0x6010dad9fc5bb215c6bc7d29a674936f0293ca44,5,165000.0
0xf34c46fe83657802dc87178f97e290dd35404c08,13,18500.0
0x53bf90f772b6b5e8c91ebd0f8f28a8f70e1760cd,1,175.0
0x8216c839bfbeb55cf4fd94694943847abf49ba75,1,1700.0
0x56571d96a449f8bf59fda1846f3718dfe50cba21,2,570.0
0x7c9e4651c7c1d6f6a843297c1076f8627b4e0ddf,1,500.0
0xf3d876c984b67e4d34c6e6b3913badba33677769,1,2000.0
0xf439bb9c0642e57f893a51aefec44ded4dd05988,2,6000.0
0x01cde1b03f590578d926371e2f512b48604c9b15,1,126.0
0xa0be0b36cfd52c3d8c6abf08f61306fa52c9ec20,1,350.0
0x86adc3cd06eb7c18a6050bcbce24ec5fb10be8fc,8,829808.8122267132
0xc375534ec29c9306af255258c15bffb573ec86f3,210,65699338.91789419
0xcd25d9b70dc22d298994d779733c836f37bddde4,1,2850.0
0x5d90577498ab25c97b882fde4112dcb2e896652a,1,130.0
0x4d63496b62263732ebffc2a9a0e7858303df2e82,2,2824.3599999999997
0x2b2ae726e31f729e2b279279eae7d2f844e0d88b,5,99000.0
0xe1bd66ed51bef940c02815b56a8c022643f27e9b,2,110.0
0xd3a7635fc3189bcf5feba2094e2c6186ebc4693a,3,4000.0
0x5fe780aa36a44e4e3a3e4902ed83d1ed63632f3b,3,2000.0
0x25146b58539f5360d7dc3b386a542517fbe389db,5,19000.0
0x7e38220555767c45a7c02fe2a49b1bbd9eae6ee3,1,300.0
0xc7a1436c0abb2dc92cea19d554dff3cce1e38cd0,1,2000.0
0x1fdc6e79b8acff6ab1962ae8b337eb422729a7a8,6,34260.0
0x9f2891aebc424cc8fe5c9cac6525b0b61ed19bc5,1,268.0
0x1b91e846e89e20e3555f071a1d1897c8cab92bfa,1,200.0
0x4d7e8756c6c93f6e1dae47958973cf2ea9d59f6f,1,1850.0
0x170bd36888e66787a7d20952c3add8531301e10b,7,299854.54000000004
0x0132926bc78454c3facb729d41228adb3bf52b9e,13,429900.0
0xafb5d8e8979a1a137493708b6e633eb5e48a8d0c,2,610.0
0x39d415ba8bc500e08ca9c68b16ce47c9ac139c78,1,105.0
0xe7e6d0dbf7dad4b81887b4a3f25a24d5413480c0,1,12000.0
0x17fbeafb4e48c028f209b4b7393a3964c93bc506,4,1400.0
0x1ffa7a2ee016c0192aaf6c4352895a726524ec1a,30,189000.0
0xdbdb819af87c199ed42eaead45bc14f2eebacb91,1,3500.0
0x9ddaf0a74ac96b1ac01f55a9174351b8bc9a7afa,1,1000.0
0x62a803a1cdadfdfebeb960e88e239d16652f0d4d,3,685.0
0x2f616f300c8a55af2ee6ef57680b8d16fe29d3ba,4,2175000.0
0xcdfe6d336e793ac73938e23da29f74178d9b1d0f,1,100.0
0xb25bfc4804f5faacf1d8df206595d986ce4fbd1f,1,140.0
0x336a58c16c7f7483f846e71b972e9258e0bb1d1d,20,1147329.0905085
0xc1ad79a9ea5ace2401719fe0f43d9b537d346e26,5,48000.0
0x7c46bb453a6f3e6581b5e9dac9bc66530b8dfec1,1,50000.0
0x01172e0fc61f75b4c6563585a88fe87a6e1961a0,1,40000.0
0x86b987d212f971a58270c3b8fecc855fa5083d66,1,155.0
0x505dd93b58a198187a1abe17e92f008508a7c378,1,5000.0
0xd9c7b1e147c6b75ddcf0112ce03fecc3e2a812fc,7,99001.0029049435
0x43adfbe41e3be729884ac5cb96986619521d10ae,1,155.0
0xe7eab2f96374325994e0883ccfd5f5a5a43a71f1,2,7600.0
0x629957a74261c2a6f279439ca03c2d7ea08ff6aa,1,155.0
0x8a6d583f151092e8f44d3c7ecbc764c2447126e1,101,1123209.0
0x93822ca8c3a04f5dff1cdb30ada361bb6750f844,4,5250.0
0x270497201a6d7661751f42481ef9c6c7cc3d0adf,3,228000.0
0x0d236c7629f03d9858f3e9ebaa40d37de8620c7b,1,160.4024369365
0xa76b62da531ee45f7fbdc3f457c491b6c5306061,2,22000.0
0x7efed69ec22364bb5dc39b9d671d1558dcd2201e,4,17406.716140082
0x9a91e284f041f4fa4be6fd6ddcd7e665902c065b,1,850.0
0x471c2c1261aab3639ef3b845e667635924e0bf71,1,163.80134874189392
0x5d96612ccce25d3cc9e42aa6099bbcfd3ccd121e,2,4410.0
0x6bc107e19a95040e6e092656a26d4b954bedf31e,2,228.0
0x9570785011240628f72062368c58da4232ed99a7,1,100.0
0x02975573adc4aa2f50750287368c445c47626816,2,8000.0
0xd8a0d43fd4794cb88a02364583122d31a0f75e7c,12,59665.96737793997
0xdec78de40ef216f75eb871758914ed60fd1db9b3,5,4475.0
0xedce23cfb0e322857681411800c4458900bd7248,1,4000.0
0xc68f36f60660383abd95ec02ed37626374ec3647,1,3200.0
0x0a898fd8b0fbf2e24c6aef6c8d3eb62b91dae434,1,2000.0
0x4f769f8e9b95a8819e60d55338b005c5666d285e,7,33958.0
0xe20a4d45b2ace96942075647729ee21f20ecd867,1,1000.0
0x9267b2f53b7df29d888f9128ec2d13b44f9316e2,12,3600150.0
0x96fc501722c44f1f161001b903a222c4b0d54cd3,6,145505.0
0x5e3362c422b09eafe1e968dbd80d3fd93e970fa5,37,1675507.01
0xf75d2989eadacbb5a247999a266b0c36b8ce7889,10,692000.0
0x4487c77eceeafd172c96ad4d89b4361b5ecb8075,7,12700.0
0x0072cdbd65caa98c407f9d51a7528444663f32d7,4,34888.0
0xd48fbfd671130cf58dff5f85d43d8cf45d199f96,9,18310.0
0xa6bfb49bf028ce949da367682d625d7eee559db7,6,9974.0
0x790ed6d708dcfd24a3b8d2db481f4cb36382e977,39,171008.47536576787
0x371ac4409a0654b20ac9b1daf54b69ad4647f018,2,11700.0
0x53f5f3c23672359996ed2ddbe5dcc8da5f2b13d0,1,100.0
0x5f76a9209f57f5fa41693f629f4995369fac04a9,1,8000.0
0x2bdf15a281dd01c8e1520dfb8d5faf9dbbb3f618,2,20350.0
0x0a3d3a490547324fcade5b03311aa64740407416,4,46000.0
0x2c4cb9c54e2c85d739aa5f15f0530ea505391f67,1,2000.0
0xc7cec535117f9dadf35554303fb97caf8d78a2fd,1,150000.0
0x86ab0cdc90f26f00ab25b3061de923f205df2e9f,12,666500.0
0x3e7d41ec29efedb10bc771eb0dd29915fce21473,4,20000.0
0x33fd3b8e6a2f260d8b2ab2c97f15904838e7fbfc,2,4000.0
0xce4e01ad0b5f52565f3e92f4dde92b63e5818182,1,300.0
0xccd357a083324ee73961a5b76c7c9275c5886395,1,3002.7
0xf52886eebb2f09f5b4b3de79f03eb2f2721990cc,3,7750.0
0xda3b109a2f4139c27318124fe6ebcd55d1f1cf49,1,100.0
0xac29e1895f3ac8239c40f9c70a8a40957eaeaa4c,7,35577.75062447357
0x15e7ed1e465e8ead68e0967a08f4a747cfead8a1,1,1691.2
0x1f6a740e70f299882d64da9965163a564e59a378,4,4875.0
0x24ca16046fca62f0c3970079eed388c9ad773c77,2,561.86
0x33a6663951f91c6d9927fb52a476e55a30ec6b10,12,1539.0
0x3d058851556291cdd3e20058b9b0e21395a09a60,9,484500.0
0x041334ce270dba476c32bcab92faff274e3a7734,20,77803.0
0x234357f67829f03c98bbd27a81f75909367e2294,2,17000.0
0xc6d89c061858b272726042b301d77cf6cf12dcff,2,2000.0
0xbeaeca6ec858d8c489a013021129a756954465a6,2,18000.0
0xe7e4c3a67a446c47a911d2f59b8124b3c9023f2b,1,110.0
0x8f8111c7dd972bf8131531de9d3c60b1997614b4,5,187800.0
0xe263636f924d1846d7a9416412f763ad42ece83a,1,5000.0
0x8152c9fb92807e3f66aa0420ea11249c17cdceb5,4,86998.46663643919
0x48f8837ec4a8788c7665778a46343c2fae9ec9cf,5,47000.0
0x23bd4f8dc708a40985fd557a2e82ef885c68476a,1,218.29515452753895
0x0662a852ed51bef7ec678b2f02e40cfe9d8fcda2,3,80000.0
0x2822a3966a871fd9e1fb1ffcf9fcdaf3d69b1d1a,1,1250.0
0xba37fe5b0d00018a099e40f43207ffe658fee52e,1,100.0
0x04508c71273f63262a4d24d33036c57a8095be09,1,4500.0
0x327d7b480fc27bd2fc94fb2060c4324eb826d8b5,3,320000.0
0xcfc5b9e1f4d6f065ddcc7f332d55a206c1e1a3e7,4,1800000.0
0x27bed7517a920386d517b64dcd64cc07ed4a38e9,18,541506.0255687861
0x7af3a61c997b468d32185574651ce97ab3a8c053,2,2300.0
0x23084debb7d293076f95c416c1825123543567c6,4,140000.0
0xb1504e5e580fb839c4021e1fb4ea365c206bd8ad,2,120000.0
0x28208dde819628286b3029431664d11b466f2f3a,1,100.0
0x21d5307b8099b39ca82b13854bad2dbda0741e2f,16,160100.0
0xb3085be14403e64228b482f4a0eb57bdc4d413f5,2,10500.0
0xda563b05a61e53dd47e95177b4e03bb891c2cf6a,1,800.0
0x12e9d75e58b8b3847592c6ad4e0f000bc6d1d70d,3,6000.0
0x49519c5818227c47ef6a1ca383eac5d85414da49,2,120.0
0x21ec451151cb40a432eb89254fc06623cd54d5e4,19,22450.0
0xd6e69f888c3192ef44939f40f8ae7f351769c9e4,2,1100.0
0xb8c0d552b6bbc4314a596c6010cca1e6a38a0972,2,5400.0
0x6b9899a3bf0af3622129208c71bd0ab2a6bcb0b5,2,930.0
0xb40fdd32b7d98b370bdce0c5079e91c1b1337f0a,20,537000.0
0xc185f72a65bd1605e7b8c948ccac705d05ee2e6c,2,1777.0
0xbca84c24be97061eccb8f6d5eec12a70d569b796,2,1180.0
0x91dca1fcdf25ab5d23974b831f6fab08e8b2ea14,1,800.0
0xcabe6c9574e25fd81a95733a7e030775bbd90b61,1,3000.0
0x3b5b4679d04c90e2de0a5a7de24a0cdab46ea411,1,300.0
0x477fab703d801fc8a07f0991411728a36d9d5a02,3,88000.0
0xb9d89c1249cff5aff4a0f93653a8b06c717e7707,27,702200.0
0xf7c9aada1cc72a960ae54dad872cb66c036b7d95,78,6021500.0
0x3de0c002795859592c6bf433e1302b8840b7c40b,1,9000.0
0xf9f6fb3ed812378d6a3dded8e65695769a6411a7,2,30000.0
0x3fb899a3d9eac6dd05e2b789b6796debcf4c5ba9,1,100.0
0x0d8812be34964ee86f9ea13a86ec6e010af97389,2,2335.5611925473613
0xfa1fa9c79bf63367e9fad692dd6956646aab2811,2,120000.0
0xeebd06db8b7571d3a0a89e4e2717093bad19dee3,6,101000.0
0xb502d96f3f4262f5b3f08c392c2cf3507049c189,1,1200.0
0xf81f4ecd86a5d8138308e21ae8a92d045ac20fdd,2,1650.0
0x806ef2c349e92c5d787c4cad15acabdf1a4644eb,144,77120952.19760208
0x137d06e9975943e80c5d32b7dd9fb7de3a5e399d,4,110000.0
0xe2afbed7e2685f7077bdba03061d910928b8e52d,10,356500.0
0xbb7497baaf231b8b7d92e0cff9bcf4f2018c2d2d,58,3700483.888186788
0x29865170a7dc52c7ece381ac26f1445bf4debbce,2,1100.0
0xf98ce566165c34b45d8d2a783923fde85f5814bf,1,100000.0
0x52ad7607f0052241cc237e2425fc4c1be2d3d16a,11,490150.0
0xe0587fc17ae1c99f942323ab0283ca8cd6c729d7,1,210.0
0x9a3654177bbbbc7e78caa32843c7acdcc77ff77e,1,114.4032
0xef6b12a942912ac690b1e420606c30da87b373f6,8,67510.8
0xc34ff7b3f87269da0012319bc135673ec087d4b2,2,2193870.0
0x764a807204bb96c8f40223cdbfe2926b88ad61d1,4,58405.0
0xca3b47caf7da3266acbfd4645f3d66be02248c1f,50,23164303.62262863
0xdab897522a854e1cd6e296ca3c2bab0fbd529aa7,1,400.0
0x9425761fb0ec19dce830ed7180ba90ce264b76b9,1,1884.0
0x32699ddf1a2c278451c27c8c51c9d984593b91f3,1,20000.0
0x539a327f34d826fd22b2f62c552538340acefe57,1,100.0
0x5a7deaeb1152ad77d1576d59820e69ae8cf0df75,1,1350.5644
0x44edc2c4cdb0ed1dce54ce2d677fe7ce48e2cc5d,1,10000.0
0xb6cdbea3394ed6ffbaf887e817aab1c033a1837a,8,23300.0
0x80d25be6c50e38510cc24a5916339bf5723dac3f,1,5000.0
0x1ed718927a5905dbc6de3cee77a6502b64731dda,2,28500.0
0x0d008c0cecc934584b26354257ff3e3ff030620f,2,2906000.0
0x08a26cd716f590725a7cce4f04c17af3630b841b,1,100.0
0x4e566084e9412c95a3b681c7adc75e9c64f8e121,1,100.0
0x0615da542dc370ef7518016a2fb3a97c3c5ab410,1,3700.0
0x58900476cd07fb15e38f7839bfd3fce12563e437,25,502700.0
0x14c721a27a99d50e9813fed6d17acae67d6264c1,1,500.0
0x9bd173d3ad13dbad5fb3fb33bdf29037d46299e4,4,65500.0
0x0ce03db5f86e2d4ed2ed9d4a4ad35db5bd033efd,17,96445.36277651999
0x0bba992057d17612032e227e9fab455dee732ef4,2,325000.0
0x8e8c1a657854c5e8147a78271c42ad85f35d0cbc,4,32105.760000000002
0x5a288a59bbe3ed9b01707596aafe16dfb8847ddd,2,620000.0
0xc74f283fbf83c588ad1fa15ac5dea61c196053d3,3,220000.0
0x184c6e99cbf7cf1a61d401b587709fda020081b3,2,80000.0
0x0bacdbe37429b8c8f373788d0a3f83f2b35bc52b,1,10000.0
0xec29dc12f04e49736f5f74fdd331b1107ab12850,1,6000.0
0x523bdae9118d4983dfadbb34799b75d0625d3a9d,1,33000.0
0xaa4ce14fcf29bf95888b756c088842752ef8c8e0,1,11000.0
0xcd4364b9d02fc14e4d11a03afb533c67b4919d9f,2,220.0
0xc0973930c03200b5264e49062e9ea0ba390d3371,1,100.0
0xdaa7b3e07fab231675b84ce7bf98852b4a50191e,2,5550.0
0x20b2323fd3f93f5399b6b9c57ff406e800cef86c,2,3120000.0
0x13adbc34d9e7968caeb718568ee8d33649bcbe23,1,5099.46
0x3c48b948ee69d1e57816e849ae5f0959f8522942,4,4350.0
0x54f0cb74369c14bdaf8c253c08f4e021589a8b97,1,600.0
0x814d2851c193a9fe2798a56b3fc03f1caab33bf0,5,480000.0
0x7f9c2db1184b145404cf0a034392d28a0a40070c,22,75411.89150136487
0xc00580b40986c2ed12c8d5c51808e2d582422636,13,1460000.0
0x4cc1edde9ef75dbba3740e23b9c8ead2c426ab8a,221,1949591.8521822954
0x3dd5b3d58555ac064a3a8f093c8beedc500c7f10,10,360000.0
0xa997020a5a5fa72fd9dcc076784bdd3ca9818429,1,2450.0
0x8a002dcb3323a801435fc75eb67d7f063e10dae4,1,300.0
0xd3a7a0787878e98989db1ed1659932a63c7a88bd,12,45850.0
0x1e12c4e2367bd67168d3f6f1f125f1c51c29514d,34,778800.0
0x2b335c4159b123f3d754f111c8cf07d89bc1a516,1,11009.9
0x3921c7dc5ce13aefcfa16bffd7c3f15aa81789a4,3,9974.11669425
0xfd1418d2cc8f44a22af65fc02b6e2e54a3a02d17,1,800.0
0x9d0e69e4d69b2ee9f71059a6e9dbbad6863a5d98,21,2612500.0
0x4faaf64a69f34cce835a7ef156144b7cc9835b7f,1,100.0
0x8f3dec9fc020df23391ac12e3c32a655a5e7ee5b,2,15000.0
0x4eaff13b8737a5f7ce7ab2461c4f1d5a824d1e67,3,2699.0
0x6f3f9ff92c986ac32fba279d7995075f78996fa9,3,800.0
0x0c8a0a67b4668063c4256dd65f46ffee22e7c1c8,4,129000.0
0xd5ed273550371380a717f282840eca97b94af7bb,1,1000.0
0x1750b855848a43cf1ab80a5b86e1023cc1f8e932,1,100.0
0x80125be5ccdeb0aca463c59f4514ecabffba86d2,1,3250.0
0x7e8c885d989a8497ef4ec69de25063c48eb3e77d,2,6250.0
0x6422f266e24e5ca2761459dc3a982990e2c89155,1,200.0
0x45e916e0bd6009cb5be6140f5ff9e782aee06d9c,1,850.0
0x559f9161da160b2d376be53e3073a0ca70170724,12,248000.0
0x410fe7f163c0fd9a6c98ff40ca785a7d4de0039b,2,3400.0
0xc38551014f822cfe3a7a951a2d96a249c44f75af,8,158500.0
0x8a46a8ef227f8f6f94611e55f5ef585b9c9d112f,3,12700.0
0xf52caff526a8ec895a37de5d046771960f5f71db,4,20500.0
0x9cf62e0a8ae593ffaff3fc312f30be76e3f00766,3,21400.0
0x9b3274a7ab5b210d52bc3a1a8b4d77f882eccef7,3,801.0
0x2f318fbfde22be2aa726ed9a7f726746d4ca67ca,2,12000.0
0xde9ee56d1f15214c2e06fec4b412fdd4fceddc07,2,442.89
0x53d7e35a1c469a964c102fc7d728cc61f0519dd4,4,2300000.65
0xbe23e482db66c2e07d998b304b054573061311f1,13,294100.6696200488
0xf5a6b64c0e5f3f870d4a445072a73aae3172e5d6,1,6000.0
0xcbcaa541495844bdb8de5aebbf125b6cf7039ca5,1,95000.0
0x46fa67876870d82aa0c20da6c7e1c3be11d56600,9,305000.0
0x4bfc98a16ec1d3ab5e46b692eb49aeac8e7ad714,2,6200.0
0xc16aea285fec3f74e83f47221c65f9db88824881,2,87000.0
0xec7ee92191d50e75c6a2f5b6dcd60a0c406e86e7,15,6419000.0
0xad3244aedb4e449b98453e06eeb84eee677bf850,6,625000.0
0x18888913e877754b8f33429132cddaf1da4c3f11,5,151.66630694518176
0x93faa854f92e70982cde31fdf040051abb3ec766,1,3500.0
0x9536426c52b944161f15738b2ec05864462aa868,9,311000.0
0x40bc271ec9caa1d5e6c1ead68ea0c7ae75b931c7,10,932550.0
0xbe05d4b4785130bd0a6339166492ee85b1b27f84,4,48590.0
0x2aceecacd0c1bc91b9d9eee366d22120b8ba6495,3,34999.807033310804
0x04450527c29435da184752827614326942a5813f,1,4530.6
0x4fb7def6745c4713167f155283b006e3c2f2e115,4,600000.0
0x13300b23c1b6b24c8d78478153bab70fc683969c,2,68501.75378615689
0x9a362ed5c32024ac805d4eb9ef7e6a6890867b1d,2,450225.0
0x38ac661b94ca305ee03660a37b18cd182c22c48d,30,363500.0
0xda24a9ea650dd3a47e7619e5443709e28c857df0,42,1465294.510032248
0x730ee0dd4915ec8d516105bd8b1265b0fa3cfb1b,283,3895065.88561603
0x2810fa928071cfda61986891f3ba9ba5eb51e3cc,8,164000.0
0xf12400e75e3f90384b0c4849a3bed9a9b58d3e6c,1,1700.0
0x782d64750d5a34babb92b350434af329431dccf2,1,100.0
0x66035345d267a8680109db1e7155f9d17ee2e7b0,4,1280.0
0xe48edaa163c9e1eda910cbe74d842a82e31ad81a,1,500000.0
0x4fb831ebe388784c7e6753522799a05d225980bf,1,130000.0
0xcf4e850bee0b43d99d50bbb1ac6bed423ac5ecc5,24,510096.0
0x07a1f8e3fd6a20047dfcc4764ddd67ed73f52d50,7,178387.5238243449
0x62ed976583e02bf7e0f2ac4b0a5509ab3da22d99,1,2740.0
0x0e295c20d167e8897370207e65f49e5e443452c1,11,357113.38965901
0x01a5c8bc839f5837826b4fba3f9691b1f6fb1fbe,6,13355.144391922837
0xef610b9b8ee334962dd4db5e660e3b6fc1b499e1,1,300000.0
0x0709b7f287983ffe4cbb8614bc7676ee6b3b7122,14,49537.0
0xd06f442492bfb782e7bef317d2b08df30024d931,18,18800.0
0xe7ba2adeed2c60fd7a6af07484f7bfddf8177af8,1,20000.0
0x0accf436f46f233716ac8192e1093b13b321a85f,2,250.0
0x2e92d33eb3ddcf578e4a2f9050d4d9c62912dca8,8,1073377.215503252
0x12ebb703d56006f9d29caf9c7e737e0dc5c9d593,1,2260.0
0x360b2bed7bc3003271060c7f85bf9c9f052e6067,12,193757.2412
0xebdd0715b1811879bcff2efd4d0685dd7cf50c1e,9,5900.0
0x059a93d8010e6b14d6ac4f9754d0a98b40946ce5,11,154119.600854
0xca00ab00ce5fc33b725477ece0376570a7567fea,1,120.0
0xc6db26ebb151f90271b7c120c243c770e20ed5ba,2,3125.0
0xe943b7d972792983c1644458009de44bc9ba3f95,3,6027.770650677235
0x94bafb633423af3d33d79c69830a8b1a601a05d3,3,11172.0
0xf3f913323d40b529365217f0e26da7c30f0f4b49,2,21550.0
0xd01a972b71ade278247d46db95f9caa5f0ee8448,13,44050000.0
0x070dd1b86819459f91d5960097187d02250e7e74,12,116800.0
0x319ca5aefab3b0dbcd4fef16572104c7543d2a21,2,1360.0
0x9767173420c057a2934b0d1937bde185b1147c6c,1,25000.0
0xfadf820ef7e5c082220bc9ceee0e0f2e7a6fb141,1,200.0
0x9aecf2eff2ba00e3fc0ef3f770ede50c136d7f5e,2,19512.15
0xd3427bf868ebc8fd3e1d401ee9d6fb76b80aee3c,30,169940.62
0x5a9f2d58338a85357007b24b98751620e5b230ce,1,130000.0
0x47a9cfb0b384d8b25f352b8f88d71fb7e1ee4aaa,10,99000.0
0xa8cdebaf69ab558b2d30f610ed61db0ba7b78fd4,1,14000.0
0x2da06b8d563135528005c74d0c02a42e3904f083,3,76400.0
0xf44773472bcd54ba9cb192ec289487efa0cf701d,1,800.0
0x03c9d672f4f76f096c0529209b431edebbab6e47,2,150000.0
0xaa4bb5fe015161bd2bed9cbdea23b9b9be8ce057,2,1600.0
0xc22bbbdcc6431d2acdd6384d04186f82cc2912af,3,430000.0
0x7d10575ec6d89c9c712fce29e3c05aaf8d674881,12,5295.0
0x7286462101011714d8aa7719ca490cb94149ed40,1,114.96
0x6395488e09603263ccb24b2d9472fe8551e9bae9,44,236342.44747705592
0xb560a9370ca5ce08e749764df9b8eaa132e5b600,3,25300.0
0x75c802855bd30d0c2f764f091976373581109052,5,10700.0
0xd7e47533beb14563014d9659b7aaf8f964e491d4,1,4400.0
0x32a4d7e84b8775b223ba8521f6a467ad78276137,1,1000.0
0x0c66cc6cf22d6fa754a2afa67321788a0829828b,2,1600.0
0x38206a28c8051c416b982c5c3c97016c1764f87b,1,10000.0
0x556292c3a0ccdf4e6c5a0c741cf8451c92f4941b,8,12259.0
0xdbe6c3626699548a7d385c16cbe960a3c1cbeb54,1,300.0
0x16ba6ca25a63c6df5d227548b50348707bbc0263,17,103248.84242608
0x09d45022ba15429d25adafe67e12558fa73b3c34,1,4504.05
0xa0202cfac57c6d69907becbd8e2d99d37130531e,1,3500.0
0xeb80e7824d282bc84a47035d1cfb39e4e14c5e68,21,1033514.9975870092
0xe93594bb62902e7a1e716504cabce4b59f177d43,1,100.0
0x0ccde8af410b51f9e7883b6a3df16c2968493fbd,8,18800.0
0x3a73c8e56660ec649fe3dbd38186c8684b7926f8,1,10000.0
0xc062d34f90d0032003697952cea1ef90cc172cbe,7,25000.0
0x4fc4088e8b61ed62918ee037909431612dd9b8ea,1,400.0
0x6dc73c9536fd524f892f4a4d9e4ce5afefed7642,8,137300.0
0x1190af5b0ad635fec9ce556a5573efdb210bd42c,15,34178.53183818
0xfd6d5cfb5733fd89273b89c2e6b288bfce541396,1,13000.0
0x9e3219d634f1a611e1ad4a3db0d5de637fbb358b,4,98000.0
0x5cbd901fd3ea8a4a0bc90b33a47f9f5a6de857dd,1,100.0
0x7399dfc21a2235b88daeda20d9d9dd682a593a49,1,25000.0
0xf08b076a2bed51fcfa4d6eb70b1c10f71f1c1d7e,66,1565600.0
0xa904b93349de91c8e8de4f50ba560c57edd79b29,9,47380.0
0x54996eb5342b3d4b3b15d42f4f3da49e03b66521,1,125.0
0xbb8fb4179ae3555c92db3d9e631e24bc3f56bf94,1,2500.0
0xc12ff6eda644e183e411f5aa7a55f1ad1d75b367,26,161744.0
0x4bd6b40a32710eac0e9ea245a38708547a115ff5,2,1250.0
0xb3c24dfd610f3435b9075170a5d3ee2d9c0ce297,1,24000.0
0xbc9f3c31f98674e7649ba6fd982f8e205c182f0b,9,3596666.666666
0x2d606a94caa3291987d87f5bb86d81e9b1486cca,20,74099.71883274948
0xc61f398b3ee4bc320873cf839b60bf756916e1cb,1,106.52
0x5f0765655b90c72b36bf62600eef53152668ccd5,1,100.0
0x8991b0bfcb6236f344fd69bf068b7834ea6fdc62,2,64000.0
0x1de020f27234d64e5369992a17292428720c52b9,4,3600.0
0xde6978739a41b6cdb750995174a78673a61f55a8,30,392341.1293424947
0xc297dfc5b32bcee57217474924000438752d808a,15,2070400.0
0x806a7e2b546ace65bfa5831789118c59fa0c37e8,1,100.0
0xf89265fe1d4bc05d4448ba0d05885412d5657467,1,100.0
0xcb875438d9a64387eef5a4ff01939660bc57d67b,1,100.0
0xf00de58ffa50ced0270fca72cf9be79af2929ce1,3,226.0
0x61ed3e3a8f2390ded66966fc9269242ae10c9b50,1,10410.0
0xa73500b3a37be16bae36df434320f7384014753d,2,20820.0
0xd44c1a94ae8471e19759dfaa4545784c182027b9,11,430000.0
0x26606e4feb8341677b59cddae9aafdfc430c996d,2,5500.0
0x5751d83c4c44d9ca0b971f5fe350552bb32f240d,10,245111.0
0x57f1bad81fd0335ae8ec4a02bca93100102594e9,1,100.0
0x0736cf504059ec65aa62132fcd2991a52763a2a7,1,350.0
0xe342eb575d47cda56717cf42038c060355d9c9a5,1,320.0
0x9a4493d4f9257333a46b5aba477e1548e7fd682b,1,139.0
0x77329a0f9828d5638c675b5fae97e1a510467790,12,14317.487973989999
0x8bfd79bbbcc42867fcb5a900649e06d5a9a4665a,3,7000.0
0xf0ae0c966f1b337a5f2d74b7a0b0a5ded1679ddd,2,631.9752566666666
0x4d23bc26bb9ff4f6565e101850c58cc6043873a3,25,208686.22
0x2bb7bbe4934ff0bc1ed75e6e165c472468307a95,1,100.0
0x6c6a5b32fe5fc5874d5cbb1dc9daf7da9e30c90f,1,47216.4881328
0x221615e9d1962f892b47ad4ad9311515a715764f,5,10100.0
0x48389333c958bc59e1d562bce2ee357856e3e335,9,24615.931411471898
0xed65d67c24a0227c44738f7884d1412e60376674,1,1300.0
0x8c7ffee208df1b6cf297fc05c429496501fadbf9,1,1600.0
0x075e46648a4862100de17f8b4a33f8a4bb5b75f7,2,7000.0
0x0439c7fd53031fd7bcff7802c325d7d9162411fb,3,5000.0
0xe9303a6db1951c180f0a994fb68e1790be4c3668,3,3825.0
0x15db8234ceeed34f8c7d1829257822c278c43c8a,10,27500.0
0x3d5086b6335213f916ab5ed6c2cea61e2cd3b2bb,7,21450.0
0x036c99a1b5f8779bd07785fe3fba414f62a6e5a2,3,1161.0
0x7239af04ab03edb93fa5e6ec004c0e226b355b73,4,2300.0
0x02048f2d6e46a65ad1f3d9c5e3878cd39c93359f,4,50500.0
0xd590be5a41f32a43d723f99e06e5617fa51d752d,1,1900.0
0x8e03fcb7838e4d33e34412743a84075cea305387,2,5750.0
0xa4702b16b59e7ccd45bef92cd3947a7c8c8a66c8,2,35000.0
0x4c7c99be272601789d15e3b9481a08a43322039b,8,157152.2
0x4eeb4fc12eb673cef0d107766fe701c2926fa35c,1,1750.0
0x4d5acdd01c8bf86d57701dc96436d4bbdd6d89e9,1,1600.0
0x962f5afc55ced5140d0f35f0cffde85eaca14ea5,15,227000.0
0xc8751833b6545c82e82f41b8d78c0c9d5060d9f5,3,425.85096
0x4b4bc85e853ee00c845ebdc5d7a3b270a7b438f9,1,101.0
0x50a86aa4ecd244a52fff58f9aaaffb29b43c55f5,1,5000.0
0x5d2b3614acc6f37620aac72909344833c1a26e40,1,132306.90729682532
0xa7823a6d6767c5c0899e0a95eeea2c7e970c82af,1,68365.92133606873
0x7cd5ea6f0d7c44d8448aa0ca38386c68ad04973d,3,700.0
0x8bcaf1b8685681d176d17275b61b33ee0dbf5721,1,8000.0
0xb42458fe42e5f6cf63b8dfb1671c87e564758e35,1,1100.0
0xb42579e7cae55724a06973f785c3776413244bdd,10,450500.0
0x8c7e87d25ac2b61f0428351523922880d522d534,7,186000.0
0x8beae8208a3ad621fd10361c82035f29d410dbdc,1,7500.0
0x9fc587149e07011aee6811ba1c5d54c32530cc68,2,170.0
0x1b95dcbf3ab7fde80b08395fedec1f9a5a8347e7,11,41311.34027191879
0xa52f6ef772142fef8cb56bee37fff55563e680d2,1,180.0
0xcec64c7e5c7104f92a7ae2b9733b80484d3c15ad,1,1500.0
0xe6af632c1e698075c4f65e38a1aa404c06034eca,1,6000.0
0x7109601ce1ccef9a0f36619f8f37b6067835e8ea,4,9400.0
0x86bc2e1c159e8b5d8a84e0d598b0d5078ef66804,1,200.0
0x2989d7c4a055d3b05d9cd94f38bac1283474ee9d,25,465000.0
0x6fe2d3b85410b1cc8c3cac1580f66dede6462c2f,2,3750.0
0x517d83a1f4f02a028804788ac9333d9b6186f0e1,2,1050.0
0x37278085c37aa707ee3115d568f2912852097348,12,20315000.0
0x9600aaa8af4e4a2bdca19706c7df9390495617fc,3,175000.0
0x35b349631d7ce1512386bb76d5556bb4f6e772bf,1,3000.0
0x7f3abcf40f9bbf01193f55ebcb60aa116c516af9,1,100.0
0xe999c3b3559faa361047171130e3c81b1ab3324b,2,1200.0
0xffe54250ff1775ca497d5553f4e1736565e7ab01,13,9649.8
0x86f67920005a3ff9cd6bdba069a1b13dbe35a1ab,4,10000.0
0xcf7806d59580db084bb046f43ce981e0b49185ba,7,2850.0
0x8185579ad21ed6382bd6870fe09c1d69e79c40ce,2,610.0
0x44444655771e50c69e5ad40c0cf33acf0e897782,18,633105.8635993205
0xe2d26460117eae5f105158d0474db62b67607031,2,8319.983342848
0x6d8b3735aca902f2ace83622689416e6f26b19d8,1,4000.0
0xb33242d1b5459ff67f5ad1d0f808976e5f5ab92b,1,86250.5076
0x01407b018abef191b9923c8f57c05353c378df53,2,11150.0
0x24b2cb19c247d20f1922848d8dad2fbe7a4d9d7b,2,2090.0
0xcbb7ae3158b2dab9f37d0d25965a89a34eb9bbc8,4,3300.0
0x6394aa19b04408fec0f58006fe721cac18cfea98,75,773398.0
0x153afc279ac56422d312a3ebc9a864b6365d2072,3,7500.0
0xc0375b4e6a5d7e25c2be1d53eb46b649c60db497,1,220.0
0xfe10f7264af6fb08f21ffb050ebd399816ceb05a,3,8900.0
0x949a75c7120066e8f5e54f7071d0660359bed4dc,2,125.0
0x9620701356497cc128b3105a93be941a8ba17d4b,1,1700.0
0xeb9cc5f6954ce756a43dd2405cf95fd5f2297635,6,1050033.4782259418
0x98667b301ad1e92228b4a0fc8bcf8ce712a8b154,2,800.0
0x7a78c68faad2b580941bf67a8259c7d07a81c417,1,100.0
0x109f4dd0cbc5ae3abc1f645bb44629fbd43593e8,1,190.0
0xbb079817b13fe278b8355cc38d91e1ab216d4559,1,100.0
0x281fe44d8aaac8ada2633ae7108b89c4df6fc79e,78,338720.9
0xadb655dc0c1c6b32e2cc63b1a7e4b327946d46e2,1,1200.0
0x055e2a51dfb14ee98f647136b9889adcd56ce03f,2,5700.9
0x72ef0c25706ab2947a5ffe674fc662002740aa4a,1,17000.0
0x2f3b61154f9e17ed0e51a0c55bde859a4e0037da,19,43310.28
0x7ee3d156150106afa71948d36e342962aeb6abdb,2,29000.0
0x489551fb2a583d3f16b0f03e959ca7e30a692bed,1,155.0
0x829d4fbf08595cae3ff93dd107a2462761ab226e,15,848620.7416946221
0x842f4cd03588b3798763a53650e3044089851503,16,165000.0
0x25400d3d394622dd920e7460c8424a890615663b,20,93026.07106939
0x041b89db3f7f35f72379ec3948385365616610bc,37,112407.30502621
0x196dfe1ecb53b6cae9521eb6d579cfc9c6cfe2ff,9,16800.0
0x6839bd168e49fe7e9a3f443b5871a9b6dcf7c0b0,5,51100.0
0xd75be1cf32979e30230e6b6aab99a57eddd0e772,4,4978.0
0x6fbed503f0b3a0148ba658b4408a8f01108ce1c6,2,20000.0
0xba7ce70c3270c62ef830c33bba683f88889b2ca8,5,52940.0
0xd9995ae2cafc4df314c2e54aa6d4f98d2389ea92,21,71562.91475124647
0x1f5839db5de943ef84d1847f6fd1f1a74cfa0e3f,2,800.0
0x0a91c1cd3e7a95bbcdfa416f8ab247ccadf37412,17,1946229.1805463023
0x35732cc0a999bd40c342e1b2ac46a460c1606326,3,42000.0
0x50d3100a62c0b24e923148e107c9fead7cb46a7e,1,730878.6291783738
0x41310b01b829a518642a5bbe41476bb517fab062,42,34559030.772586584
0x33e1ac87fef547c6d7e8076075005530cfe5c9cd,1,300.0
0xecf3809504c8d23d9cd2c5949d895c510f4492c9,1,1785.0
0x13f22aae0d61151eeacc3e89d9c1a5495cd6f1cd,5,26700.0
0xd4c2e3faceedd722d78033afea7b28d54cd8fba0,4,7165.0
0xc5d78cd021718466317fff35e5e555984d5caf58,12,861199.00202006
0x4f0c1b505b651893ce195a8e8e0b358a286e317b,1,100.0
0xdf6152cb44d68f415972e43373f469621ae7b644,1,100.0
0xd498bfd288324a74ac4a7a2d86794c77aeb971da,1,100.0
0x3f8fbc7cbe465cfbd590726e2f1724a152f13b49,1,123.86
0x6f301abd3cc2155e7169a55d6f76b897ec7de8a3,1,100000.0
0xdd2db8a773fc90b922a8b296e15c30b9faf138bd,8,2996851.0
0x8c7729eb6cf29b27374bb82e8ebedd388e6ed5a0,6,34881.88987168016
0x229ec174d1f6246b2e4718455c1e4ca8502b8b61,65,2417095.24
0xd6f69362cdc9145e58505f8a6b2d17eb7b6897df,1,150.0
0xfd97bd527a04baab47665ed77824f731429eb6c9,1,1050.0
0x636abfc1d42df8e8844019c220e23c10de5049d0,6,15440.0
0x46c298e212300bb8e9ca762898b7f1d5653a4b30,1,3000.0
0x5d25c6b34102300c6e8f32ff3951201be7421a68,2,20000.0
0xf57beb72c884bbeddaaae0caf3ee713d10450b3f,11,463799.0
0xe59974336bd20ec272f0d5cd0b26afcb5ca349ca,21,120600.0
0xe33c9bcead065a992b08fa03bb1258061c6ec9e3,11,56595.16
0x6836b8fb15a3941ff6fa3e5236b96f8b8f105bf8,4,77000.0
0x65600a646955827ba7d2b121506f18dd64f4efeb,3,11200.0
0x00d1ac8c63ebd5752185bc4d8d6784b3e50815d3,3,59700.0
0x3e0c7263e2b414a419bb19537ec1ffd60a03ff61,4,400000.0
0xefc24342f2837a06abbb5274a65fe95bcfe42e5b,1,1500.0
0x1f7661e9aa2d416d7ca5b6fbf7962461eff75325,3,38300.0
0x71a55ec8f658be82cd536f0ccf10bd75254d4438,1,74025.0
0x4a099c4127ced6e252d375de3e9b2e85d229cf7a,2,7500.0
0x8086907ce1c90b055eb081bc0866216dc397ac99,1,5000.0
0xee065cf9173e9f70b6fea24fe8f50d4787554e59,2,9700.0
0xd7b868534469ca85ac5c7c62b468aa71f386bf2a,3,17513.984111048707
0x3f89a37f61006214d79b4e1f96d5ea1de25f8ec3,1,15000.0
0xfdaadc3459b26a6b4baf58677d6bbe37eb2e2749,1,150.0
0xdc0f9096482d9df17eedbb52838333d3602411e2,2,150.0
0xb6b5fc99d9a5d3d0d352f8eda12fb4b26e8e4a4a,2,62550.0
0x27aefc113ae74caf190a5dbcaa60cde5d91df6c4,1,3867.29
0x6142d2d8257e04c77f1f556d82013db506147bd4,2,4029.85918872
0xd50f5c4689850696f5ffdc1741dafcc345acc44a,1,730921.6671769486
0x22b0733b860b4136f04afab9f4f448cb63b4a9df,1,18000.0
0xd133c6420b8bd5d7b891ec85b94f7d0493f87bfc,5,52200.0
0xb5a2dd59c63027a4f42c4c7eae27777c21145ac4,1,100.0
0x84bdc0c26c0286f6799b51871a3df6482377fa9b,2,2000.0
0x9a4968a5095e3fe2d2cea801664254a7a76e9c9b,1,2000.0
0x815e3cb73e8e2fc9201fca981a000000bd72d491,4,700.0
0x971b0f564443ffcdaa7a5ae9321733412ffd2dee,1,2330.0
0x5e11cbbfbc3c392d88ea5925bc9d0e3ee8869ff2,2,201.20999999999998
0xdb0b44d556b224a33243bba426bb1f98150281ad,4,8000.0
0x581a3549951a0275d03cba4b313c4343442d6795,1,550.0
0xb4bf1d4b31337493f22e6265a238d53932892638,11,7700.0
0x938564dce46b62c5e243dc0c4e977cd0666fa14b,1,700.0
0x9e1638aefafbd40044f49517378500e1d2065f5c,1,750.0
0xb956200d306173d7544bfc3e77df1aeac65b317c,1,100.0
0xba655ed6812e848e6823c6b7f21c16d8ea3173a6,1,35000.0
0x470710263e25b58833656c9dd3d3b1fae7d48932,3,119000.0
0x0f79abf01e93ee26037cb52c587a9ba6046e60e3,1,687.4972
0x67a0ce6ea9ad90910094a3757418d97520638eb7,9,11250.279999999999
0x3ce53b0dda9c182c6d39ac51f1608e41776350ab,2,250.0
0xff1079fcf3691ea1e3ae68ade15b50a7bf958256,3,1000000.0
0xbcc70646e325d18265513f295efdb41c641489c8,2,16500.0
0x49506acb4097c14165bf705b0d2bbc0af8d4b423,2,2200.0
0x8b76d3b657ae87c608796f881e096da307285af9,1,2000.0
0x7cf57e9569d7f6b6d3f5a7bde07c9e79f1455396,6,7886.7939117999995
0x153912db99a79c5ba7fb69aa96a379aeb76b3fb9,1,3600.0
0x1bfd24d947cbf3b34af9ff0fe0d98626920b6d19,2,1550.0
0x0a93eb457ec99bb396c2a400d858edd426a07e21,1,350.0
0xcbab1372bf943b81f4ddf545d7ad646fe6253f3e,1,10000.0
0xa3c254c01588d9532bee9ecabc501fb131eb2772,3,9525.76
0xd8ad90d86b3ce9bfd29d8284d51af29bab338724,1,1250.0
0x8e625ea6ea4205acf6bb031e9552c9e5a074c0cd,6,22080.0
0x81168be609400ef9d1c04d44e5d2fbcc557ecfbc,1,210.0
0x477c3c54173880ec58a55ef4fd502daaf9cf2947,3,15500.0
0x23a9cd30db12d0e5280c5f1a48bf51564ef9c250,7,42310.0
0x2051338e5c9bb0f61d6bb0dcffc0276ce475442f,1,5000.0
0x3b9c64845c838203cfcc7bc5636310d8cfe84996,20,227620.26762488484
0xf690063e528bde99f4b5b622ade16937eab000c0,1,100.0
0x062cb31b6eb2f820fa6352cee12cabfddc892e82,2,58000.0
0x01f37138cdd7a419dae6dcb676aca5c40a85108a,3,42000.0
0xa2f192a07b6dab1f3ac784f656098a5bcedc6d11,70,19982687.352317628
0x0fe5720b15bce31fb0bbc9e0cffa2c456605d522,1,2000.0
0x5deb9d9546b1bc85e1e65838adb8cb080c8cb184,11,272601.0
0x80ab452d324e527a5258c4880c16d1f585c17bc7,1,1250.0
0x76ecabd9fe72a2cbd1af323ec30a3ac19e68ff48,7,25400.0
0x906c293e9576cd5f02727afb8d5ef82f41069cb7,1,150.0
0x85a6e116d572d545c62d8f0933cb1ea9ba07dbbf,2,46000.0
0x0afa96bd054126d13207bd159a5ff894b5320789,1,150.0
0xb56b8d5767c41728d1816115a1abb09c4c197636,2,725.3446963794645
0x46218d50b3e36b841ab67bf8e426466b3b053c84,2,1050.0
0x13222272c149d02dc6b336353f7e6be27d138259,7,2300.0
0x5b4f27505bd36893c94f46986ace693e0d67426a,1,3002.7
0x6463ee6204555b1a164f20b1bade0667ba473b7d,2,760.0
0xc80f6eaafc277fce1ad4530f245f397ff5193587,4,1620.0
0x9c7d5f6e98d3d9f903049d48eb26a484f0b0104e,1,1350.0
0xb4164ea991fdf7775146850ddc96844f92e84ef4,1,400.0
0x7c693ac685d9d0e5fc34f59a4be2357f38479c58,2,4000.0
0x972550473faec64e3eb26b237bb60f60bc32498e,2,3250.0
0x8fe66a37c975705b021102508c772858acadb7bf,1,104.5632
0xbcde1291f413fd827d5867e488a43e151030b162,1,120.0
0x2873be83b406029fc344052c982975e62e18f18c,2,40000.0
0x6932b9218491c2dad1941983ebed33bbdccaceb4,2,12000.0
0x8a0ecd8d1de1afa0ff31651fc12c670bb1811556,1,5077988.61
0x6791b56f2a18eb17ef2553532eede3433842ef6d,7,481000.0
0xea4a8dcc4c90170aee870b0d0a09004e9331ad38,6,8300.0
0x6ab591cf40e7ae216a227b167e3a4646d06ec00f,2,15500.0
0xcd9f0194719e52bf1e0f269f56c1bfe6aa0246b3,2,166.67000000000002
0xacee4515519257b7045d9836f5550a3bc3434244,1,300.0
0x7611ca7396962d1ff40d72bb24d25dc22f4141e9,3,25000.0
0x0e1ded96b2352cb632d4fa4bcd57fb9c42c47946,1,170.0
0x24dba1e3661258595708a1a0d0c5f482b06eeb02,2,310.0
0xe4851bb00d95938c70a34a7a74b764545cbaf694,25,204200.0
0x2a84d8d30fd3a34eb59dab7d80402750e4231914,1,40000.0
0x40883d72cc028d514fe34b6cd714261c43cb3798,1,100000.0
0x97ab13b69913acd73aad0df7eb60fffab7150c87,1,20000.0
0xe4ec2741b69dbcf3e4ad31ac0ede1fa5ec91e15a,4,11000.0
0xfce13bad9af8bf7cd3dc554a3ba787318606e74b,9,59844.76
0x12236780e48555ce21658437910ae809543a7eb5,1,20000.0
0x559905f359b551e0edca7b636ff4be68e3c78f73,8,278800.0
0xc5c67682ccc4a18872ade3f6068cfcefabbfc5bf,1,100.0
0x3c930fe24b4ba57514575aecb9b1e64c1a6194c1,6,32000.0
0x372900cdf92f2996687910d2a2671ccc8df53585,1,7600.0
0x6ecf1f5c6ecd97e7e7b08112c73528e78a357a3c,1,21000.0
0xb4001cb2e552026335a8bfe2e3a9d7f172a8f542,1,7500.0
0x1e651483318674a63c5480246205c558e813bd18,43,4016110.0
0x6fa872409000e836d1ef2842f6a8155582928550,7,207000.0
0xee3e0d3164ad02c2aaaf4d35e723c2c81d96899e,4,8500.0
0x822bb37a93ead7763a0c148a7759ac95291380f3,12,27000.0
0xd9826df3f61da7abd125dad6f47410cd7dcea876,1,950.0
0x6af1114335ee76dabae7f8bf9b421c1c1c9e46ab,1,12000.0
0x1e01b7156a32a9a3f5649727a615c7a8dd33d37e,1,125000.0
0x56858ad9e4c58d9e3274023fe17f2d0a258b6891,2,1951.08
0xb87fdb5d5518908915a145fb6eb7510b9754195b,18,24625.57890089
0x9276214416444c9cb30ccb18267d9e9d2e92966c,4,78300.0
0x89afad8879892dafbc9eedeafceb87646b8d6f93,62,1392132.7513882718
0xf22572c7704e64b3972c6060bda075b31ea6ec94,10,1728300.0
0xe679154bd218d67e5454d665933f6905377bf306,4,139500.0
0x72f920b72f5061f14af2bd66f5675a02cf6b05a3,1,420.0
0x8ffd0fa2f6544e9d1ed47dd1a7dccda046b48952,1,3000.0
0x75c95efe7572d9ad214ead5bcbabde05873ad47d,3,52000.0
0x9e467c55e9125e1adb6bf4f501bf3a282dc7984b,3,24920.0
0xfc502c7fdbd79d718ef16efe27f31a7723e593ca,1,200.0
0x2ac26dfec94935ea2cc3147f724cc95db90e59e0,1,500.0
0xd6fd22ae3cf182eed5aab2c565c57b3180dcf743,2,132000.0
0x4bee64a6f6148949f5c3dde8c0e9803293832c85,17,23325.0
0x279ef463b9ab55bc502b856ed393fb632041fbef,1,2000.0
0x84de288f38edb2ec1239a5608f9eb65f943f13e8,1,5000.0
0x23fe009d15306c0eda40458b1f6a42507b9e02f3,1,75000.0
0x42a7f034017d5cbfda27d26cf24d1ede2e232d51,2,1000.0
0x00f88df519b0a0c3f755e3b2bd9798f31efb6fd8,1,100.0
0xc3d554d4928bf3c5f247e06aa7227d16048d5a80,4,30000.0
0xc981d2715a5cbfb6f6bcc886c96c6b711c98669b,1,1000.0
0x92f80f9201832ab1196ed06f2db439832f5b8a64,2,14500.0
0x552c40e01a467621537d0dc8be8f121220a24966,1,5000.0
0x8d57844ad8afec2d30431d451654ba5b4dc00221,4,59900.0
0xc2a621c567253d0376bac1f87ac108c968311915,1,1000000.0
0x8338947066cde86317e35619f8029682f58259e0,4,50634.86675549633
0xe813ae3ce1eee50dd7f8486418d6f52f504b295e,4,225000.0
0xa47387ae9386b799a046f25d29c75636431ff204,2,35000.0
0xc181f3f912d7955c4fea22a86212b094dcc7cd44,1,150.0
0xcac525641f676ce78dc586c6f6e418c9a0990d27,1,100.0
0x792d573bb3a36b28871d7b6b1120c1bc14b72323,3,3000000.0
0x8d250c27af3083f7c9e2de0150fa94c7bcfe0147,1,2000.0
0x30e740d7332b6b76dc635415f7098d9917ed4150,1,3500.0
0x9794be08d14c2c5a7f724db5e811028e51d0bb4e,1,500.0
0x0aaa1acb3f5d77fe1dc40a0ba98ed6b918af2bd7,1,2000.0
0xe670fe59446e072e7888b97abb8ab8b7d67b219f,1,300.0
0x0692a704686b6b5e99e7b382aa36f3c84c9a276d,1,100.0
0x576a730068b3979fcaac6f9306883adf2a2b6dd7,1,100.0
0xcd3387e0c007860302c3851663a07f2b7d7bd268,1,5000.0
0x4d856c4026ef45b5fd8a43c266cb269a5c15a8f3,10,111500.0
0x478aba3b5beca1a787fa2ba78f481364fb6b0f90,2,393.0
0xf96f9295c2af3a7feb519240cd3f18170e6d5c3c,1,1000.0
0xb99b277aad5f3054445d85143096c2b05078dff7,1,30000.0
0xffca6a7bb1e97e163209eaaa4bba941b5d375b79,8,133500.0
0xbac2c7176d34d835ccd29b0de2fb66aba6414e79,2,1750.0
0x1ced9f1b8bacea233a5ba0bc0a5a8a0198718297,207,4795869.539698065
0xf70654f4ed40510a02ece24998166d0ae5abcdfa,4,31000.0
0x473b6f0ed83759955c061dc6bcaeabe14beec0ad,2,3200.0
0x8bc0caae5939de637fc3c631f503090d2f74f199,7,40700.0
0x88167ceb265d080d331c0aa2e967f4c4bae5dde2,2,7000.0
0xd469729d5471bcbbfd5ced8da4db61d92458b8ae,44,926772.58763629
0x744e78f23f6c2ed320a0e2c34a411428344d33c6,7,124600.0
0xe6652e99d58da18f0f6a70fcbbd30bb0edd86d44,2,14410.0
0x102da6d99d5fa35e6516db700091a3144b68a921,6,295000.0
0x80443a6d4135c49bbe1631b8a4b971b4929d3522,2,60000.0
0x652b680550eeae98126d47271c521c4aecb82ff0,3,125000.0
0x855691685dee19bb15d022669d5fd3ad4fa1039d,3,25100.0
0x6b8a32d52e15182d0899efa123f78ac1c95375be,2,6300.0
0xb9dbeb26a23824f3f25500db5ca8515f1405a85e,1,168736.89869992642
0xf73c43bca886748aa1ed30ba04b527ebbc8f7084,23,6653944.225364
0x6b707dae69cce105c916c32f8eddab73b07a7b7e,7,1903080.0
0x94f85d16e32c9acd92e0778e9e16312d2ab25d2a,1,12000.0
0x486c911e791d6f5a35eca561f987f2f10f4b9e86,1,6000.0
0xa2d26ee1e5cb88441e18a2ddd3646d0f245fac9c,1,150000.0
0x254621d71fa84af2ba2f5d609a776229e451edc3,1,2500.0
0x9d0947fe744b779e31bc0f7b0890d21509dca8ec,1,2800.0
0x95fb87bc28590c085303d1dc264098200f92e49e,2,4800000.0
0x53ea628b240877c5ec5362cb71f5533f09a8fb20,4,860000.0
0x0074e1222ed82d12aafae1bb6641a53313e2abd1,2,31758.0
0x254443461453bdf7e2f6f284daebb102870f2dd8,1,4500.0
0x54efedcf07c0e64d4d16d430d058585445293fbf,1,1000.0
0xd3eadbdc4b49fd2d03f79b2efcf7d3092bb03d8b,1,160000.0
0xb7647e383b6b193e28b6314ecd096a2a245d6161,7,20500.0
0x7a5b2a3b12d45191063e36de97629c0928f64b6a,5,10700000.0
0x32977104efb59b240d01791ccef4347e7d856602,1,2000.0
0x0678443a433c550d07b5c30d73efb8892dbf73cf,1,60000.0
0x2fc5ab03dc9cf0a7f6098b0efe28db6e4d555e3f,94,1731948.2856530293
0x9160426965d71571b4e33262b436b0b3d215432c,1,3200.0
0x9f0961988e6216e99e7227a006b3f714fb75b6e7,2,34500.0
0x4364beca3080ce8a8f373dbb32e337b4d2e15b4b,1,151.2800296
0x615147e395872535aacb737300d61d22c16745ee,1,100.0
0x964ab9bb000f4d00c9facff59dcc25140b67c48b,1,2000.0
0x94884dea8e4fb7c28a4f1ec4bcbd5e982769374b,1,600.0
0xfeeba1491a7ec8dc2732971f8127d8fb189239cf,4,4000.0
0x69e0ae4efb1f539eecd4230d4cc69162d4f14d33,5,630000.0
0x70885a64fcc42925460c111edbe09212d3783a6c,3,1460.0
0x50d890774b944f1d707bac47918d4167312d7817,1,10000.0
0xdfa1b3e6b670d7f5d869e22dd49f1391a5013c6d,1,200.0
0xd41beb61dd1b08b466a22fb1ee0909468f035a78,1,20000.0
0x2a960d8c580cb22fe9107a1dea78aba6b003128d,1,3000.0
0x23641ef37051ee0e2c8f6937b24401a236d3be5e,2,1500000.0
0xecb17883e7bfda46edb727a09ade098b622c4cf9,1,4250.0
0x27311302e46b26835d5154c97ce299a948b94c92,1,150.0
0x66c43ba5f684c2dc8e90b73301e34c23b64e700b,4,286940.0
0x160425d02868476a3424acf9e91477f5f7113ac0,1,168740.7688995361
0x84e1abeb57df270ec4bbfc9f26d82853fe6abcb6,2,2160000.0
0x7b19c214ef3fb1c1861ecebc6e0fe3dc4f0ed370,1,100.0
0x173d36b925e5ceb948eb78c6fa8f84f6c219c46a,6,13055.0
0x277029f590c57cd18f61b7225f2dd106a9b7839c,1,2100.0
0x9a601f6b9487e48546b117ae9c437038f93d6b28,1,60000.0
0xc3238f52df6eff6acf795f45c8a514ef9c76b3ba,4,25000.0
0xc9b3c6c0c70e38e700c6c554d3882e40437a7da8,22,975500.0
0x7951d79afbbd622a951a0bbfb9f008e5b6bd8a26,16,421439.08421685145
0xb489cf854a44df7ee13a3f1e134cf7a700c30818,1,75000.0
0x1b0cf94fdbd1117f006fcdedae1be5d272960b12,1,50000.0
0xeead5d810f341e542dfd5040804d0eb48a1b96f1,1,809626.1684313171
0xe02f74361b23ceafb9dd80870631b2a1ced6f96c,1,132354.92702505563
0x1c9793458db47747ba004dc3fce62c3972183488,1,68390.74343073647
0x41547e4f3305d2813ff49cc2ecfd3e48552f19be,1,90660.78085781136
0x979e9d7873008f2f61bc9d7de4a1ad5b74c22761,1,86279.03411208047
0x2b3f7ad271d169cf0ba42764797bcf20b51af739,1,32000.0
0xe6d6d1d75a9174facab87e9fde27d5afd743775d,1,800.0
0x9753e1f8e24968f9098058664667993d0375c544,2,162000.0
0x88522a5a76167986a9eaf83ba125714d4a1b3e74,1,4000.0
0x8ec6be3da0052d4de1c83116f63c36e3c54f52e9,2,73000.0
0x4a37d33cd6c6c57ab5acc82bee4938ad8713cbcc,1,290.0
0xdda9e6927dbd12f3ef4435c78f49b764c410578d,1,10000.0
0x2ec40ea33e26dec2a732341125a2277a48a2d587,3,3200.0
0xe44c9b0006fb4bc05c27bc07af074ee4f830157d,2,146000.0
0x8915979aab0ee5c06f29cb26d797e53bd31a22ac,33,225454.39515534736
0xc2ca477502453c014fc08b30f00d5b14064e0ee6,1,140000.0
0x1487af2610d723c10c1c3c387cd32e1471d9c4e1,5,31500.0
0x057f4bddbc23a44453e6031c72f281cc806381af,1,16000.0
0xabbc42e3cf73d478140e4d567edbd04bed51fabc,1,100.0
0x1c60a004edcefe0015e338132bb498c5cd1881e1,2,6000.0
0xc4fb91b4e8279155a3db241e0b6aa6f235d30939,1,235000.0
0x82a33b30c780cc1c1a23c25286a2d4acf02402c3,2,1700.0
0x1de1b0d9f1d5f6e9e6c47886ca4a8e113f5d3afc,1,1500.0
0x4f5f7944aeed942458bd8e320b5b169e8ed47284,1,1600.0
0xba015a7146e0bdebd56ea3b77acae73083202432,1,900.0
0x181b7abe32849dd8c7d04becfef355395471f55f,4,33300.0
0x17156e7da27ae1d8d1e6bcb56590281032b19d62,3,4150.0
0x988ebb7f3d1c170527fae8954919bfcbd3cf012a,7,38400.0
0x98d43e2821ccbb7f79b0f7cd0dc2bfc2894f815d,3,39000.0
0xf13aaf1aac331f5d50604abfd778a8ddce8c1b4e,1,2000000.0
0x3b133578b7d7a84ae52edd9449b4131a56f56f89,1,1097788.7818971088
0x8a28be7cb7bf57785de14f24909240147631d61a,18,102389.0
0x6db68746ccdf88b34f97ffbdbf6b1ad4fe453e6f,1,3000.0
0x0c02b3e0121081e2328d2d81a6c1ada061c75930,1,10000.0
0x3bda57da578e6b3d10bc89375d0f90ad4e710540,1,100.0
0xfdb4aed4572613ca32457f24a0de5f0d0155350e,1,20000.0
0x36d1c9dbc3f02af7b5890f079283dbf75a59ba2f,2,41000.0
0xe992b9b0f2a579963ee333e08b251b7a54693e13,1,947528.321469918
0x799ef891d25447cee9564bf51d2c8b8f4bc142c9,66,206122.26758541923
0xe17b293d2d4f696c109e50f3e4ca3aa215b1d6a3,1,11700.0
0x0101555c7c0d1303708939086926099bd8b0fc15,16,217800.0
0x2cf3d1d1b086ef54c7ee98765188862d2eab12b6,2,109000.0
0x0f1abe7a7ea124bd6441b1d76a9c6f961c232d5b,1,5000.0
0x977615bf9be0c9e03d5313f93e04a784d93e8b7e,1,100.0
0x531cdf69d9f9e28afbad63bf20d0c84c7f05f175,2,500.0
0x1171eec961bcc4c1e5030037302b08c724a4b7ca,1,15000.0
0xe4773ae3c55ee4b1af1187d6b86c75c16e2993d8,4,24000.0
0x503dd32d3ba8fcaa75da784131974907c52d0ed3,3,92700.0
0x85bf66360a8a1d269fd97d10dc2f112dab6e0e3a,1,100.0
0xc2a1381c9935ce78f726ba7d736d06a04c3ccd5a,1,292289.0976166589
0x1567d9e38dcab1a2d5c8249c3244911604c8176b,1,100000.0
0xbe89c3cd986292109ebfddb9d267c250690567f8,111,3403505.481079187
0x7eda45b6664e9619a0c521ea298061d032ad59a0,3,123000.0
0x12dd970612aaaa0d9dc44cb10ad3b36019a6f998,1,6000.0
0x7a22076feb070465e46657a6117a321017055e64,4,42319.0
0x2a0598478c14ea9f1c5c76dbda77d2465a8cdb1e,1,100.0
0xb3adbb919dcc6cc33a533ca9532483b1aa71b14b,3,3500.0
0x4f2469488d004c1deb1fea2ed808423cbee50b9f,2,2000.0
0x73168b85335ecf744a984533d87dabe63e96e1d8,14,125400.0
0x93e7944665f5a13c994de8dd85cadebe5e81fe35,1,325.0
0xf30ab918be60badf802ab1f41130f3baa38cc580,1,400.0
0x16dd2f20167844818c471149828cd6618ea4f403,1,2700.0
0x03a0ee244e0af556881b6d7e75082dc636edff76,2,2177175.0
0x47f61758b1753b8a429218353d7114b02ceb389a,2,82500.0
0xfcc4901d37ac3777b76f52937710b4546aa96b69,1,2500.0
0x9282b000f36b36823714636a33e764637f29ca98,20,318753.0
0xac55bd96a56ea83c89e87166e09aec111cbb18c5,1,200.0
0x7ff398978d55556679534a30ddd4064d32ce5fbe,12,724000.0
0x07d5b412eec04826cd216cd68a1d32faabc5537a,13,224001.00296950273
0x6a582a339d8273995919ee14eb8a172c76360723,2,310000.0
0x925ec1da7e9c63925d552bf5ae52e3f92ee578c9,1,20000.0
0xf13340555dd0b5b8ced878130eb17ea93cd3bf38,9,8005000.0
0x2f90faa28336d309a94ed675426be7c0c9c81d0a,3,38000.0
0x8ff1ed3f43293c07b949aa00d1b4d5939cf3f1d3,10,1890000.0
0x6667c379f1fe400f310070e4d39739cebc2de901,2,8200.0
0x48e22815cc9f22d2548f055b71f196a36ff700c9,7,38194.5
0xfd4a3d22350aea5da26ecd77316528d8769b64f5,1,60000.0
0xb98af6ace5510ca6c354b5fda6c86465aa29f777,3,147000.0
0x512bff4cb92e884c715bbca464861b41ceb7479e,4,31500.0
0x24b80d79aa3b9bc66692dd13ddf926a312733ae8,15,1012270.0
0x0cfb8e346bb807fe131f295761c73cfb80336f8b,1,25000.0
0x924773bedd16590aa7ec2262053bdf1ee097f30d,2,110.0
0x21279c1b5858dcdd69248008327630c0db160b43,36,1557180.0
0x7e1822e0e4646bd0277270b7eadbfbde26ba7581,1,200.0
0x5b6759ad48ecd9f646005cd66e204343b1b8d962,1,12000.0
0x0a1d61a62df1d8213f14d122a9841378f562ac08,1,150000.0
0x65884c3a6b9d477624c6b5f60511d94634a37ffe,5,244000.0
0x1a1746d6d91170fd6d3ff2ccf66a7f861e0bbf87,29,1982368.1287342582
0x256cb9f7ee041a54e3975a7f36e7f5fb6f5f3037,1,43500.0
0x4cfed658728e98b4028df1448ee04d6601ce9247,2,28000.0
0x169aeaf37a5a825e10d922b1ddc3fd095dd424e2,21,173237.0
0x7fcd8c607b44dbca75c386ca1362ed301544dd63,18,7234.4009076
0x44054b8638436fb4301388ec326fbd9b0fc30e6d,1,2000.0
0x03a1eac4c00410bb9f56d7dab158d772d5fc3c2f,1,39000.0
0x07c80d416e7ed7b0e24d387f854a53c30e8d76df,1,100.0
0xe6530a56296969c001d8165a098c38a839435011,1,200.0
0xa66ea4a397c6165a977590cbb5b961bc95590d8e,2,1500.0
0x6902cf803ee6e577d2848cc7c5b184b31a0f8d53,3,1900.0
0xf5e6f10e6c0bfa4ac14009d59c9476986b4d9756,2,300.0
0x8f4a23cae1c7ece4a7f462d3ef25a699caeb67b4,1,1000.0
0x4a521bd31428aea9399249a36b363b275d3ee391,3,20000.0
0xb69f57ab55c67fbda6e66a6936f491db13d36630,1,2500.0
0x5f0ca2fbb442b3289a085b1fbc6679b38ec25c71,3,106000.0
0xb2bbc7b86f706033471c5dc8cfa3fb2b82cb52ee,1,300.0
0xf2583aac4ca6351d5c586fa4a4346766eeeaff7c,1,35000.0
0x1a03f59e51957f3260730d37cdc95be1637fac71,36,1334199.6995489527
0xdddbc4c9d29cf809f4e43a40f02fe38b0fc9f19e,14,1078200.0
0xa8f900be0a0c84cf1687ea5bc241f9b0cecc1076,2,825000.0
0x8527058545225c736f346162fa8aa0affbc9bfd9,3,175.0
0x5f7aaf7e27895c76294c32a4803e46c91c206c7c,1,1000000.0
0x3bf8ce6c083bde1ebbdfa1bb58e16df664900ff0,7,15200.0
0xfeb4ba0af6fbfdc61e6b247d404f6cfbbb17985d,7,13600.0
0x3bd5dcc7dcabc29206f89c08b55d34d05d853d78,1,500.0
0x04196148613fb9369744d8d6779a1dedabbdcbdf,1,20000.0
0x54a9e22744d01867fc99b1c86d22cd13de569b20,2,50000.0
0x8a954795f17eea6021de332337a604ae2be2e9de,1,483.0
0x233a96b5e442a05fee054583a4b8d4984b852c9a,1,500000.0
0x30272df17d4f4e42ea633d80477a32a204fa02c5,1,100.0
0x65ab4835be772aed472c06bf89bc00ba2afcbb19,5,203150.0
0x3b010ab138f0f1086347bf787ae92f1407106b9f,2,19000.0
0xa7b70ba483de2e7800577fa991b26744bb77f0cc,1,110.0
0x65bcf5bb4e80169b805e627f3aaf53a9164035dc,2,60000.0
0x51558fc81c23a3905cdd10b80d6ee9f66a7cbb12,2,5400100.0
0x7a0c672ebf15399b8a0f16df5d1080e5e67aa603,1,947691.6397101316
0xb25d75af2cec69cf8912461d96641d2d84e4cac7,1,3000.0
0xfce7e04966e961281fe2fee0caba813d40f3dc58,1,70000.0
0xc8b19417f49266059915f3235ce477310b39adb4,1,100.0
0x9215d2f209969c2172e16544d74c023416a07498,1,47000.0
0x41d48127c45b9026f8db2b7d5ed92c39cd5095e5,8,254895.0
0x1e1cbea226390c7da73596f750059562bd1e04c1,1,6000000.0
0xe7a06de754202fd81da7e2d9a8bbd3b7021ff614,3,6019350.0
0x173d07f7bdb8be6c89155f8dd6519d9abe2563e2,1,3000.0
0xa9925803cde96bc351b97e7451b427f3dba05e9c,1,1098006.0237329027
0x8def9c701afbd2ae17f2a27c96fcbbd90836bbbe,4,13000.0
0xedb35f354986bdda4b0b89149f8598b0ffd78d5b,3,16991.92
0x3ad279cb8f8673801fd9754996efdac65ac1c848,3,850.0
0x8be7d6ec46e680851536a9d68ad14f3b01ae4cb2,1,80000.0
0x0b142b9d9001cb6015923fda4bb08b7a85870bd4,43,2964230.0
0x01cf2da879220627e28d4385c317d170b004adb0,3,255000.0
0x9dd1411e62ab049fccef031cef1b1e7f2fbb19ac,1,150000.0
0x00e740774a3a5872cbaa6a09e8b60eee1621383d,3,350000.0
0xffb1a33d9fa832b370a2edb21f81e53cd7f226bd,1,500000.0
0xed53f53e81db47ba7b9a116ca6e38fb031fac1fd,1,15000.0
0x11236202b7bb08efaf264d097d323df7d3906dac,59,5521000.0
0xc8c77c24f5e4cfa8ac9a20a5a0ea418c2c110703,6,288000.0
0xafb90c78e1ccbca624f49066e5d49427d126f221,4,16000.0
0x03228a2760550ad0d46d260b15592e4cc16bfa34,2,6670.0
0x60ae0999bcf47040e39fc2b84be36fa785c11ba4,2,1250.0
0xecb1349d1d72aa606e2fea2185804bc31eb20260,1,43300.0
0x13df2636979e71d1a345ced74506c078022abcd6,1,220.0
0x5bf0797acbd8a85721d3b43da0316d14c52b6639,2,30000.0
0x78f45afb5764ad7fdac49a4cf1cde24b4f9db97d,6,141000.0
0x548a317691ca2caad72ab41a5ca9aeb46e81fb4d,1,1450.0
0xa8065f672674ed3ecf32eb1637f16125fc90809f,2,3403.0
0x38821f50825679e1f87346563ea83547e0d4859d,46,600000.0
0xd9542d6346f03e46aee2a9b0bf1e97c9740c7458,1,292357.4506389497
0x560d8d76cf1471a89a8513e87f5c7e61c69ac31f,1,200.0
0x978d13b00e344d906acff0dc49fc454fb700efcc,1,800.0
0x53434fc2d53707acd4ef369f1339343b0d124f37,3,280000.0
0x7fde45533126ec88daf44623ae3cd37cc2493e7b,1,254.75
0xb204fcaa5124567e05bca052d476a84e923ced52,5,7305.0
0xd14bc816ef41f490f3aa2b2a0dfbba53d857babc,2,1193.0
0x77b8e35727d36681276e4166eeba44d1db87e0dd,5,137635.0
0x2aeea722eb8332b3f70440995cd8c433299e7a02,1,100.0
0x2ee55ba688e3df1cbfcc0a54eeac6a4b0c8ca6ee,1,15000.0
0xfd87140fb38fb4db2540ea73c4b0a7a6cf46e095,1,1200.0
0x524e7dfa1e748b4c15744b4f5811118652452637,1,707469.2849839793
0x05052acd28efa297cb23c0e9730f83ab25c4c7ba,3,5100.0
0x401ea7685463a2d4493b6c633349dde62a4d5d1f,1,380.0
0xb0a0102115ac5bc0daf703388cbb53905bdaaf7a,6,121000.0
0x4b0199a40173987947296d87895acbdf675a2fe8,2,4000.0
0x6ad0629f76861341362eb36301d7b91f76c122b6,25,1651126.8
0x7b8d6701e82f154c440fa44efe23d6853e77e882,2,10000.0
0x5fb548ac57a1c234a3d1d308682766a6e9ad4375,1,400.0
0x878893bebc826ef4aa02a7d112f26423e42e927e,1,300.0
0xfefdfc62450958e30fae9ee6889edaec67fe5cef,2,1000.0
0xc6e82fed008d973bbe68688bdbd2d9dacde4fa50,2,4750.0
0xc93ba4f852ceebde23e4d298a1e61d68c034280c,18,592200.0
0x165a7da9228c159c00706523b206ca8b85d7293c,3,1272.46
0xeb37bd91ed5105de7f288439be69c154924bd1c4,68,13249529.00141943
0x39c8435dfb46c1749f2983b27c52fb8395284659,1,150.0
0xd5c374d8464de4a68e99d2a3000bf4e5d010c3d2,1,150.0
0xf7a37fddf1664bda8a618eb2110baef6336183a2,4,13400.0
0x60380865c1072685f195cc9ef7ec819a1542344e,60,26909088.26793567
0xdda04a155eca97145e10b41291f59e2e8b34ec7a,2,3100.0
0x903b90e8e1feac40049b64047ab21f5451064b43,15,2830000.0
0xe312d3349e1adf9324202731992bcf37bf8eac9f,1,110.0
0x090ae7c9d907632f957d7aad4c593a6eeb424743,1,17000.0
0xc0074841d75aa8c5d17e2592c9b9c591acf4f304,3,6500.0
0x98d84ec6650b1ac5f327849ad99070da44780df1,2,2750.0
0x00cd6c31c138fa244cf3545cc2b711b1cdfe18c0,1,22500.0
0x3f6a1f491a545a58e43843077ff9636e4716d90e,5,18275.0
0xaa652aba9bfb45813ef091b59e3f8586f432549b,8,502500.0
0x818a4d6b9d1a7b88e8e3d0f59a648685d1103132,5,60669.0
0xd0ba365d7ea5894ddab9c376d9f8e9978005d284,1,580.0
0x78c4a5e5556a4ad8caa9337df0a2f5a23f12a70d,4,72888.0
0x5866ac5b24a7881ac4f3da04b10083d3ed6ca338,1,1827231.9960702127
0xd8d83c44123ae7dcd9a60be450af6c874f20ec58,75,259433.45470571864
0x41f70e03accdb38b59c186977f06b1f345613ea1,1,250.0
0x032ac5cc808f049f98cb16b3dbc44c21332a3726,1,600.0
0x0c84ea993609a3a419355caaebb728087a07506a,3,600500.0
0x67068d0d7da606cd3b3b9dfe00c7a11fb466f529,2,2400.0
0x66e80849927aa116891f759d317400f8f50da2da,1,350.0
0xc0b158ccac4c40316ee424b8dc7679343534cc23,1,3796.454512855341
0x13d9e58eead1696c3d5abe55dd3b50de1013ac0e,2,14000.0
0xd1db10b3e196795c19405c8ad5078fa8caa9398b,2,250.0
0x6475267ecb2c2558b656ddbcf7acf97fcdefdb28,1,6500.0
0xd8786cb95bf3a8fcac126620d929906b8cd31762,21,656672.04515148
0xaeb2e84b429610153e029b0d7e38cba0ed12bd56,2,100000.0
0x56632454419415fcd83873683230cc7e8ef700be,4,1955.0
0xbdd7fd39eee4ad34b7fcdfc5f4d1c55abfa49adb,26,5312.0
0x2971d488ae5830339f6c3ad63322eb877d023fed,1,5000.0
0x02e372065f6bb2b608fc91d3d1fb30454f690d8a,4,1950000.0
0x7ff2e4a5cfca76db91ef1245636f939f50abf58d,2,400.0
0xcb51832e49a92993b31a81f95819d752cc1e84a5,4,5000.0
0xaaa3e5beea25427417e4fd51965295dbdbfb08ca,2,4500.0
0x7f607e8111f01bb29c54afffb5c2a2f8bae06bba,1,150.0
0x84fd33fb904f4d6b2489d87e6e7dbee1cd29836c,12,111743.28567744303
0x4f53ad7522ca5d565edb1c0d5883229052b17f91,1,12000.0
0x3568c79619d7ec4db6814ed1defc895f55911651,1,700.0
0x59d6f9b8224c9fe1be5fee6db966f0dddebc51a1,2,120000.0
0xc782222de69f8a551558372e9b696258ca6ce138,2,21000.0
0x9601903cac70de748cee8193f2bb13f141706ac3,2,3400.0
0x9686ecbb2b7a05c662ac9b23d0a44cfe43f4d638,1,100.0
0x4250483b888da8501f0747556b180a0d18ece62c,1,10000.0
0x868d72c270d4b92b8e5e583912ebc8aa994b233f,71,43833173.01633354
0xa4899e137f1f732deb433dfff7e3793f5199431d,1,100.0
0xd31eeb64c4d9469fcb75e52fc765b5b600008061,18,1273100.0
0x63f1c036567bfe23c57dc50469eaee0a367dd7b6,1,1800.0
0xd37a6dece2d538d0754d32c9a06060e552c13bc4,3,15250.0
0x438b533d7ed764f4a9b970c709d52d521e4f20b2,1,71000.0
0x83576588cab20aa2f53ccc967dc4ef7a447f6e53,3,3852.6449199999997
0x4ea9be7dc3391497b3ff1b1b0f325017b90e59db,6,12220.0
0x7915cb25e2de8a651e3f69be6585f0236504a396,12,3649750.072139189
0x2b87f24bda871f142596eaa711ff292614c99c19,1,4000.0
0x7ffe278ec6f98fa2f181263ec0cc3892230c8e81,5,209500.0
0x644ab5ab806bc2db532975831705bdd2b5385f82,4,18151.0
0x590eb7e181f2073fd9ef155b845f956a0aea1556,1,1200.0
0x50353013a85f4e555f407ec0d7b46175c7fac94b,1,100.0
0xebc21383949689d2561a83faed9ea0cec54840ff,3,172.0
0x093ca49ee24288f69bf80555c961b2f68bcc2c97,3,8464.0
0xa1aaa70f0224db4d677731f075586d5630c8262c,7,137673.0
0x426f9d8c7505ac8337b60cd4bed5ef37f37ebff6,2,32000.0
0x5dd749b2334414a7fa61617755a7ec37c30b3517,1,500529.5823723311
0x061036b1eee686aa17cceb148d945c956bd8beb3,3,3200.0
0x1b72d235953876bae81608240f067e7c915feca5,1,502365.0608540354
0xe53ff6aed9f984b25934f09210d3bf13522fc9c1,8,565580.0
0x1ef8c3a5bb0bb40107d0216320aa50147ab763d3,1,1009372.318854778
0xd829788890978837a21b4d5c09f2b88a5ec2724a,1,1758388.0799589264
0x130a12336f265ca620cdbd29cebf00e07e002eec,1,730303.3331717034
0x28903f0fdc41f3494bef829036b93e04bb2259db,2,600.0
0xce91e7f687f58ab4387a81064fdded25f428b43e,3,3500.0
0x6c55cb3a371db2abdbee1cf5feecff9eaa1f304e,1,110.0
0xe0ed20d57ff4f0eaa59229d68a69945e42e21789,2,150000.0
0xee4f7bb9720b19a3ada8fd9c71aeec27704198e2,1,109.0
0x8befa4a2d1f834cf8f2c6b19e2fcb29a53ce85ab,1,400.0
0xa160d46f9f9588d862805185825e6045362d7823,6,176823.03506239998
0x4760101d651680284e1bf9e4203f94b037ab8a79,1,101.0
0xa71c2fde5e058afb4d3c766e2bbfd3af76b319f4,2,106.09
0xd5f95839db1be8c7a21698f3d71b38597322ec9f,10,57750.0
0x365c2395b7c47f9af565446b5fd1d8027b4d6396,9,26400.0
0x2e242e50cde88b516558c2c6684e003a6949cfcb,4,113000.0
0xe5c2baff10bef895142f0ea725168f00cf293555,28,56470401.24339119
0x50491804d31c4404413b857846d94c1292ba6b7b,18,22550000.0
0x93b005936f2ba28f85b6a0e8d036d73d802c6cd9,3,52000.0
0x9a2f9dd0b8333fa2fd0f2ae3cff49b404e556ce5,8,8300.0
0x080185d3d600a107203cfc194e1619e0b45fc14f,11,170700.0
0x4ad3a4070b7b94443a040853bdf22ed807f5da23,1,500.0
0x171e47656284a42d18f742e2685bcd7d0928794c,1,15000.0
0x23f93b178313b6d5b53568afb9061c4bf7109bf2,6,2611674.1825
0x0348ee62e2a9378a4e11a620ae0a96567275587b,1,1084.23
0x89271410429b8adfc110c6232abf486b5654872a,32,573862.0
0x0e3540c28fd21752ea72bf73218a1ea86a01b125,1,100.0
0x265a1b7229f8b0b4a9912c26881cb9cdc859d743,2,6000.0
0xcea240ab152527eba8cf478af1d9d317029dba92,3,24000.0
0xbb4b50b48d31809ad077e17cf276936561e4d63a,7,200000.0
0xe070d308b484b8587900fa79270e85db0ed2fbb6,1,1500.0
0x5961b6397a385af8be1f8978b133d52638952ec4,1,150.0
0x7e38d4f9372e35b41defe7059a3346f09edd198e,7,54364.0
0xc219971200a88b74c47b32b5ca96be11c8e09059,1,275.0
0xb406c262b8761e451031686cde9260c88fa402cf,2,4000.0
0x05cb014830dd475bcfa3833adb0763f52d0a5c59,9,7350.0
0xbee13bc8fa37c696537b595429f835928b405e25,1,139.0
0xce897087db66ef5e38982a919e9ce5d580db56e8,1,38712.8
0x4009756d87906b6f15b6fca005bcd37600f560c4,1,120.0
0xe06cd9f4d261333bad63cd8f9640651911332249,3,8000.0
0xedfc422c4a126d6d787c670008275660908b6002,8,239000.0
0x706db261e05382e24b8e8dae6ce4007010d2b721,6,23451.35
0x96d3adae11530cb20a33fb9b74c90aa7f4564cf0,39,418750.0
0x5643713e4a27644e3df91936dbacee33722a4df9,1,1200.0
0x8319820c763c3e8ec989f91378dab2daacce4eed,13,122713.70851861202
0x2ef21f2c245135855123d0b9e6ad41fbaf56d346,1,150.0
0x3c271b616e3c3656b473d380a707d8870504016b,1,400.0
0x3cf8ed96825ec3028e4924848e1003b14d3054be,1,707825.1834296341
0xde3cccd072e449179ab198c7ccd7d49e39092960,2,718.0
0x9c5ea25932642dbef1f53b1053bfb335cee9da4c,43,173886.0
0x97a5cd60718a954b926d4e5ae5178f7a54392daf,2,2600.0
0xf9bc05a635474986567d0a7230cf58094939f7b9,28,138100.0
0xfba15cdd0f7a932f3e9d0675eb8b40894d764f89,1,2986.0
0x6a0a96dc4f77bdb6df94dd9935336cd06cefd045,1,170000.0
0xf51d2c3116a7c74c6bb231798177bc7e435d7e6d,3,230.0
0x5ca2a6b43e382021c51b40821dfd047bef745dc5,1,100.0
0xcddb6baa7492e8c6576293d333bc9cd6e7fd82bc,4,157000.0
0x54b2062db9ee96b82144cda27510cbc1599fe82e,2,5150.0
0x04e32f22930856d6dfa61afd9a1fab961d7cc31b,1,35000.0
0x11cd1eb14425a4fa098fc2e5f394f18f4deaf420,3,17000.0
0x8ac8bcc954cedb144bd047db498302bb26b19135,1,100.0
0x6e4f8efb02679e83ea6773c9289339e5fb642e9f,1,100.0
0xd5a70727ceed92409f07be90212cd33453335b9a,3,21750.0
0x0e26949bc714a4f67b0b33ab6c0deff5cb2e6cf7,8,13790.0
0xf9070f675b48320a937f7c7b50bb44a11142ea88,1,1500.0
0x91f78c60fb2cbe64a398151c632f682a05635fa7,9,30550.0
0x9ade8f9cb7b1f41d9d73a1419a718750a4dd0969,1,3000000.0
0x846a36a195a45664f40879c6a5d3ae4f86dc0cd9,1,14134.0
0xe678d0a5da1903307b2b7a260dc50a60b337acc5,2,25000.0
0xf6bd00eb6807e69a366fac952b76b822c3b16b41,3,36600.0
0x9da815feb178a51755c59277fc893fc17311e3c0,4,11000.0
0xcca50d939ec92ba22ba09873f395347085a1b3e7,7,5800.0
0xa0c37caa5d78df8c5bd330faf532484ab84e68af,1,1500.0
0x3ab29b3b10c1d8ec2cb3032269b1132b54ef0c41,1,13500.0
0xd01e25351193edd131dc2ef433bd71938c47628f,1,200.0
0x8b55fc3e7164265c0aed50729b6708113e0ec402,1,3000.0
0x5864a2d404457cb8711a29fd129fe5400d06bc58,1,300.0
0xeb6f3f28b07aa4ba741fbb9137ae0dd797aefc83,3,4378.0
0x29d62777b1d620068e6482369623cbf595493030,1,100.0
0x8306f4ed1d2899d2495c1c9e43518cfc596727a2,1,12000.0
0xc6b31072eaa8d6d628c22d946fd276c8a15ebdb4,9,282415.49857072276
0xf0b550d00672b2e3f222c08141d2aae803787e31,1,1200.0
0x329fb5b5e30d73f95bde60e382620d917f009345,2,95000.0
0xbb410934b1667d83e8b22e1737b187f1202b20e5,2,350.0
0x7ae5e323c77e13ab31952412d0471f82de81d6bd,1,500700.8679845095
0xd31d81af21556e30675e1510b4ee496bda79460f,1,1500.0
0x1e98e0e7645a12bd8a1ad50302eefb7745b30dcd,1,5406.0
0x2348e18e6f0b2fbde4c377e5e2ee0c818e11c877,6,610000.0
0x6c2ee479285a90a8d9c1f27bbcd5cb5de22bb1d1,6,17475.0
0x360bd6b05af92ac35d91d3c3cd2720c5da22e15b,2,380.0
0x1367abc1840c777f38cb1e93a7902103aaa403e2,3,760000.0
0x959b28e60d0d82a4fbae52679d6ca68e9c233eb1,1,300.0
0x88d4c74593d2e98b155a5794e3041d3360be7750,1,250.0
0xd499796dad9d7a5f16ba7db168c644136fbcbe09,3,1200.0
0x62e3eace817ce4df8977ab37a5e00d1be88da1a9,2,19050.0
0xba528e55840f6e76d96e20b7eb00df0bef51d9de,1,4000.0
0x149f5612f7a7e66db7d765acf041c96893373656,3,5000.0
0x34457bf4da0dcd4a7c6242e72edda715d6ea451f,7,110230.0
0x2fd63e060ccac282fdc388cd86e36a5d2ec4f298,2,1410.0
0xbf3a38be7da17401c1d5c502af8a430c049f8b18,2,14011.18
0x6e773c7c3eec7b06ed9ea0d05dea975d3e7bb3f5,1,150.0
0x183fee1497bfcea9b8bc0dfdfd0104d60c522f63,1,200.0
0x74002c0c0cc246da2988ec0f1c4f0af4f45d1c10,3,9000.0
0x1975c486af67a3cd7a98353137228170422a87bf,8,2870.0
0x99325fe809c349a054a8eed073d464fe9aae13ef,2,130000.0
0xed88879df3ff0dddf411d6a2f5a4ea6ae5a0dc2d,1,10039.51
0x33bbddebf8a886d9ad179d74f68399eafa56e581,1,20000.0
0x56387dc3d6921f1e79b80428bcd53473bd8ea17e,3,300.0
0x8606538ba955d20d5150c8d2dd64b6436d9ccf01,2,500.0
0x791151467590b5bf84475abc1538cb39009c1c05,2,2600.0
0x7c048c6a3b0247de8977075c281915c92d45ab30,1,280.0
0x820e1535aad1bc8cc63ef2c9cc69b00c410aa39b,1,3853.86
0x9353ecb5f9e2fa06caa2beec21a9bc2185cb15d0,1,1900.0
0xa9599a1010aa3fa1687000031d00d0d3e985e73d,4,22200.0
0x036fe68a7a0304383cfe09934508077767d74690,1,175.0
0x56bc77d52a80a710035c17e11314685c47ac8e3c,1,1000.0
0x3862e8d15a751e5f99e87d07c7143b23f2447ab4,5,11900.0
0x3174f2add1408ee560c0b7cb79b6156683f9adbd,10,40900.0
0x41d827b03b29b3750cddebfb0a10491c53bdcf9f,2,500.0
0x05c748582602c6ce1fab8d4f57adefcba9d7b2b4,48,3555229.0
0x9b2227f129e5e5fcce880c434fa48f8dbff77bbd,1,1000.0
0xa808fe1383dd3964d6746933231557c144e99aa2,1,550.0
0x7ac3db77eb135b8050bdc14c7d8b616999e02199,1,136.0
0x1f3f2832dd5cc0473da3cb31e2e868343fd3ecb6,2,900.0
0xafca7ba53e84b3a372aec9086b79505808e21842,3,259.70541604833863
0xd54d0ba208ff5ed4cda260b0a0d1eee67d3432bd,6,26512.75
0xbd35670b98027ab76297928f05442bb7bbf1619f,2,1100.0
0x6ce48d8241a57935cd00e5389cef6268f5fe78c5,22,332710.04692736
0xf1f6d1b26e385fcbb134f6fb82981cddfa31ef0d,1,15000.0
0x3fa94d20f9446dff0866444e2984cd7aa372a594,7,1046000.0
0xe8995c6e92af366c1dd2865682feab62295a2b88,1,225.0
0x4c27477ee0df2937efd8ab7a7e964ca39f9f30c7,9,311594.27515967225
0xb3570b4c9cbdc7b3757bafb76d7475a7752c7408,1,238.0
0x46b164ff756120cf38ef0c314427fe7a7086a82b,8,21170000.0
0x22891d122b3ad5db5d1bc8d202d86e30bed10bd9,1,158.0
0xee3f3e4a3999b9b1abb0fe7866418c6a7dc09ee4,1,700.0
0xc8f1531c2abeff7e287acd62760215839a8affb0,28,99200.0
0x4799b68d220b49a7a2955d481edb67f95355131f,3,510.0
0x7caf044dfc461a717010f0f63aae38d39bc0b5c1,1,100.0
0x1166786c49def6f41fdf9fb7d0e958f9a8d74bc8,5,5000.0
0x3bbbf010430f29be52eaee110aff0f287733ffee,3,6250.0
0x7dc33e9e3394d6a0546367ffe0e58ffa74d9ca6e,2,19000.0
0xf8668fe30f0c8c6e1710ed327e8f3dd560ce6e83,4,4500.0
0x07ec7b03ebcc2aa8e0bd2e069a539d7a86bce58b,3,260000.0
0xb5cd234df88a90a009ad0642cc9c961efa94b91a,3,40770.0
0x2f9ee028e9c5aa2018f90d4ba85dbc9ca17e0346,27,110195.54125580749
0x315ca0e09ce9e10d9034b67ea46421b893b4ef38,1,6000.0
0x941337b7ead87c3692b285d967eca3c4a444df1b,1,150.0
0x1d9cd53e99280525e9711e861c7e41291b000b27,1,2000.0
0x5fcaede0dcd7f48dddbc7a8f095b13ab542e8a16,2,4000.0
0xb13159b54d5f236def13a9a1988eabc37bfd7618,1,3000.0
0x9a838d45d64767c2a72dca6cefe095bd8ad349be,20,455291.0
0xfdc738d089270985eee4baaef5e9a16a6ba986d6,7,1560.0
0x976f423fff853d7d4388aaaa337808c75be89ca0,1,100.0
0x9daf1b99e52efef6f4984f8a1803e3d98a99394a,1,100.0
0x6fb3fa55a497cf504d332e4645ad99fc8576b5fe,1,1200.0
0x6996285beaae4bff2cba30d4b3c30868d6a173f4,10,51230.0
0x0ffada86e0d55c7b3242c1f3f5c7a0dbe3af26a9,2,3450.0
0x7083aa0533532a648500841264d4b13b92a10d60,12,25500.0
0xc06548d912c963f580d5e8a5607b7f8b4559331f,2,23500.0
0x3f258a5d30808defcdab812c673c2dce3b45ba62,1,100.0
0xe99344830663f03e512db2272f8082fd8dfc6e0f,1,1000.0
0x0bcbecb20f54d630dcbd6ea3f612e6566bf9f338,1,150.0
0x3919a2e79adbb6de666da03f77857c08ddd62695,1,355.0
0x4c959ea3a189a8199caca4543a59ba13574a6ae7,1,2000.0
0xd22799a179d1a4c3f00c8e1fafbc47729feb32f9,1,4000.0
0x416c16d2b1d504ad9092a0244a4b352fda8a6c11,1,200.0
0x93f76c8461341494ee556775e87d198fc5c77652,1,200.0
0x1e7d59ef850c16136ffe7c3b46f59dc15d6dcbdf,3,140000.0
0x4ab85c4c0a976822841e5641fd499925d633e8f6,3,1270.0
0x5bc059d3d961773325050131a32ebcb05bc6bd79,5,24650.0
0xc6d2ae157df51c197b693e21972913bf6b4a1e93,1,4000.0
0x1884952b03d8277ce432c76a8c994e2007a3cfe9,6,1154.8736904987675
0x6fe99d25e7d37759f4c1d3baefef200937235a82,1,100.0
0x7ec5aea1ab61187c7c4f2d63b501be0a80027865,17,387627.88256551494
0xdf123b1ec410d08b06cb3e2c8927e250e1e9334c,1,245.0
0x8082de9cb915d778690fbb40046311641961285c,6,1970.0
0xed61242b27d20deaf6b8a8d09ca01db3ff80fdb7,5,66020.0
0x503363a921d4ef0cd651131f6613fce14bfbd2e6,1,12000.0
0x1ba716be6fbaf16f66c5d04f727b13d0bbd8ca62,16,118896.48999999999
0x078a99d7a0406ab84626cdb62d55a5ec819655d2,4,5250.0
0x4b84d454045d2d420083301a690199b843f3333b,6,54299.0
0xdfe41130b6394ad18f9ed554a3279613efb878f3,3,20700.62676
0xbf5e297121d9bd484faf835d06e7ab921586901f,16,53021968.14147109
0xcb4e09fa962cd663ad53ac235e6ec3ce8c35f5a0,2,200300.0
0x890d98ddfdec01ef4343970897023dc2d1a74c75,2,19800.0
0x0d11409dbe06cc60c385ff3ae84c3e4b668c626e,1,120.0
0x821f7ca9170fd79fee5c97b24377c2525552be24,14,67242.1
0x12e572bf1ffc49fa4786359dade72da777d7c274,2,7000.0
0x320b621774a7a683b46405b030ca8e377e326e10,3,7300.0
0x2b567d6ac94176307b0c9968e261995146f793b6,1,110000.0
0xed79551f1fb7bf01413cffb77d01f2e22bb19508,5,2750.0
0xaf5931e5f7dfe98a49576ed726faae33e0920ea9,2,140.0
0x067b4bffc39c0f5af1c6156b1135b1ab84ca901f,1,100.0
0x9c3b2bcf0852b4ed6668196dc716191ad2088baf,6,8300.0
0xacc98e2cbba1434e770112fbfe98a07a23603335,2,185.0
0x58bd0e5502d32c9872d54a5c0e65558ee6fb3a03,1,245.0
0x0b9308b30f53dee53046722dc9e79d30f3e0e844,1,18000.0
0x50814c3a106847a4fc500e751c4e423c1e8ae5f6,2,722.23
0xe1013999e4975475b98a80a5b48c24f37f5a01b6,11,41200.84154681947
0x6a400620ed58c23ef63d0dbb2df56aaa654b13dd,4,120008.0
0xe8d46cf720a85446c79d186f524850778c72b26d,1,2500.0
0xebcbde8417583b95a47a064952c6367adca9197f,11,13562.0
0x9ef947d67dcc9a6a9fd3e1dc75d5e10118723d81,4,1250.0
0xdd8a2752df66b7f064c5c8657002ee9fc1c8c560,51,266900.0
0x487526123c175ac7f2eae47458870867f5ce8fa7,1,231.01439266666665
0x44936ec9e67dfff7b9de921fcbff68a7d6749d0f,4,1900.0
0x068eafa36a053f213dc3e3fd241c9ab98b05511c,1,100.0
0x4c552473053d5799bd1a8568c2984f88086c51f3,1,100.0
0x8f56306e2b4207e2494ca651de1c7145518daca0,2,150.0
0x13d577ce571174a0e185f6605b31371a8845d1e9,1,250.0
0x2bae49123acabd331f8a6fac9408d7d0847dd4da,2,175.0
0xecbe0838b18852fd291279f067bb998dfbdb2a6b,1,100.0
0x1c2235a559d44fc626c165f984508fb76f6808c6,10,50200.0
0xb4ef4850857bf5816de791481f804a49cd820e89,11,211067.2722207628
0x26896ef41e477e0dfefa922da20b78e6a8de2fea,1,100.0
0x4aca47fd2fd229ff8304623a64fb00b83ad0abf2,2,200.0
0xfa3525518c1a8242c3f5aaf425e0a596cb116541,12,488511.70414844004
0x2fd92a6440a24916d91e6c7b680408edf098fc49,1,250.254
0xc91b36ae3623182ec0f054e80f1dd839d54936dc,1,200.0
0x84aa01a44357720b74e1d19ae649a09bdf20ca2d,10,93877.0
0xd81fa42636b2677baf6ebdc8d3724c10ac7c0ccf,1,150.0
0xadb767b79279a13f34351f35a79efba48b4e16e5,3,5000.0
0x79a1e2929bde1d4fd27d8a5aa08921b7b579fd3e,1,3000.0
0xf1427af24dee98da2b0796c7c0a26a4981894770,2,1498.9885239999999
0x97af72185e06fc91df9b0ef866327c8d2341d8ed,4,4190.254690417536
0xbc225bb8b228fd6f554f699bf9aa2e07ecff48d2,6,6754.026132303032
0xe492160ad398d744c65f10bb88518d1c1335eebd,3,29969.346978322938
0xf3d0a2efbe84a44e3953289f78293e1bad026459,4,4150.0
0xc282c9a1bbb9805b4bde5a8eeeff63faceeb5f7d,4,2250.0
0x107f878aaf769fe464523cff39cea7f6100ae793,17,100767.0
0x1c20026627a1a2439d263468c5fefa359f9ddeca,4,4800.0
0xdd7caeb907145a45a1a5d28f51e39827c35d22ca,4,2100.0
0x1fd001dbd140b9669fc52caf7426a955af47ec05,17,20950.0
0x234df60d83b77448e145bc394b6a3d40a0fce3b6,1,124.0
0x241e1a8287b0584dac90d947c8e36055436eba27,3,6100.0
0xaae7cf877f2d8816ab726d9ae2d32227b4e7c811,2,800.0
0x3346f24713002019cb6c13cc98a2cc6580a8192c,2,1500.0
0xf0b35f7957d5489db40d148120cb69aa7299f56e,7,105500.0
0xfdbf214eb29cbca5526c347c6e4df8fd889155ed,12,29600.0
0xf76004a8a4c87be985422d752318fefb36614faa,1,100.0
0x8e178811155f0f6bede1e1272c700ccf31fb60ed,1,3000.0
0xc1ee7c6d14265a75f2ef9cd9e370e0aef925cb1c,1,100.0
0x114a11881cf7a986de59954c5d8b719a79215ced,4,2345.0
0x92656a0613df31c60aab4e339eacab25d7ec96b0,3,3450.0
0x5f27db7897ecbd20269de0991159e4293149ff66,4,93083.50696533333
0x505a8ff30048e7741dd04e8edb5ad6a6441de00a,2,3000.0
0x8f4e00130e17f6ff496f64261c5aec47635f18e8,2,264.0
0xa7842e0325e80b2a97800f32137afb05b814e0cc,1,2000.0
0x759538deae3ae862c446fa03bbff19bdd35ec5d4,1,200.0
0x9ff57f771a7ae027ed6dd20860171ac283af8fa4,10,40947.80384745133
0x7ca0b49b6269d58fccc20250aa97b96e39ff0919,4,900.0
0xc5d9180155991e3fb44361a229fe9b9a8288280b,1,1750.0
0x83d48a114501f710576243b5d4e088330880dd25,3,15000.0
0xbca4bdc168ef70f4693adba73fdc37d46caf18bf,2,180.0
0x13845b9b69493e2cbdb5ab6a42cc7a14d8524815,13,762300.0
0x3098b43649097fa6b18ba16500d257dffbe9805f,1,300.0
0xf1fab2c2ebc4f4d7133c0b10291535a97837ae12,6,67000.0
0x5dff569cf75ae3b9ff1644d960771d552454c795,6,8100.0
0xdb7d76217650d1b27c5cc06d15f98cc9aec3a854,20,591780.88686732
0x6d8ab3c2dfd75147a33557be9103b82c5c702645,39,182468.08321365912
0xb4b6f7330ed8f108675c0944a63381d6216bc21e,4,17000.9
0x8aa629a8ef8a7c9d09c6c9f3146fbc442d723b0a,5,429330.899251778
0xe680faa474f529a17e8f3bb286c6f93f75b23a5f,1,3000.0
0x6205c40c0471c4b613f9f3b52e6eb6ada65b2d67,7,1500000.0
0x36dda55f849888173f7562bccd74817b7c75db10,2,246.34735524041815
0xf31232b6620bbc8a449ff4fd1fe0634cf12fce42,3,15996.0
0xc5afb6665be150f85b69be35e778ee6cf9277308,34,3557072.1418954358
0xeee2f636fe0839b294e451359321651feb558fc3,32,3144257.104364037
0x66e04627882f4a24d4baf89fd54625a3147ef045,39,3225276.298786913
0xae016b409d04a95b2bb7dff15f2a85e8a772d571,10,335045.0
0x973b20af9abd3d25366d9ca4510a29f87247a886,1,100.0
0x5e2ba06599885c3ea7f138ab30c512afdecf7169,19,1621000.0
0x3142d4c4ddbe1053bf7cbafc3db07093864e15b6,70,375195240.83000004
0x3875d3c532789b6be1e00a46d0c79dbee580d668,2,650.0
0x3aa32576b338a481d9b44b0a21d9f1eba028f1de,1,1675.0
0x7b184a1ec86468c34654a14f863a368b23a76428,1,500450.0
0x93b53015353e91b82be910922b2d685204c5d57b,1,136.284
0x20f4638fe5ad464e275f6ab66f9191ada416c945,1,526.0
0x2148e55e0ec02cd32869398fc68488f9fdcd0fd1,11,46500.0
0x8cd2bd8591812337fe326d1bfa6b42d03b12193c,6,23050.0
0xf80dd0fd87fa105e4126d9501d6aa812c2505c3e,38,562855.0903931833
0x0e075dcd276bc3e6f7df712e41c57b93280c40d7,2,200.0
0xef3d8188c3782fc9b30ea15f92f8e14a586f724e,1,100.0
0x82294191f7422956dfe428feca3377600e5a62f0,1,100.0
0xb6bbbe415ae4b9bce45f7ecaa38bb0ce4dc77b3b,1,100.0
0x98136b3e99582368f540c799a949e802269e6901,1,100.0
0x00e19ae7046ab57270c200c1c18a30dd8cc4ca30,61,222980.99311808
0xe03ae206d85097c531dff52afb0a670863d2e0b9,1,100.0
0x399d4535607b0d1e80831a9e36d9d92e67a43101,4,1700.0
0xbf1bb0c554f05361e9797f9e0bc21d429caeb31a,1,2000.0
0xf200bbbfce6ab32a02144d1574db8937f84711bf,1,1000.0
0x31f2064dd5c95e689d2047ff3141824896d654b2,2,360000.0
0x5e067f89cd9e5ee87531da312c0ddebbc3dcfffd,5,6121.1
0xfd5761ee3771fe35d39733961dea36421493f237,1,200.0
0x452827af78ccc731cdeca331bbb022b31f683499,23,1003692.66952285
0xd6725a389f961151f95d397763bc0a786e65da0b,3,340.0
0xb9d167f2ab7868b76c3636a814fc9ed76b0f75fb,2,6000.0
0x64fd71afa1b59ff70fedc2c7d2e0a165d79a7701,1,300.0
0xa0511ddd45ebbaca7217ce121a465dffbac735c6,1,700.0
0x45ca315ff92d5dfeede0d98f0ed52da85f244b3f,1,1000.0
0x3c4b5cd927f158048a2b8ccd645702d341a702b3,1,150.0
0xfc00fe6905e5c91a50dd732136bb9c5d4fa8eb21,1,33000.0
0xd8fdb9fb39b32d0397fc3de86faa5107764eccfc,7,845.0
0x169622804e2ba2f67cc7928b154a96d36fcab652,86,2463192.774190024
0x842dccf0e4b15dd862cf4b6f87f0d40cfb5f2095,1,20000.0
0x24c3822f661aa04d5936ed925f08ebf4eae481aa,1,100.0
0x369b69b850ef1703df7edb83adc0b760a9921b8d,11,40385.0
0xc37c64a05cc8bdc11fe0af9a886bc66b448d72b3,39,2913010.6196182948
0x8797f55247dac7bedbee5f0f5f10eb0adbbd8d25,17,842210.70801219
0x761423a0909b87cd87f399e07186f907780099e5,19,758068.70071514
0x10adece92ca1dad5be3b5bc2077da68bafc97443,31,721353.0327623
0xe55666c949a99fe4cbcf0b5360a603bb973b358b,1,11000.0
0x885c8e1c4dc9638cfd50f8889d8b611152b94de1,21,814652.42641276
0x9aaf86968bbed9c07749001642adf333db930dce,19,656580.50613228
0x34a49709ac569d4a0f6a93518d5ce51db5a8297a,4,4975.0
0xf848a06bcc40828fbad0b4c6a4ecc077fe268787,2,127.54118508160859
0x17ecb5c3ac52681459eb00a9d96273a058cd8f79,3,337216.4242
0xd38048ed7799eec610a8b6a2293b0bbc15b3aed2,3,27017.1
0x3aa6ceb88de0e2a8474ecf32aac22df1a79901c2,1,120.108
0x8c36110ef6e49b97b4dc857aedca0168a74e27ae,3,17150.0
0x089749a60129275ec68e13aaa72995d08905cae8,1,500.0
0x3b32e0e7cb247d33c777052a10e1c9357dcd0db2,1,5000.0
0xff256a480ff9cf6028e0dbed9b96d96f70dd0577,19,45218.0
0x7a5867205f8e7a7048f3836a4c3c3678c786760a,1,220.0
0x73b1bbb0e2663fac5bd4fc1f27d8a40d9b8d4a26,1,100.0
0x8c1838fc8ad99df37add84e6df4a3ba4f724f96b,2,1000.0
0x05cd4b937160be5958b7b10d2769bd2d587ec4be,1,300.0
0x15238d9b220538e567a68e12c0d5ad893ca27e63,2,1200.0
0x4347eb21d0fed3c3a098bedba03ecbec134762e7,1,100.098
0x3a3577825782f1bb5c05a9eeb7f69942574dc94c,18,950000.0
0x806f99178fbb7e4efe766f9051d65c6a2fd633f3,1,3000.0
0xd73a82dec8894287393adf7425542894277bc080,1,3000.0
0x4e6801b7c185ac28542d985fa89e248e6d02c174,3,41744.0
0x486e94a8ba38e1d9f1749a591fa2be35fc2c9f54,1,150.0
0x15fb81ba4b47dc16c71d740f94ac544d5b2275dd,7,28100.0
0x3742b2341c897bb5e14f0cb6007297dbfcd081ec,3,6500.0
0x3c46e76870b6a0fd2d37281c8c48dc84d679c5ca,3,700.0
0x445c944ea00d049428dbad7ad0cf1eedddd8f07e,14,1919773.148741465
0x654df4721853b59613407af5634321139b2c3fc2,3,5500.0
0xe02b2ccc31399a72de406754d43d7a4965aecc91,5,37938.81081315
0x3d570681d7dfa066ab4d40ca86da050d6d3e92a7,1,420.0
0x58c3ed0a8159ac5c2f2eeb939e13772faba1113c,5,351000.0
0x8fead278217634246fd65db36e0a22d68c1a2207,2,3000.0
0xd29814431295152615794a80bfbcff2b3115a283,3,30000.0
0x0a0b5b52313db1b63e6e7c47c17be630a0624e4f,3,313.0
0x1edec029882f54968066194f44b3152523caa47e,1,100.0
0xacba1c8c64390995ba673625874b38c86f9d84c5,2,365.0
0x001c065fe6fb91b9f8f5e57adb2d5084f1d77d81,5,15330.0
0x4b17eb5e153d6a1af52833766a4f48617007011f,4,117000.0
0x09b617c2cca8b4b52b833a26672e2e592352aa1a,1,800.0
0x8d8b30e2753db0c2ea6702ffdd73b984b127f0ba,4,26736.63434
0xcbf52f82dce51e0d3b17767f6b7c6dcb555c7291,10,37550.0
0x68f11b8fb0412128c10cfd52f9cd82d30d57a320,2,60300.0
0x4e9a7001f08a101b05cec5c8820b783991dee688,2,1800.0
0xd93b8d77b0d041815ad0d098aa7df102088079f0,6,76833.0
0xd736cca5d65a5d61244b5088bd4b29309b2d3403,1,750.0
0x65f44cc2e9a43bee17e871b2cb2095f4d7b3e2c9,17,31940.0
0xabef0830eae85390a5caf1ed6a9478b11f39b901,3,250.0
0xe3d7fe2805f64717e9b778a892db23959e229af9,2,108.0
0xd359b2f80bf9efd66c43ed302a839c9f37965535,2,492.66224996754465
0xb515b90d77d82d6f2c62a9c73f7fb80ba1aa60fd,2,499.44
0xaeaac9446219546a963d5006fe7b8c1986846971,1,2001.8
0xa26b1d867d5df994ae771b2eb5e0821290ea3397,5,475895.0
0x0b6830da124619fea6d9d1a6b1b966d0e4841ac9,2,107117.86385359999
0x36f9627146456bc659bd5a51079eb68d9571c63f,1,100.0
0x5334a3a0e1f327e899dad5cc18913091d6d27715,5,4700.0
0x522cfd1d19b3bd3a4bd1de2adba87e89e1fe35ed,21,70480.0
0xd56462ca02614686a2da8f05889d175ee958c57d,1,5000.0
0x9345f9720a7a05ffccf54f3d415f721adfba8a8d,2,75000.0
0xee553cd7f08393ae425b0f76c4fb8c4f314d8c8e,1,769.0
0x0476c04653dc754f5071c513cf52d111424d147d,1,100.0
0xbef67841e43250c02ea975a8696dab8954881198,6,6450.0
0xe65cc3051e9b22972ca0d3bfd579e6f24b56eb7b,3,10905.0
0x67a880f9523686b204bcf0fe1ed29be7031a0ef7,4,27000.0
0xc86d0411e417a995e5bccd863546585b90f87bd2,4,6500.0
0x97bdd29728ca2b3ce281a50755c355daaccac959,1,10000.0
0x6297db4b03cd33de5475b78572d609ca0081b7fd,1,200.0
0x68877f3a4be83de033c31269e988e64a1cc2a049,2,6000.0
0xa5cb53579b00b88be3b52aabd9f523c382350f39,2,201.25
0xd2b7e9b02aca27e7197f5e4636199f4e9777d678,1,168.0
0x932d24e5f49922e7a40b9e27672e0e3c849d7e24,1,100.0
0x78df0178d63fe5c47777b430c9cafa95fdd0031b,1,5500.0
0x23862460bee8ce1ceff257ac6ac532362ac3437f,1,100.0
0xf97ec1a26e4b5cf0fb122a347e4eb0eb8f166688,2,450.0
0xeb6ecd3eb2d0299515be0beda0f784c379425341,1,190000.0
0x4b9cd3009ef87057a68ba53fc5d2151487c095c7,1,100.0
0xb3de042676c1daffe6029fb028bc167db62d6a5f,4,390.0
0x489beb1675f66b99c7e3431d89290df75816feba,1,38000.0
0x89fd8a775f5513a9e66032186b28867851c6a969,2,17500.0
0x092a8d7a585e22ec8a3cb23bcf272d412b3ef815,1,10000.0
0xf884a8d86c8acc5a34e552f76767ff10981e5fd0,1,100.0
0x4e27db0fc39706ef64b5c74ef9440f5716120ef6,10,30000.0
0x0fae72e166658684bee773a7ba1acba1861ca26d,5,23200.0
0x5dc537d82d48f7cc6ad356277062981fcf1ef2e2,1,20000.0
0x05915aa6b9901dfae63f5f4a5a973cb039519fb1,2,200.0
0x1aa2e6603648f25baad56e7b3efdb0383b4b7b5d,6,37140.0
0x2991274d452d59f64414f69a4c121bccdb37f9aa,4,1245.8253805129807
0x181c9dd4909d5daebed94ca890ea232f3e89096a,33,615691.4211772656
0xef5bff1cb526a095af90f1ecd75e0f46d46eac89,15,74965.83551481
0x1b6ac05c77cd71de57c6f483af479eb7c9146863,19,749002.6769697848
0x81329f5bf5294f39400c301f3ecc8df1b9d802a3,2,3300.0
0x37acee3215668938ca23ad67e8124172ff5f29c2,3,234.22067325999998
0xf356fd2ab12897a708688aaa0e03486b77932dc3,6,670000.0
0xfbe7f8971d7cb7198fab217f23255e517a201400,9,4674.14
0xf3579e407de5de01b2d8f8ddfb5de629c78f3dca,1,1600.0
0x2dcc3a4e06f51e2d2640109d61e96bea03eeed4b,8,58600.0
0xcdefb61ccbaee633fafd9fb06833d21b618c8d32,1,4000.0
0x6d2dbf1cdbd7a7a5f65ca88115992ae8c104cdfa,4,57700.0
0x1329d5a4f1a39c4b7d9a2e296ae85e4cad294efc,1,123.42
0xcb6bab7488f57182d93512d8f8c5dfa31fc4a24f,3,1558.5
0xb8d404b97a8e9c604948b202c863f35b90e9c134,1,100.0
0x92dd04b15ab06670f995446730560b53bd4cf7f5,12,16186.0
0x9365e4bf7d546a3dc2d1ccf39965a0bf1a9d83ab,1,27818.08
0x89429fd857548974ad900bc4789cf25d7407c552,3,3000.0
0x757dcf7c9611e808edf508de9cdcd4d60175734d,2,4300.0
0xd3bb770bdfe5b139ef178c8c1b6eda30f54ba44f,3,935.0
0x2027afa283f7dac7b4e7d5ff6e0722cd795313c2,11,90500.0
0xbeb41284c4607bce4a62ebe73d792b9f0553670b,1,160.0
0x9def050c4f91aaac794d65e6b0cc3798d0895eb0,5,4190.0
0xe115468c6d0bdfb9953dabc47b9d3c05d55e0411,2,2250.0
0xe3024277897b1ed6ae37b5a74d42c162c9c92c69,2,249.8
0xe790374b04097927de7b72da9c1fc6f8c5ac14b6,2,6700.0
0xc413dde117e3afe87c3999cb77ce111640be65a9,1,200.0
0xc67c39700b1ba77adde0444e126f03c16576c02f,1,11000.0
0xd1ba80884f47cb9c6eb1213abf3a96a252bf33cd,24,350000.0
0xbf95ef271f2fa957fa365de2ce3230763eaa761f,2,116014.4
0xfd15205a067ade3060e1b17e44cd145d48d5dcfe,1,100.0
0x997f32afcb889b307dcf581717619cf8130b457d,19,428896.0
0xaf56cfbdd2ba34eee93b9e7e576c6b1eae30fa1f,2,205.0
0xb9c9bc7e500fd3ff4014d9c0cf755a758ff5c58a,3,3850.0
0x86aa5df1ca43d9c4b8f64ca9618bee4f677c4754,16,47321.0
0x24ef39247c678a873f303a29a46795c096c181af,1,2000.0
0xa1a0ac877ba23390cc78a3e5f275c3e5fa994791,6,4606.924446
0xaeecce3cf76a9b308df7a20aee2fe4872f1a04e0,5,200782.51
0x6c6936c033732b74ef5e93c2e4fb2b3fbe891397,1,400.0
0x9ed3679a76b14055635c4ac0c5d0c5f6d5f44c0d,1,100.0
0xef2292947aaef660b54adaf0172d807675fa5c90,5,4002.300148025515
0x0324f78d1fe52254e419432f4b2856ea268598aa,2,675.0
0x23adf1f56f5587ac12a03f3abf593ed9e282f362,33,2437.736596
0x1039d6b2dccf911ae0d2fc6839a5bfe58f396f56,9,105100.0
0xd6c5da979f0988888231644e3b44581ac1c22957,43,166592.88293229733
0x37fe93f99cd0e0bc8d1ca7adb757f8b47f95ddc7,3,14300.0
0xc1d3b116549641662ff2eda0f5b4908396a37996,1,450.0
0x575a9c7b11eb6887375250f0ec67582c2bc754c6,1,248.0
0xdfc9dda6d991604d19f1bf6b9e99783febbc4d8e,1,1400.0
0x9ba177f9a155d5aa911d99bb9fe228b107d11adf,4,60000.0
0xc428caa111b869e2e2daddbcc9e3ab0e83d7f897,5,90000.0
0x007a449f73ffdb1ca215572062c653d119c02c65,10,7483.021553561144
0xbcf88eef7dbdef7a036ec707768d57979e7ccbc2,1,250.0
0x05aba6bdf5af3d0bd4f354aac5d7a1972505ff1d,7,12000.0
0xd4e6ac7ef1191d80c6130dab1ba561444530aab3,2,525.0
0xad0570e0385e72095182c4ffe8bffd695d72c6bb,2,135.0
0x4f66145a1c37a41f8445fe7f6c4e8662199b0add,1,360.0
0xa9652eee32d9c880c212075a7c71f6903c175670,6,70815.06
0xb4faed6b521f430738919b185ac7ea1bd61e0f64,6,164494.0
0xe71d6c4e8fd095ba100ee38adb82dc53d705d9db,1,6000.0
0xca04ee18800f7c875c2d3b0067a8c5b309739dc8,1,300.0
0x6b1f2b48c5111740d0eddf447d39955ce2567769,4,14500.0
0xd326b0ed284e8fb8b7b846c94d8ee2e37ecf3a4d,1,100.0
0x1624c69a8f0ea01e70c61f72f8689089b0722daf,19,74729.18434596964
0xba44afb53395260001a8fc8a7f1428e30455e6bd,6,32000.0
0x081012fb0c74d85b84d4465b3b830e89bd4d9dfc,12,56890.0
0xf9321bb89b7123e1f3960cf2e66f049906256587,3,8230.135016359323
0x2b6022ee81ae29ef4cf754e4a0878e06700ca0cd,1,100.0
0xd92dcfe80e5caa6f25ad1bd5c990a69ba5bded85,3,5070.0
0xa1d2cdcdb57c9f910e84d6a044e626d1035bcc5d,2,5001.2610177421375
0xeb955b319337c44bea4ec12c6a31e554a8c94e5b,1,100.0
0xfc7c5988983f6270f4241dcdbf8d90a23025b073,514,57082851.31372757
0x08ae8b9df6ca6d54544c9ea9b02dda541869139b,2,452.9858445147363
0x5cfea09231e37d4a9304ef66fb56a1d0d47963f7,4,749.94
0xeddca0b27bac909628bc16f78e7ba37a42d7acb7,3,1250.0
0x38866f6debdeef8229a5041f6c8520562f654cc3,12,925000.0
0xa6e5bbd39d5f7d9e9e3e689331d39fab86590e7d,16,2193.9519256045837
0xb074d335d05bd29dc62cc429cd54e2dda93df926,1,150.0
0xf82cf07d9ad5ca51349a9e21cb6ffed32dea1665,2,360000.0
0xec35347b78c1ecaf6a5c3fc95f86f614d902812d,1,200000.0
0x85de270da7c0ab2beaee24132186bb0c4faaeada,1,1600.0
0xefa72e257c6d65a3f6d0cec73a55cbe266f2eb7f,1,177.13
0x7c8d1c14f2686367dd8ba8dd787a997541844657,4,2200.0
0x394b7ab64978da7f706a0695483939156f8a7863,1,1231.0736366666667
0xe8e49502b9f40a8356260d2b43c4030a60d54695,2,547.0
0x9e4e0ca126400188081776b41d94449bea52737b,1,220.0
0x31d161107be99da5532336bc0dc22c26c7568113,22,234575188.0
0xa2e90c6aeb4eda623d673ea3cf9741301129acc7,1,600.0
0x6a710c27830d946cb14be4145afd78ff6cf6ceb9,1,100.88
0xc32addb18bd4a16424a38e75fb3d9284c21fff04,1,150.0
0x6de646d5c68d462a6f3d5b2fe228f3810466a267,1,100.0
0x7ab369fae5597b8ef8d249b3f3570066406189ca,1,100.0
0xcb1302d4248229b7e97fb52d724f2039dfaeb5c3,1,150.0
0xddb2dd28f9daec10d4bfeed630d6000f38224d97,1,120.0
0xed8c303903396f0da138008f26ec6581fef3ea17,109,652370.0
0xb40e15c388f14695f6a17cc2a362e452e7a39d03,1,1400.0
0x5f9f6a12ba0f7ae86bd980ab0ac95d6706ac0375,3,500.1
0xe8ffd33977a68fab593c929a129ce8bd7b7388a2,6,1600.0
0xc3ea8798f28a632e657f4301a06cb10e01374a82,27,461300.0
0x53adf1d01cc78c8c7467a2ed6e9efd672aff3b08,7,85500.0
0x538f4786f170056332b8e9c38f0fbbd63005c9be,1,1000.0
0xd14e637faf7baaf6cca3133cc94a5b8e52e0cee8,1,35000.0
0x6bf24da4bfde4c3d3a5e5cbf67d561a0a0b01e72,8,15650.027817029086
0x12d8d9f035ae26fb7861b81b52b63b104694f994,10,3380000.0
0xdcd7e47bb1f72adf8a56c7207bf299f5d3901155,4,599.53
0xa69d3d72e5fecd2ce3f5e83bab64eb66b4a7765c,3,2000.9
0xb731f0259f6896f9d14f212ce4ea748993d9997e,50,299144.4147803082
0x5a7610b26256116a106dcad1c1f77fe1693d73b6,8,8200.600580921971
0x22a36ce9c6eef06a3b6ff476b65e22b4a268e324,4,815.0
0xfd8d3ce79e2a4aa22e0b92f157b835636c8db48e,93,44586575.854337454
0x235aead8e1f8c2ce6ad69bb74f8e34d1ebe38768,2,210.0
0x0d6dd961aad1b09be8274fcfa495858233748d2f,3,1550.0
0x46d879022c45f2eaaf19a2a112a3a308309cbbc2,8,33500.0
0x609d7639d7bd0cafa3bdfd9b4bba927ec57283d9,5,72200.0
0xddb7889020882e0c4e1700ea84697af794ad99a8,1,100.0
0x66ccc603cb201e096b320a6a687667962a3bc9f3,4,51000.0
0xef03408d0ad512d2bc69121ca330c96faae283e0,5,36000.0
0x6a22a240a592e0b3391d7e9e30e80dc17273c44c,1,100.0
0xc4290c5c7eef925db246cf8492df257c85f2760a,1,101.0
0x1ae9598e5827d6b7bd3aa6493832610677157a97,1,85000.0
0xfb2ad6f40cfb32ddacf3e9aa59620bfe9865f633,1,1000.0
0xf5fbbe7edf2a1f16b445a3a9012e933b1e70aec9,6,666.0
0x8fc19618dab2ac0fd916f7eaf8e0da5ccf100528,1,230.0
0xca9826317e52257f963489f060e9657ea51c859f,1,334.304
0x8d8a9559ba2461178fbfaa67d3a2e3b19bb5a073,36,233150.0
0xaf142d50968faef28bac126c13d140b5f71702a2,2,4800.0
0x056eff640bb25ba528900788aa7cb8700959ae7c,6,36500.0
0xbcc9a07a024dfec1313510cdcc86bd7ca7cf81ff,3,820.0
0x23e4fa590ca1b0b6567befc0e1e8ef977d1965fa,3,5600.0
0x932a1e53a24a2ebef08bcee8b74aa826a923ed31,22,52000.0
0x99465271848d4edb0c6826524fc2e1f222366fcf,1,220.0
0xb9c9772b8b337387ef63c19b4c7520edc6d89edb,1,100.0
0xa68ff16aa6001b738abd3a4e3aa244936499a5ee,4,2900.0
0x0a3c7061677d741cfae0dff77416a1469081ba9c,17,72990.0
0x744e75462e536966983d198a1bc70fc4a9417b1f,1,125000.0
0xcb22a75530e95dc64f9ecc0749a54d0181e250d1,1,100000.0
0xc36750886f4dad86aa67c85cc3aae4624b9a10bc,32,26005272.0
0xf66762059dd178d2d3f6290083647cd8bd59933a,1,94000.0
0xc307903d8a7fc7a80ba7967fa8247d1f7f751de5,6,2552.7981600000003
0x08547880b31fb36463faccf84cc95a3b7c15e8d3,1,200.0
0x44dfcd6ed14499d9116ba669a992e8fb06bbd6c5,4,5000.0
0x2e44cabf96d2f8c5a20968db1a2e95421f9f96e8,1,110.77
0xe446221634404fea68397003764dcac99350c396,8,42451.070168284394
0xfe9f273548f4893d40ba9e4f20b8f673794e6089,5,473.3
0xeb5b6ecd1d05ce9fb7bf1e45e03a688b6860c0aa,1,123.0
0xb3a79162dc34b8a6bd0e8c4e314efb82ab435d39,1,123.0
0x05c7bc3c5fb598ed77d5f88ae6413a2190603191,4,1725.0
0x32de56b1fbb87013651447ea1fc7dc8e3634af4f,2,118.18654655731105
0x7dd107fc16008a18d780fb1c07d6e362d233e2df,6,65000.0
0xf45ee8e736c29686df30d2e6a3183a409b9d433a,18,75200.0
0x186dea99b0a94ef1da36f27791d5270dd879d0e4,2,200000.0
0x0a07f33088f233c78bf270ce5828bb8b7682471b,6,1100.0
0x3a2d5dd67d6475548edf2cd2f84d7217ca2904da,1,125.0
0x6b3a4146ab54412f4ffc079ed48d70fd613589ff,4,1459.9999189219654
0xc57e4e15d536e00987b5e592dd913af68de8db7a,1,200.0
0x93567b67875c3086bc5e2b2a09efc559b69b6d48,1,500.0
0x8c8fd85e9f13e4b71cdd68c4d75c63c3d66d9604,8,24795.0
0x9aea81fc27cd2e28ce072c75c4fc3df88815361d,1,100.0
0x2a1f6e26505854e845f0f81bdacff413f058f450,1,150.0
0x8b4b348aeacfd44dc268f3fdb1af9dc1f2de904b,3,2150000.0
0x2c4c1ac75ed1b77a8de5b56f6042415744c80325,1,100.0
0x97f8ad50b48b87807156bba7f8b96fe396f84354,5,386.0
0xd996da1faf5a1e8cd903bf8bf85f5114adc9e86c,2,3149.369401096
0x879f019e6047d2c6c520eb7cedba0a79d065cce3,9,66656.0
0x69633860b9168c0ee42d82acb6287035372bf559,1,100.0
0x85db774bae245829e77e0f9b1921870b3dd577e6,1,150.0
0xd00a6969326c291f1e07cfd5e6547464eb71f6e7,19,923000.0
0x18f74b5ec9820e47034ca6e99773adc270657979,115,10308846.075155558
0x052d47ed46e76d5f7d8e04edf6b67990c758eeef,9,660585.0442501495
0xd701585faf81670c6c8c039dc0afac8b9cdf992e,10,15606.001189830355
0x18b17b1dce0558686a027867482d2611f99909bb,3,99000.0
0x96042c41cbf5502aa5849229435cf976f635edd7,1,100.0
0xa6b0d337966dab76fa1cf4338485b4dac39b23d8,1,100.0
0x3ff6d38b4f44feeb79d91cf973253aa7b910faae,1,1250.0
0x934618d3d8348f9dd499e12ad9293a3e04a89c99,1,80000.0
0x6bb03f3c2df831da6443cc74d880467a89640217,8,2570000.0
0xeee9339c33148715c3854ef18b5d01662156a127,2,500.0
0x2d5e0cef7be7e2f67ad29b83423e271b9817e330,7,35000.0
0xd1116f844ebd1868dd099c46cc9c5b9f879ac54e,16,1110000.0
0xd234c6d9e9d3cb1066fe6b5fe7d1fdf6d2aea2e5,8,31900.0
0xdf094f2914eda9d1e75692eff0e3c5c52022be18,1,135.0
0x83e7d584cf2fc16a091db355fda3713b565f3509,1,2000.0
0x62c9d5f901b71708f8716021332beee22a713721,1,200.0
0xd5832593ca6e5c73d1def7361c04842e33a01656,40,387258.8736985196
0xade6cbc819b3871cc7519e3d556271fb8b5f2025,1,100.0
0xfcafa939ead36b4de2973fa0c63c44eaa4e7d57e,2,1000.0
0xedb3eecc4f2acc61644b08e8cbc80a9451efd04e,1,100.0
0xe1c7adfbda6c5ce40c06627041c1d24e90886d45,75,3671725.76571289
0x002858337b0b2716f8bf0017054c8531ac850db3,1,800.0
0xfdb6bec4a0b51d21328556ca672ddeecb58a9de2,1,100.0
0xb066dd6e9214d128ab66525122589626e9f6e9ba,8,199000.0
0xc0513541d346a4c8700a576cd8a76f24c7504521,4,25300.0
0x018497715cf88366cd7e8446406b662de1403bbb,2,6000.0
0x79946558302f925cb7e2d05aab555056281bb145,6,2709.0
0xfa74cd97431adac73f74ae1675ed2c803e510089,1,100.0
0xed3619b2381d6334e1b94a593d93ceed2004955c,2,3528.0
0x0d482bee707d4f68de3127092d37608a93aae32a,1,200.0
0xc76021a0f1ce83f995766bb89ad8073ec8df04d6,62,240150.56270619528
0x6c9ba1ceb8c0633765b645b56c35aff075b44fd0,3,243200.0
0x27c7979cbacf6ccdad07a5b77c5d37e893a0103f,16,737500.0
0x59a4b01febefa1a954ca86fbf46450bf32831cd0,1,820.0
0x46c46627f20d8a9e52aa9d8cdd3eaa96b0ba69d8,2,7300.0
0x56c0f426cbbcd596f95c16cc380c366b7725796d,5,36500.0
0xbd4c222e0f4724cae013cc7c8b9742a9b39185af,3,40189.64658976
0xf41748408aa1d3aea4e083382f5f079425668388,7,140287.3477665
0xef59b0563797c006185e648cd1ba5a75537ce2f1,9,7391.0
0x0e6011b9806208c892da73d51283d60a910b08c4,5,23340.338339994076
0xa3595a0702f0be4514cc7b5e9a2a6f54889a2989,4,4350.0
0xec46cb21dfc69a2959e789944db67818a4107c5e,3,4635.0
0x38d430671d75e9afaff6b8ae77d17d57b19bf13f,2,8750.0
0x293007f05b9d26757c7b092e182b675c7cf2fa2e,9,25791.96482041
0x86c96528d3cc73c0878cee1046c2ada35c8c42d6,4,10400.0
0xbf5844206b8f90ca25106d5fd6062294cee4b6b4,2,6000.0
0xf84f4ab76031298b8b3f3637a9f5e9c0e4192bf7,5,59333.669637156156
0x6a9803154d55ffe8ca42c9ccfdf5f5a690e0b1b9,1,100.0
0x6b9f62163c64bca65efe2a483c52382c3b042c2b,1,125.0
0x69bf5858cc507aae00a846db63cbd198ca03ee1b,1,100.0
0x89bddb1653701ea46b707a58f72500421f408b84,1,200000.0
0x93fcc3ee4b1c0eba65617f22ea25bb20e6dfb9d3,1,250.0
0x89cc68df96c0ac93180a67a83b653a650c09bcb7,4,2000.0
0xa3791b4b94ae157af88331c9d922868a6b3af0f1,3,172000.0
0xaaaf0973ec63905ee6b63919e0911eece85637a5,2,51400.0
0x016f51ae040919b4e16bb97157e89f57b9a435b1,1,170.0
0x2a666c06a0c9eead202fd0f6a4c2831df0921491,1,100.0
0x5ba9809b3d93aedfa9c84262bad8def4b6bb317d,1,1000.0
0xe3e7cf1d70f7487a32c73173e5942cd23717b307,1,1000.0
0x0fc8335f27bee0193b20121381b6e84ebec59846,1,1000.0
0x0626faf96ccd50b598f7244800d38030ef752a6f,2,1800.0
0xce1b02aa25fa98b3cf09c43631c1b1edafbad1d0,3,16550.0
0xe670ef9a01dfb5850536612f40487aa6f7adb134,1,10000.0
0x368c1a840d89bb18bd9034e5299dc070d171a29b,14,950000.0
0xaaa319ce6b680b08a7811a25c4b0c5e30407ac31,3,6450.0
0x12cb5296939df3ee3cf07822d594587fec6f494f,1,100.0
0x9b51c7117b9ad91a0346ee9715ab99ffe9ed629c,3,4175.0
0x0c59c81903ff9f8a114b1fde955221be30fccba0,1,101.0
0xf9d0a107870567ceb2a4a7b0076ce20500dc537b,3,34000.0
0xc10781aefdb97ad3be4f482a9743875cb13757c8,254,29778722.622782882
0xa08a605561063a103b70fae5cb12119ab8ccd192,6,27900.0
0xc58fa9c17e4825b5e61d97ba743361e5ad5e3b28,4,600.0
0x54cc2098c52fa62326141293f05b1e4279ddf9e8,2,3000.0
0x491838dd600c0361c63c018fba724e3b7740eda7,1,66000.0
0x49154a6902322c0120238cae84c9b3aa653db07e,2,3190.0
0x4e4577363e1002fdc861e7d2f5df4a78e2d57fe0,57,593158.5967991209
0x5b0503be09bad0e604e80396252d0e4e2f457ed4,1,150.87
0x99593806bbfae41e7c243054f18e10e8543ced05,26,139523.4
0x689a9993128d96f1bf72eed86c96834ef4685283,1,2000.0
0x36b924d6394ba702468840fb0eb7ee5015dc99ad,1,170.0
0xa3a00aad33c801c4c0b32613910595afdb495f51,1,300.0
0xe3b553676b90d6c691e8d2bdaaa2296c3d45e209,2,2000.0
0x5667857a6561046f8d5692cf9d46e81cf39b7e3f,2,23000.0
0xe648d26d2e7cd7469b0f3a0949590dfde883b8f7,5,184112.79
0x41e439d4bd79507f28555e82234cf22aa8f82165,2,35100.0
0x59e24ac1b7c161d146bc8206742d615dacc07ee2,2,210000.0
0xf257b0b72285f70ff48abdc99093c19256e1cae5,1,28000.0
0xae0f9e59c105603a227dda1671a408bfc8615964,26,159481.05
0x52dc594a34863e754b88260757799a2ef1fb7e89,1,700.0
0xf85c465d57d46ad7567001a6bb45a71be1d8340d,1,200.18
0xc7ad58d504addee6f9ffd574f4a9fa13f74d31f0,1,500.0
0x1a511bf8654023be0085af30a688534e52980276,13,2669666.3350819154
0xc3857c6fd1f333688051e7ab1f04c9b8f7355fc0,12,75215.59421496867
0xab153fa85df2d0b1d1ff4daeabb91f80236bccf5,1,100.0
0x43ec075bb59e258fc3e7c29e89115a48a7e057fa,4,12982.5087333
0x0a66f7046406b70929d71caa14a949fb58f023c7,1,500.0
0x4d333bb0ca4149b369b500beb76b1a8de215ed4e,1,2783.239786368
0x49319d2329ccd9cfc106c3b2a045d52689da1b11,2,8300.72
0x788048aaae2ff5a45b0f447fe367dec10851cedb,2,1240.6
0x5709acffcd2f27ca6e9c2877d4147c9c017ef8fe,2,518351.0
0xf3d69e3a7eb3cb3c12562ecc36a8652b80fd950c,1,500.0
0xc3a0ec09cd012839416229ca317cf45a8d2a7900,4,25300.0
0xec079725a3fe3cde999a47f83b165b633faaecf7,1,750.0
0xcf1f9f641d2ce7ce07375efabcc34a3d98953224,1,100.0
0x3140296e26b9010ab156668a41c25e88c57f8733,54,274645.18831412
0x738544bfa91e10fb68e6e13f9b8e4a211016b87c,4,16000.0
0x8032d3363c918d261b8fc08d242e174f4b864ac1,10,8270.0
0xf0e4e13a0413cf041cc56e408d10a406e3c83315,3,4600.0
0xd1baab9cf334bf8dda40093fb67748093261c994,1,2340.0
0x35754fdf6bf4fe0ba8a5a22db95abd83c3103e4b,3,10200.0
0x336e0a64a4815d9f19ff2b80d4ce55268976ec09,4,301.0
0x161f2db10f61018c138ec57159bf088090f2911c,1,160.0
0x6823e3767385089c80e6f983a7fc14afbc86fecc,1,100.0
0x9128f09a573c72e056093dd85e0aac1e9ed25b2d,2,1600.0
0x2d34e7a6f2fcf8ac0df55bb48cbc19b984424d55,1,100.0
0xf2848b447796680b239098d3f9d3d00fa58460a7,2,120.0
0xc7fddce3adb4ff117068cfd955ac6d40c4ff715a,4,35100.0
0x9f8072b572d2d27d686967aff79e51572d5d0048,1,20000.0
0x896f48a22710644965a74f7ffd9b7df991da60f9,1,50045.04
0xfc8db2dec8ef7678924f5b52023f444e905fcd1c,1,700.0
0xd36631b071a90cf30a5ab12017797f641d128d4e,11,98800.0
0x6ce95721550daafb3223c2efd8ba8f597c247002,5,305000.0
0x8b8b9eb8df0a5fc98ccd7ba8a45a68dd063b51c7,42,194349.06549043412
0xd5a428658adb82128d2c17c4c2e600af39027bb3,5,2401.0
0xe335d100cee7a906ff0b5dbafe0653e336461788,1,7000.0
0xde80fc32410ea415dcab7445664cdf614cd08209,1,5000.0
0x9cce8c2fede577c016add2a3ab4344d99a22b634,1,1000.0
0xbef55f87139e9d31f0872398b1063975bb642fa9,1,100.0
0x3545286673d517f534363d5da1c5ce49697cb779,1,2500.0
0x3ca88e6c2959ac4102665d586622caa4cbd9624b,2,810.6749701798801
0xd9959e1996865af5915c4d98fcb7c74626da3dc3,6,4606.86
0xf8b10c81621f1a290dc81b4090851111dcd29c04,2,5500.0
0xcbe3d12322a9ec8895615c13528d8b9bcf582f93,6,654.0
0xede98053899a90e0bf4d8022a7c79140c0c43c34,3,10100.0
0x73a1b6f306c28e2c59424a6ce2abee6a2bf405ab,5,33500.0
0x44dec4c8d195e7773d0d5f35108be7cb7e84724c,5,6750.0
0x0adf5c6cfe9104df3eedca9a721f14e9c7d32ae3,11,621000.0
0x1ef14b60f3a6150cafcfe5930ac804007fa56a8c,3,1475.0
0xaa5ff8353b98d6f7c491e84a0aa88c6e82ebc338,1,1500.0
0x472a4e5f420b854bb153112535119315bc35bf6e,3,7050.0
0xeaea7d4d086aa7b46516e502dd756bb785fc4224,1,1000.0
0x9bd36c3809d3291ec994d350eab3f6b6151d94d6,2,49000.0
0xa90a4f762b06f2a1ce938eff0683d3b6bc4c0667,1,2000.0
0xaea52accf420be1dbc3d3d4206b63eae11860edd,1,100.0
0xf547a470c50eae7cf4c8f4964725341c42608e94,1,400.0
0x7122e511446f1f7696d0b1bcb68f6c0ce8a27d5b,1,800.0
0xf996433de9070d30367ee67372cb0d34dfdac579,75,3776861.8751503816
0xdce59118bf6c1d61d80313d754c23be9e37626ca,3,260.0
0x9d3fb7a5f79a8860f3e72f50db17cc0d6f8b10d4,1,1700.0
0xe57dc559a7b69629a465f80b402dd99f7a0625e1,1,150.0
0x583526ce5d7394c41698a526e23c7e7c72f8ab2a,5,18000.0
0xe6249d603e358caf1fc9506fd059bce1145e7b2b,11,46750.0
0x74352ec026f3c7167eda2dfbc8a5acf8fff23ea6,6,167000.0
0x59cc0522a521df4fe9a939dd93151e2f26e903aa,10,6011.0
0x4bb61f16ec86392d274b47419867b4e98f830120,19,95774.40910933333
0xf5677e5947b75222c7755510c9e0820863af50e1,5,13300.0
0x3d84a638c29f2bb9287286f0eadee789bd4bd491,5,350000.0
0x44f96e42909adfa2a068124fe0889c81524a0b06,9,155350.0
0xa544d241fbb2ac427ba84660444654a98d972920,1,375.0
0x55d1b191e7c18bc1e908651999043511c1fadc38,5,34000.0
0x3b146361b96cc7f491ea022b33e74e920a86fcfc,4,17500.0
0x05c8c66eb4fa038fdd22226d1c77e84e98ccc86c,69,5195347.91135784
0x13ed8cd8d37721191dcac0715157960a92de0521,1,1700.0
0xe4c5e6f72f3ddc531fc6b3a9bd21a24ac1dd3de1,1,120.0
0x91f1a5347e801aafa13e9313e9c1bd22ad7f68ac,2,2410.0
0xe94836db16de1b1b57a6cf2baa7778d1271bee0d,1,100.0
0x0593b51b4dd298b1d4b7b208e2c7131389b6ad64,1,500.0
0x68e274885b364a74caedfef2dbfde75c83bb5bbf,1,100.0
0xd08650000755c8b2052a681bf23f4d24837e80c1,1,333.0
0x1809af4adf9e9963f2fc76009c049fc8cd4160db,1,100.09
0xa46e39e3fe057642a065c9552e9ae625f6f35df9,1,1000.0
0x955f08557643917d3d8cfff02c5b70ca536fd53b,1,300.0
0x8ccdc697ef4bd78b6eab05881ea2058208a32e62,2,4000.0
0x232731398581b35b2af934118e9a587574cb841c,79,919320.355213361
0x577dc1b4a770fae6587da0c482e9b8d04c4caecd,2,520.0
0x44f3d62a6715130b39bb266ff388f6447eac97c2,1,4000.0
0x52ad491012b3286e458e1450a4edf4f5f2061b12,18,4371.68
0x7b7cf9653c0248b3ef7dca950baab631b7b3dac2,2,1600.0
0xb28779a6dc385ed88265374e0997e2a8dbec039d,18,69025.89
0xbfb856b94ece789188fc5e3d61432ad0a1ca5665,128,2691853.1323217624
0xf97ab6f76f7cb804d039bd9565ee6709a091c42d,13,11768.0
0xba92b673972af1ab6f6a37480581da3b5daef7ce,3,1600.0
0xfe14a1a3567ad27a91c6bb6ac0a0943e814c3659,1,6000.0
0x2e2989e90a9afb863a21cc391bf32ae4bd50c5e5,1,1000.0
0xb4e71f1dc1399d137cd8be9a1f92525a42b4395b,3,2000.0
0x221dcf0fb70532dfa32440cc541441c833153426,1,1056.0
0x3b423ac3b066b42c0516c995838536af9754ee1d,6,2212000.0
0x1269944eb3c2f7bebb7d70906ea7d4925626bf12,2,1100.0
0x5198279bdccd0ee09b5843a3ecd20118d88ae65a,20,33938.0
0x5d437b66e3d485afe5139fbd41d6c963dab0a2c8,1,100.0
0xddce2f422185db9a83169466a5ce1d825f129840,2,300.0
0x9c5806c6927c258b4f487aabc8bace70c705baa3,1,2000.0
0xb9a5ca62dd4ca4f572ae58d7812076c7c0f83149,1,150.0
0x91c910ff46486466f85850f8a176ce8cc1b9a8a5,1,100.0
0xee226185f183c8f37756b8a9157c13b86ec79cd8,2,1000.0
0x29847b183d20a028d99aa5892f4ad5303061101c,2,1280.0
0x29dd8552fa1a4f74001530b9bffd01d58a816f49,11,6000.0
0x02f18e7970eec75396949fab50e91594d53a2f20,64,221535.1213671
0xc0ef0059c4d481c380584e64e192e6284633a48d,1,2400.0
0xa88ddcec296920e2c2b500a8f9a1944afd3efb5e,1,100.0
0x27cdf992f787ee9bf581d8646e6c67bf11d17da3,1,5000.0
0x962b75d95352e9f29c7b14747f80611fbdf482b8,5,14500.0
0x23490088314e97776f02ccf3178c1cfd4e21a619,8,292450.0
0x58c11e9b87d4d41531388899466b6489c4d45087,1,11000.0
0x180c25da0611fae0192b61bb437fe9e1a4b3b7c5,13,1045000.0
0x87a3505a97bac5bfda6c7f6ecd7f8993dc87b812,3,5801.0
0xf811ad696d54a7c8c6d38cd8c67cffb528f94acc,3,740.0
0x66a8cc5f3690f946005c3b837a30179dbf4e750e,4,186000.0
0x2d380919e18032fdfe9862acfbd081f5cd6a8033,3,703.0
0xdb898469e93578026be2631389f3a422e6dacf00,1,2000.0
0xfbf16a71cbe7af724e6b58112c5f7860a1fadcb9,3,318036.75086794
0x0175d75c6d0570e7e0e88d9a9a4bdd84c287a9cd,2,8000.0
0x6213c98ddcc7ba9ea12efc930a556c28a3325951,1,1000.0
0xcfe69329d4583c09a470cfa0c6c9c8f963baee95,2,277.4748062569853
0x1e579f71fbfb84c3a2e1f5b5d3c8dfc6f250431d,1,200.0
0x2cb0f89b62473440fa25c6916e8a1875f6404204,3,6200.0
0xbb6813fc1e37351dc6c0798b4448e5293fa28a56,6,17800.0
0xbb6781e985e27a26e088df903dfa5a7e0a862729,6,5900.0
0xa62b0ae5b34fb91d153533a15d01a17906d2f982,3,795.0
0xbf7e41760d825ea96cc7ad49530e83390cfbdb5c,2,4033.9255465622427
0xa2f1cb61fb0a7180ebddb1ba72c756d1b55695e4,1,150.0
0x28a3356d691505ca9f93917c987c64245d972c20,1,1700.0
0x96b8816a86a001e21f4844a6557cc1f5b1edc5ba,4,3400.0
0x27df8bfddfb722b2c76a1b011cc8f562e8d26478,2,25000.0
0xcaac118de9c226ba247032a724b3f0dcba8c21d2,3,1950.0
0x187cb664cbff07941a490c79cfaf501bb138b1e7,1,110.0
0xd5d5ef3ff117fe0235ab5c596a595266869a11e6,1,700.0
0xb26783e6fd020b498b418d0013fbb75c0bfed095,7,33003.6
0x8d90b25034ded2b4ebaa769b7dda5635e7fc6452,6,131439.29287265605
0x04c122e8bc15cae86255d87a997a975d00cd2dcb,6,32915.0
0x2cc4c14ade14e62257029d1a1f1dab6f236259a2,8,268000.0
0x59ff75d5ba4f93ed6b1b3ee23d651f69aebc0d85,6,11500.0
0x0385ad652a86124f0ef26bff2be2c5406da63dc8,53,834300.0
0xbde4ee7317a24fc8904bef32aea69ea63bee4888,2,286.32
0x733d75b6078e27b2dc46b86f7977510ea0d881e9,9,169000.0
0x06a03ddce1a7ca5e3d6f0936ae4edd0603cdb69e,3,1815.0
0xc6e6099203d871aa0dd88541900ca682a8eedb07,1,3200.0
0x13b7bedb7e2468ebb5d300e932b0c1b383ce687b,2,540.0
0x24e0faf6bb00fa731c5c0ed7b87983901127490b,2,4300.0
0xb271e4662d1781aed4b844faf7759670fefe83c9,7,29950.0
0x1a9afefb621ece2d12ed1ce25ea48933cef5bc24,4,965.0
0x660ebbd11804ed3af74edddae5de4124b99f2ee2,1,250.0
0x71ad414e56235e70477827bccedc0b2c75348893,1,105.0
0x5e20d08ac940a61b62d38283e5e27113a080c83b,1,101.0
0xde651b22bf9935c689bb2f0443d90e03caa75268,1,101.0
0xf79b429f12362cab6326145086451b130f1d2049,1,10000.0
0x714cb86886a184a4349db058b7c10ff9ea270f09,9,19510.0
0xbb3f8ca55b83c33eeb5dfc66a9c04a9486bd2f86,1,200.0
0x49edf120f8b0ede9c8d1b3d8bfb168e79fa9b9ed,2,10000.0
0x3685d9f76c80f9782133f2798a913f2dd01afd55,5,181.15
0xa3e19fd7ef17c940c31160a3b75afa0a0f8bffe0,9,300920.43740014994
0x4b0e51263588eedc35d4d582c5ef5f1d5c511595,1,12000.0
0xc84a7e3e55082b892c6834ffdc1aa80114795526,1,200.0
0xd9e67b31ae800e7d13cad2126c40590f75d32aa1,1,550.0
0xdee6c698ce40001979402e617970cb1dc6934e74,3,340000.0
0x26f2ea03e02b8d3a4d5b475575d37e3ab1c7767a,2,8500.0
0xe3d0d861658ce47ab6ec10d80b5522762353ee40,4,225000.0
0xca745befc14398cf55621bc05224ac5755a31673,1,332.0
0xac8a5c122f4a0e7520139e276a6fd8eca3145f69,2,6007.45
0xfb70330bec962f37c738621d5c37d12a258a6b2a,1,100.22
0x2bda8c35e81f30104524108c3058486369d80c5e,1,100.0
0xb8e16d1517dbd642da9220293be583bf414491b5,9,51750.0
0x8628014365ee8431af1e5a47553fc15db562a0ce,5,1991.0
0xa84075a083be4ab22d8771c81541545d89e19e49,1,101.0
0x9b55c8799597fc1e5f3b0348d68666561313bcc6,3,42200.0
0x7dc9a2490c72f911fd47f8790352a03f08b1e277,11,21510.0
0x0b55cff92633006dab7a82ae261651667de033a9,11,896000.0
0x9e7cf27bbc78d0c59f91696a52d7b64743bfa83d,11,22200.0
0x34404dff1a3ca15ce9d26ebb13deeb979d962620,17,471800.0
0x88578ca99edf22dad0ece30cfa3d99d28913805f,7,72817.75753164274
0xc3242d40b99dad7c96387ea5ac3dd9e64d96a83e,1,200.0
0x0548bf185a473c41c37c66e2b06e1fe10111dba2,4,17000.0
0x6ed6cbcb8d3970a1d8b8e07932327a49acd985fc,7,5550.0
0x882414bc788368eb795e732450cde978f72ff52a,2,600.0
0xf63961a0816e4d838e0948a2f68e89a2b1080af8,1,5400.0
0x5dea8db6aed3710e8bf1198c8cbc734c914f1204,2,1460.0
0x4d7dbf6cae1ad55d61ec7492c8665a4fb3ec571b,16,41970.0654117
0xba0ebeddd05dac9d98355e3594aac7033959e67b,1,4500.0
0xcb7ad861382ec7cb6249310bcecfea095993d55a,4,1440.0
0xa92bc6c7368d4887f9aa2cc0bfa298ccdd8eb2a6,4,3050.0
0x95b6e2a296edb746d86878b8edae487352ad65c9,1,600.0
0xb6ac57b3c736960810d7570390e70ec469dff43e,22,132500.0
0xa74899ae2a511042830c39883086988aa32f0ded,3,118300.0
0xe020213a750c5c5b8acd0819222df2ceb34a31da,14,1477313.8974874546
0x6e5977e503868e0b110ada29781bb11c435cd5dd,1,552.22
0x6bc043907aa58b1d6207c0c531f406b8749ea2c3,2,447.87
0xc672218ad667503959ccaa513cb19ab00b6ff42a,2,19000.0
0xc1c408bd443a281e5b6ee64041343720bc31d223,2,5200.0
0x9ab2dbf06744a7d9d6a91871ff2b875a28c606f8,58,24915135.0
0x0890679be68b45118a7d11fe41c2379d9f0da9ea,5,10900.0
0x46caa7150a48cd7c60e84a8b745e7f3aa97ddc79,10,297500.0
0x54306524e2a24dc79e77708e2f4a79b2def75f9d,8,7750.0
0x64d12d8d0d78105a755978ae7b57078f414d4468,4,1477.0
0xc2b0305a1da63fd1c1ad1991b7cae39b38e3e195,3,41500.0
0xb5423ab402538289d58280c831ca77dfde133e35,3,5700.0
0xae9580fe690ca78a46f4e9c508ba95deb7d0dc0f,2,8160.0
0x550d5bd90dc5e199b4b5a00273ff3648d75b3767,3,4500.0
0xec83f3eccb4a0aaad98a3c1c6a16794eed80e1ec,4,26500.0
0x277b52b17cd48edde12c6f271682de541054b43e,2,499.0
0x6e8f8712f177459a17bc3b4eb3ff46c60f8a7904,1,2000.0
0x3669f574cf9cfccf1dee79a6c60b945a850c6a10,1,500.0
0x367c03f2e88670f9e442e986d6fd53c21f39480f,46,786605.8003806142
0xb741b4d83e1c464cec1505d986a39351e6bd8009,1,1000.0
0x7ad7d78bfffaa35695907772013dee726d45848e,5,31500.0
0x65e1cd9df873b80e3953a883f7c9401e945bcf1f,1,600.0
0x6e8e4ef9df14f596d3e628903bcb38bb98b6de1b,1,4500.0
0xed7052e043b04eaa81b755a797bf833a253f8ba7,7,615000.0
0x042aab8e226fb176932806f157175a6fffc0e293,52,723500.0
0x460a0c9b71861d31354bee39b5037590e3f7f024,3,351.8320544161061
0x3847131c4d9533da60a24b5dbf3caf7cbc337a49,9,50000.0
0x05a92bb49a948491d1df6225fd5ea167bdcc55c9,23,510750.0
0xa22c4615604cb8b82bda1deef56636c12aa9c917,1,150.0
0xa3cb6cf98a2869a184b1f1409237aa80c16f6eb6,189,7174685.814631482
0xe8a7d4a2fd5eef19e65935336e47ad0e947ce3ea,7,11151.14347528
0x09ae56e10a8610b567fb03599e178c200a3bc4f6,3,2000.0
0x1d692cc850876a0a11bba6d5e4f91d046eee8270,4,112000.0
0x2abcbb11d0c83fc6db3e61997a2f3fc14758d127,4,900.0
0x67084357d2e489eb12836f2b68b93fdff28644ab,2,5340.0
0x9e80b3cd3ebe427dcafa230fc6064eac10062472,1,525.4855472352154
0x3ec26ebfb8c913373dce5b40c67364b652917736,1,1000.0
0x788c7756f04fc77063c25e99c2da252efcdd0d05,1,122.0
0x8ff3fa2b00cb3af1a6023fc2f43429dee7b28cda,11,232007.1796
0x76403d9aa74144d43886eef3f272e6a235201240,2,910.45
0x24e488e012cc61be5c3474188f0a2d6834da4272,3,5052.0
0xe6661f1705a7e67c45a228e96f92ab3bcef86f60,1,200.0
0x6257bd8a92b0c06422bdb5255ea8fc10b64b0edb,9,32434.96
0x8d40db0fdf8c582dc54a77a722944f4610b57543,1,7500.0
0xea1c03f77d0344bf9695b29c66df09bde2da6db0,5,24812.28
0x4f04ff57c26e260f585a16d01a116f82f2492a9b,1,100.0
0x7c6722c8f11104c72aaa6f010c97ef2abc3530fc,18,150860.0
0x82b2af14035931ed20ac48b12fa053d592180463,4,4422.364471632362
0x61cf4d46bb6421bf2015df9e800372cbff9aad9e,9,70000.0
0x1d2ef9254cd41aaa1f99b70a4f56e1889c4d84e1,1,2400.0
0x2b312d076c497b0cd68878c8c5016f91ef667e3c,1,100.0
0x3035773a5a98740ebba1b01821a41b747ea24b22,24,462349.07770511
0x3542fceb9027f407b294ad3eba09c2f34c83552d,14,1796295.0
0x31772c5b2cec8e4d1395bb026763d5ce1b5fd722,1,1000.0
0x487574c3c9b3ef0362bb4e55680796285dab7d5a,2,12000.0
0x2a617f0eca142293a94c8637cf44605de8813f37,6,344000.0
0xdefe89e39bb2a33f7c71908c0c271563f77dcf0b,6,112711.0
0xd7a436e7fb754fabcb073e23a55f82d705df52f5,2,17000.0
0x7bf434a58db6d2f39e020c5f6aa810e8813b0460,3,1750.0
0xb993d9d8401b344707494d2a1a21b65b34b1995e,8,16410.0
0x5ef0b89002a60c6ddc0ae47887f71e87e6309cff,1,1152.0
0x59ea98e6964388df403b3edccef6881b5ca291b8,4,8000.0
0xfbd2503e0d180d0fce3abf3a466a0db1886a9bfc,22,469734.3774179369
0x901f11d4dee4fb8fb31e6ab99cb3c0d7490f79bd,2,160.0
0xaf1c5ee6e6fcc6cd4599cc3857e51a7acadc074c,1,4000.0
0x87d33ab44e13959a1794c3b73f7e7fbb98986a2e,6,284750.0
0x576e626084cf58367150ee5776b0f8c256681e9b,1,2000.0
0xad62731f2c28912a8d7605d199f70802eec988f3,1,9500.0
0xba7e56d9b76a623873d3b1b5a034761b20d0e002,5,726.0
0x9b49fc1671f7e7f812859e15c43c1021d4a6cbef,1,150.0
0x52da36dc351b8d35734aa21236534c78066a6ac5,6,21110.0
0x1f06467fb2189690a2d0a1e066268ba7c94433cf,2,158.55
0x55f62c81fc2750ffbfe0be49d17210a61d20e51f,56,346043.7452183082
0x0584465f15e5bbcafec624bf9b6a400e24b96a31,1,225.0
0x4f35cab76a39004a91dc39d677db4969e5d269ba,1,3000.0
0x0e10eef20f66ad446b2e5d799d59399f701f2eb3,1,7000.0
0x776102af07fd082a5d50ca2d85e03242f1964a05,2,550.0
0x47d9059994fe1153937126c8f4ce5d74b12a282a,1,100.0
0xd2d4348c38dfba851d8caf09cafb70db71674ead,8,18000.0
0xf1efe499f272441e367865d04f461a1a63de42d4,1,500.0
0x726b642c2f0a7ea37640a70ac43a68b25cc69597,4,19629.024065023452
0x4ce6ae150d4a19531c590d2f59f9d37585253bde,1,2000.0
0x85ea13a64cee741cd151f7c0f4581d98e9c5e230,1,170.0
0xe8db06911fe081d35d9ce42a7ad18a2589e7a397,2,6212.0
0x87d0a9723a5aa264c89d96122763a6b267122489,35,1275459.9761417736
0xb1e42fa3573e5e02d346d09429007cc76b9d2b9a,5,14900.0
0xb24fa3f74b37c07a3d4fa754284cadd219c3be4a,1,500.0
0x22b749ba36baff792e3dbbefdc49191775775af8,18,1024500.0
0xe5c0573ac4e73f47588f842dc5070b21fa0f0710,7,2050.051503135048
0xf209b74e612afc929b6817bd014aba1a7810f104,7,41490.0
0xc6d1a8465dc96b29395aad954651f332051310dd,7,29900.0
0xb15a8f14f124d80b5054e964d6ac449db1b460b2,1,100.0
0x83a2153cd0a6d5a8d56bf0f64daa93d00aa5fc26,5,1535.0
0x39455ea35deb46aa5812eaf452df316cc60b39c5,1,700.0
0xa3f7c05d3a02f885ff06fd3988eac9667f41466e,2,125.0
0x08d9af97391c83d560acdfe1adfccd3a9bdd8760,1,350.0
0x54ab6276e5b19c62aff272887c2161b9203fd0ba,1,350.0
0x4ff84bba513700540d8fae6c93a517ab014d7e1c,1,3500.0
0xb888b973ea1d355c42599a7cb68a20c75d477c7b,1,200.0
0x94055823830a01aa264d39be9254e7d7c26d0a41,10,109000.0
0x4e5d5ef17a4637298c4dda6dc49a08f3de8419b0,6,312000.0
0xcda07f5826b172f2907a8585d6cced26be52bf11,13,18513.20172274333
0x7c08fd7f91545bc8c9ac5ffcc9bfdfeda9049aca,10,23000.0
0xf27c2aad71ac3a4e9efce117750d84c4018bc778,3,17000.0
0x598d6171bfa5182d7b24b850fce97d3331521163,1,4000.0
0x818502739b02967d38b5b4dd3f27212c7a9c402b,1,1866.12
0xe8956cc90f8ac160e1ab2d951cdc2c06fa114ea2,2,2000.0
0x9a1eea2ad6feb6090e1e5a78a270d0bfee86d1eb,3,24000.0
0x9d923ec3f2257352c5ca53c50f8b89080fe810a6,7,20989.0
0x8e2a3a40e70070f48d503a6cbc90c28fd3957728,1,49000.0
0x983c8e79b74a56114c0ac3cc502eef59ab377c10,1,210000.0
0x2d680c9aaa919d6564e6a1c7077887f9ea42104a,7,76328.1
0xd9c6e90da8eda9a15e4e66813b569684ad7fe117,62,6097020.0
0x4220221867d7f855151bcce4972fae8222e04c6d,1,1800.0
0x085266c992807899455f14e2356773671500afbd,2,7500.0
0x2343e4749d08eabb08c2adac3d8b7e330f34e658,1,210.0
0xdc93d4a54dc3d53188b8aa968b6c13d30fdef3b3,4,101934.20664358312
0x4ff226cc76adba5bb14ad61960ffb2ef8ceba86b,17,16319.0
0x2d7d7ab09059e435da7fdf07ceea42ff51abec39,1,100.0
0x6114f79bd03a2f5d07b2e3b71a3f7578edf162ab,5,762556.43525632
0x69735e8da7176acdff2dd2fd9feed0f910ea2711,2,250.0
0xf481860a298a7416a820fb9c06253919a0df9913,1,7000.0
0xb49ab7e18898a76ed4f9c962d0866942cb2ccc6a,1,100.09
0x6072c3719601fea40c2927c4e23c2099b3973853,19,232955.60915238998
0xd9b8bc752ded72c00b67602af9df3e08bbcaef46,11,510000.0
0x60a6114ffecc89ac6f3e82334b8de20801d0e86c,8,325000.0
0x57c9c0df9222ef705cadef5244c07f88aac0afc9,2,1100.0
0xf46fcb024c1732dcc6f28b48aab4ce5ff03ed86f,1,200.0
0xe3ceeda4d0e7db9e1cd17b3324399cc1084eeaa9,3,5800.0
0x1e0ca0be2ab822bb286b1eeb59221e1d4e204794,2,9497.0
0x5a9c227a6fefc4e0ada550e10978d0d19947e1b6,1,50000.0
0x9b4ed6fcd87eeb363ec91c4ae71e6837407229c7,4,2730000.0
0xcd5a07087d045936ff2099b9fe25d4e49c27545a,4,8950.0
0xa6b58f5ab114d55b8e418f0d60ee78f3df9f9cf0,1,9000.0
0x3ae78262d5ceb908e717e213e60b4e6dfb8905dd,2,750.0
0x221d5c50d7d1fc00e0a8db885c34d91c0e8f5499,5,57000.0
0xd2e51ba1fe5106b7794de7bd3916224f45df34dc,3,12000.0
0x7480255b201588cdc7dcf3feb277db1c30a6da34,3,16000.0
0x96ee735f6183046de5848d7e51509363ac1228b1,3,800.0
0xe275b5314a001ca9e3366bdfb6010459b8b5a069,1,100.0
0x9a1530ad66005d728581a3cea47562e93c618205,1,2950.0
0x28e225c92cc8b252b83cb7ceca108b2329694b98,4,35000.0
0xc7b08abe1d166b575d1f5e7bd4f49383c145d0e5,1,10000.0
0xf8bc641e2c49f47967b4ab3277302b86f372eb14,8,70000.0
0x9251f50f810878de931fab759629b40f89601f7d,2,1600.0
0x5e31ff7c16f741d3943302f96f897aa0d1fa6940,2,15900.0
0xc7cb93b1deab8ecc2130fae69d49b317caca417f,1,190.0
0xa853a0ce620453dde4e42845bd1f19debb274fa0,2,200000.0
0xadebf242e18a3854b56b8a0e445a940459404635,5,7270.0
0xca2ff01ad07319f867bfb0bac0164242b6ef6ad1,1,3000.0
0xa1261e2d7b49fd405c3072e1d25387cb9d7b65f8,2,1600.0
0x7318747078362811985cbd850ea9ef9631a4c9e3,23,590138.7404358953
0x3563d81f2ce8a05d01f275b9245e5e3b272b0bb0,1,100.0
0xea650ffb6e5def06fe9c62f6a62c7af27e478224,1,100.0
0x685543cff8c5a3b32971eb3ed624020ee1a29cff,1,100.0
0xd508462fce9b7496741624e670aaa5f48cbb3cf4,5,6700.0
0x7658a3df3a8fe710fe3afd4120f3be084a5d7e5f,1,100.0
0x2b55452d19a4430c1c8724a563fc4329a838b534,2,50000.0
0x65d70c82f091df9257341e4e209c2b52b7a69d34,4,3675.0
0x118c5cf7d93d92366e91b39d26591d9a3adb1f93,1,140.0
0xb71b4695e662da6722a065a73d8964f774244844,2,1325.0
0xf8c65fdeee7f8523074ba3c2a994ca6ca906c0b4,2,750.0
0x4f21d10ed1b1564b2604444d8e7659c3c59c919f,1,13000.0
0xc1f8c7e5652152cdf523a96e08dd8253cf24634a,8,1134106.3444
0xfaed1c9ba4c3ab63cf0d41432c83c8fef7ded1ab,1,101.508
0x1b4a5afbf7832f7f351522e15fcf8a9d27c9acff,1,100.0
0xe9983ca261e20b23b237ca5cf2e4d4b6d5b8868e,1,100.0
0xe9378d294e622c64e802f79852996f740a2eeb54,1,2000.0
0xf99323242d2c8cf4a1b44debe04ac1b698c6d367,2,10500.0
0x5ce2210ad7698b32a5a53f21f831f8042ce581ff,1,5000.0
0x777e5d20225390d807756084fcc576c01319f7a0,1,46000.0
0x38c4fb089f47e7ca1bc57924aea1ff60d74bd820,21,1114000.0
0x5c918f41b245551b92b01428ce2e764dba64999f,1,100000.0
0x745c46b674589961189bb9a32fe71b05b9c945f7,1,101.0
0x3763e6e61a2d5ffbbb0e6973853b0f7bb735416f,3,1068.0
0x760f2b0f719d10e216ad360c3a9d41f62f9d5180,9,851700.0
0x7bf525af6944fca29ab2f43e36f5340e5a02167c,1,100.0
0x96bf1c7405ebf8126e73e92f957ebac7c41d0947,3,14000.0
0xa6bb85ce758c939a0956b0376a294a0f83ab4c31,5,15500.0
0x1e728cbd571af271c07c4af88ba4d187a75a9b9a,1,10000.0
0xe4c84153b51d77a340fbe9daada41b901b03ee36,1,2001.8
0x0a038a7cd935740701c4aaf420619bede77fce69,44,10235555.15259487
0x356f4fdf98a0590306d447e135c052e55eef229c,11,298500.0
0x3f5d543a4006c00851547160c1e7a54e19711b13,2,5000.0
0xdf2a37bd9f9aaeee953e9b15b12691c691a8c2f0,2,4200.0
0xa1472600b897ef21797aee1c461c69ffe386c23b,1,100.0
0xbf30a91f7a436c7641e3e3037a03a344dc1ba875,1,2000.0
0x042ef7a53f08eb14e778e62da5b6bc3d825f5a5c,1,550.0
0x76dc0b1d2e931250d748d24ba92d8443e00badbe,8,24250.0
0xb888486c132c8bfe0a3df1d59a0dbdbad7350d31,1,100.0
0xed68e20e3b852798b881325ca9e7910bc0460d79,13,1373427.0
0xafb8bb85f87ca8f49d6633e904288b78e578675a,2,850.0
0xc127534a55b1cd23e338d34341ab62e731da5a36,8,515000.0
0xd1e96a5d8d6654060ac902854fdb6ca41834ebac,1,100.0
0xd99c4091bbe4137fc3cdf88727554bb1c2e61536,1,2700.0
0x9963d636e5fb3ce8f882ebed83655bb319cd9de5,1,4630.0
0x41d2150aac22f3463e4e5fb94f652ead496aaf6c,4,8530.0
0xd087dec6fd813eb7ad51070de90bfc1f08614e0e,3,1710000.0
0xb585bb7893e0d29ab7a41d49d941b399ae69e50d,2,550.0
0xa9c881eab3fdb9c93172ecf5e4fbb995af744bb6,1,150.0
0xd0cd9a034a3bdfc43aaf026a7b412f2d53ffb532,3,6779.32374593
0x6168aec83fef590c2a02dd567d671b21c3e7907b,2,700.0
0xba64ac58dd8ba579e12d627233796bbecef13d01,21,154553.74834632836
0xc4c10fa83fa80ad2099f016ab0597f49accceaf3,3,6000.0
0x8139b66747d5f7b2a7db11de66f68d7a1b4f6a95,4,12601.0
0x69601d50dcbb71580081a34218a117acc4d8623b,5,10500.0
0x8b32f515e872c4c3ea387f9b8302d6617b95590a,9,375500.0
0x92beeef6f884678de3a8ed18d8690ce08ae2e45b,1,45000.0
0x1be47d585efda6d5b53a77a362458efb5bf35ed6,1,40000.0
0x7f879baebcd0ca9da7d1cf01b5c4c594d2db6fe2,1,20000.0
0x757a4801b23763ce85d85fe4bd0509971276a647,3,126600.0
0x5f3c852b2e7cc4ba47b88e2b0a569c74d1995c7f,1,2200.0
0x1348d37bda8362fd2cf33649e61651ed5f8b1531,1,550.0
0x5f0ff6f49819ba849571eb1ac0228c7ab84ebede,2,35500.0
0x60829b9c7b91ce64017652dc5ad3279a989126af,1,103.17817686
0x35dd59344117480009280fb8e741f3f03b84b643,5,3244.42
0x578d3578ba92e7ff8ce4079d7595552d47c87b63,14,2409666.0
0x4e36456e1c8a7bf883f9055509c50eac43b20756,1,200.0
0xd97756339020c75be4aa229907507d64acf01477,1,400.0
0xf5ec0a13bf2f997401b27fd54fba45a66e328f29,1,100.0
0x35c687f458b798fda2eaf20056a72c4c16ef6d2f,5,4951.9644957691735
0xd764111c03164c58436ffb145f806a86410b16aa,4,5749.70830139
0xbf69b433deb457b0a95ba8787aa225aef49bc03f,4,44849.03441562
0xd37830f33b93dda9d035e7bf701ad9a4daf81e87,1,50000.0
0xc647a7000f473f54ecacf10d3fa8cf72c74ad7ce,20,1571000.0
0x5b36a3be1d78ddd0786ec8c903c7c7190c6c8c4b,3,2090000.0
0x6b076660afd8c7dadfb0a09519a53207f23cb489,10,153800.0
0x77d3bdebe16f35dca886dcc6edea9ea17e64e1a6,3,34730.0
0x3deb8d340a4734da3a4db02349cf4c89dd67c15f,2,18000.0
0x49096d2b807e34bc5347ef3181f5b67b949ffba0,2,20000.0
0x77ec92f5703ece826a5d44090a869f97e0b4a2f7,3,2850.0
0xb75ad678353a925bf72440ea70e33ca725b8aa6b,6,80000.0
0x8bb57440f7a8d4e4bf1b828ecee86c31a529a12a,10,15523.0
0x53a0da2c45e02d92200ad894a321182241d8bbd2,1,2000.0
0x3d90eea970cf6aeced5c9018761717947942881b,1,100.0
0xde50605f73c472de7a74d8534375d4746fa1f2f1,34,361184.7209769
0xc829366a2d6f7f48d54dab226ec55f81a8bd3c89,7,30111.824854669998
0xe8136d6a933f2b13c46f5b97dff52d9233d5a7ac,2,2500.0
0xbd11325e77fc9fbcf5b1b9bb770960886daf891a,1,100000.0
0x665eb343696b3b79b57d8107530cd22bc209249a,2,10000.0
0x0ac1fca894a5e5c003f79728e6b7d52c4ac45f52,2,170.0
0x39f782be884a1670ca1788f4dc37891f34f78d65,1,120.0
0xa63d17b68572c1422c1e92b2905722c37b7882e2,11,125000.0
0xd851d05b586d0162a2817bf9b7f23b7df1ca0dcb,3,565000.0
0x462541468f01e033a8a5abf795a6ec4dc273a8e0,2,500.0
0x524d058238cccc8c50dabd7583406758607a8fa7,4,2006.4550008
0x9a317797471af2a6d795e1fc4a75d13adbb266ec,1,200.0
0x97cbf61a7a9320ed70fd67c07c75876f463aa0b8,3,22500.0
0x9fc5afc325c5f424be5ca4f9ad4da311edc23752,1,333.7731257
0x96e22389cb6c83e9ece7d01970a1b20b2ffe0036,3,1263.3233819898205
0x7005685cd98555d209dcd5c4a3f634d41af936bf,7,109000.0
0xa554f635d325f9e2b3a7a0e8fd72c98e322e62e2,1,30000.0
0x26756017974493839e2a0712d9744fe4ab8b1062,1,5000.0
0x5ed664fd476243dbfb13130783976bbf8bdc33c2,3,18000.0
0xedc5ce9f007fd9dce0708c222c02d17dc683bd88,1,300.0
0x352e23db733ef569fa44924d0d6991ab4bd902c4,2,110000.0
0x42bd0c248ddfa1ce2c95936d4115730f27c1ee63,3,600.0
0xcbd8c355c7c9b0527a67eb5976b625f6ae4727cc,1,100.0
0x385caf81ff0f207cbf0939dd9ef3520ae3a6c5bf,1,1750.0
0xf634a466b17863534c1e15766838fff47ac634d9,6,31003.0
0x3009b4b4626187ac1411624cf4e132c492abc873,3,21500.0
0x752beb5577ec158a9b3fbbf19b63b4cc45971178,3,5118.0
0x0e203051be0fb733950693c62add02a42d44d6ae,5,12552.0
0x40164d89b7629de91a2f246c9653c82b89195f52,8,1491849.4269693661
0x2c9f86c31aa0e5afe609a6d36b7afaace40e37ee,1,18300.0
0x300d0cb446d54cae07824f337441899250840875,45,1829207.3571207684
0x3c51249d375306f28c097f953b96a48e51adf166,1,1900.0
0x89e1af6e6d60dc4cb2c32b2abbd4554e7a15b23e,10,55000.0
0xb041adbc1285dbd4d2dad788676249e328005230,6,20000.0
0xfee2220d38b4f3b26877d51cb66dc2f4a5e110ed,1,140.0
0xb307248ec3e894320ec3e03b47ad6a92c8ce800d,7,267794.24
0x6d1ef56db3cba9b5ed1b356eafb63a9854794522,21,43000.0
0x183339e01f9bb22dc7c016a595fc189bb84a4137,1,1000.0
0xb4ffc50d5fd0bfe781590321706842b1a48918be,1,5600.0
0xc4c95d5022f232854327641bfa6dcd4536dc530a,2,21000.0
0x8a2e1bfd74250ea6e485b5d2b045b19be0e59ea0,3,300.0
0xa18932c4a5d5a92a03829997d7e268a072426816,2,6910.0
0x5b5e088ef264dc79b1776517c863c5d5ddddd21f,1,880.792
0x6c37a43afab660da36dd0528b94e0218e98f8fbf,1,100.0
0x2beb2345b79932b654992d75a61fc88eb1712e63,14,19300.0
0x038e283159527d8708e96d9a1ff70c7584433a6e,2,500.0
0x4359456696a4ec3f9f768bdaa1c9e49cc158a161,3,4013.48
0x9ef12b5a6ed9728eeb102fa62123cbdb45c27e7e,3,2800.0
0x50680f956d7e74d7eb64bdecf809a9d3a6386f2a,8,262664.0
0x75c27706af7b2b894e06e2e30ab349b14540c6bb,1,100.0
0xaa59782c45897bcedbb823e17bf467c58ab772ad,2,405000.0
0x64ed50b3a97c946e9b37b9efdda4688239d6136d,1,700.0
0xc710ef96614ec16e5be2a1282ce15807ba958da5,4,793.736002577427
0x6a94e4f5d6b591ae654cd59dcd3251aeddbe9daf,1,520.0
0x6ca071ff2e0cf19c36e0cbe13fc3c82f569a60ba,20,259715.52366149484
0x4ba498f82e76d8f9af202c6ea399f75c7f721d4b,1,110.0
0xfeb5e2007440a607ad65d32413795331f9ae503c,1,510.0
0xe806421975c352f23e0bc449e7dafa285d75d77c,3,1000.0
0x616bb78051842c39d73b9b72a902a5fa1a469fff,14,300000.0
0x276edb537bf427b09efb6c71fd99644963e82e96,1,110.0
0x828f29799aa7d5b9ba53dc88d5adeebef653b09e,2,370.0
0x869239c4dd3fb9d24a2e67c43516b237bad5ed88,11,18684.533694727572
0x09183710a4215f4bc5079994075fe2d97197ba04,1,100.0
0x539acc9add99e28d56de323baf17e9336e63efa3,1,2000.0
0x0dc7be6dcaafe4f3943dab60764f061cbab1a000,4,570.0
0xc12c0254590f0bff424e3374dca6cf144a568d92,1,60000.0
0xa58a4e6fd48b2d6553c2abb68a5191b41506246b,3,457.0
0xd59dad90d121cbdff079d0ac7c7ea8cc97da2b23,7,536340.0
0x016fb982c49917129ab6cffc6c6bcae891dc1aa2,9,135000.0
0x083dc46f6b2a06ff86d3d034e2ba47150e095c26,7,27600.53
0x6897fa00625f7acd0a56594c590c21e7eef209b5,1,1550.0
0x3bbc50834b1a4777182793165c85300537ecf788,8,40870.0
0x76b71fd31bc8ed9f860c940f993a5bd4eefe9442,4,3006.220543512919
0x1d737d7a5584b07a08661b8b9deb5f38f8187712,45,196434.97512016
0xe36930352dedeb7fa7ac415519d43e3f97203d57,1,100.0
0x4defc536cef94dec9d62bc6d745eab14d07aee7e,2,4400.0
0x6476c7a2e2a30d582fd60c630bd63d1a5ea46505,7,38500.0
0x6382752c1d57ee510c91c524e2151c8dae41462d,3,23500.0
0xf69cffae8a3a1eeebff45a1c2c573f7e167d8aca,23,74893.30314184197
0x6506f438159d5957c5160d86695ba3b7785bb0de,1,100.0
0xad5d9660900c838dbde2a9476b5250bcc0362366,1,8000.0
0x7c0e0bc421b9e80c2b27b4d86ca1f28e0ed5c7a9,26,6678100.0
0xb862daac571d5c534de5d809d52e10531673e954,1,200.0
0xfc5bff5f1df50a4a535270c864d10497c8b845c0,8,18192.0
0xaf33a6e856ee4201c15a43b180bc6ec5ddde5931,18,82500.66875104111
0xf78fc86fdf236ae5330fd71d76dedbd0046c12e0,39,140350.21729507644
0xc3fd743e0e1913e5b6700fae1c84a2dc94168fc9,7,47500.0
0x98805e86c6ea398743a0a689f95b455b102bd78a,2,5001.35
0x8334330cb56e8ff91b8c23f6da45af3e9de6f36d,2,30000.0
0x710625f71f46da8c272c49d9c19f7d19fb744d98,3,30015.992802698696
0xef9ad964b7533ad37e0c0a49da9f968afa644806,4,65167.25
0xa2504dfbf0ed35c86237509cb86a082ad7746a47,1,4000.0
0x3bdc356c91bbd7e34d32e209a28aa382f421b33a,1,501.0
0xf830715201ea971e0e8657134af4bdfe60f55620,5,2295.0
0xd0869ca3d12b69e28f1dee2400a682840887bbe2,3,2010.0
0x6b6c766860aab059d5f798afc63839322cc67ced,13,324834.0
0x0e43e8d5cf7d96786e6a410930bfec43f95397f8,2,3601.88
0xcfd5bb41b7857593c21812898e955d2831715e47,1,11009.4
0x6552dca7fd15786225c2f0b8d4113a658ae5d452,9,25042.103722871623
0xcbf5a57fe54446d49693b9c2988f7c703e6fb514,18,14781.374179713634
0xda2e6ff62cb280ff11b8304df91d03312b9590b7,1,1000.0
0x84e36fd16fc789e25e967dfbe1380c19eaa04d80,1,217.004
0x95dee6328463c18a619ac339f43518e9e68d888d,3,3536.032
0xffaec86ec894111cdf1ae1bc96d05cd057e878d3,7,310900.0
0x3fd1300a5b75fb9d3269aeb207e3d6e7e8f7bbb6,3,1000.0
0xcff62002205929ca30c25fd193e80c65a61ba54f,4,24500.0
0x516580702fb76c5372e9974503e126c933a64b72,13,495110.0
0x8c1d8dd67b04776db822ad00a33d5f4ec4bea4c7,7,27720.0
0x57e52631b353876a9963b5febf7b15c4d789e3e6,1,2500.0
0x5ee72f893ab4286b8fd43fdd5f081721dbcca921,27,323737.40028774267
0x04ac4f7568a0585f2da1a2433e0c318cd42277e3,1,240.0
0xf0faafe8525c9665d7abedea9227d98b04e092a1,1,100.0
0x9584e9e160a52433db48247c7d727b279358b173,1,150.0
0x7774d6599f799d16ba115c020b7f5ba730d332f3,4,2915.0
0x85f5b30739457e3b8cd41a85402eb41c55c1f609,4,25000.0
0xcb2f79dd2e495acfca1f3cc72ae3148df0500390,40,16119100.0
0xf23ee7717ee3229e9fde07fe75cb354fcd4094f3,10,147000.0
0x2280860d33cb3e29d2f79152fdff3b52e3ff0bf3,15,37492100.0
0x7178c18bbd31c46d426fc6a2ba68facf6738d08a,2,87000.0
0xc819f42b1ec2e2c1882028b99e0b10d225d854cc,1,1000.0
0xb91f0931913ab8ec7f828dd4b8f973e56ca8e1ff,1,127.4472
0xf90631a4808acc9a656ab726a0c604b501c4806d,6,4984.4
0x178e9bd44681ba0d14586d3a36ab5b4f599759f4,1,20000.0
0x56184cd7544e8e405387aabd1d40dbc107b1f85f,4,13617.681853638365
0x7ee479bf664fe1aa5d0088d340452bcc8e1a10af,3,1236.99
0x164a2cbe41217b0a78a269e944cad505a1a1f60d,2,550.0
0x87548cb3a30e57f6d08f2018ddd8d46eaee57885,1,10000.0
0xf1c39cac9e4a30bdefcceff92dac8b53f840220d,9,52873.69174905
0xb039ff4032de1de3a0cc61e3652e0e55db0567a2,1,360000.0
0x25ebaa09cf673133577d262a77a34778aede3bca,1,110.857813404
0x3fc54cba4920889eb9900b7cb42054a1ffc014e1,1,300.0
0x0110e446605674708487f3a448835d0fd1d6478b,20,82025.0
0xe87f6aad8d37228c8498dc6f9243469a228c4984,1,25000.0
0xbad59f48008c64de8fb9edfbeffb9119e31a17a5,10,353560.0
0xbf7a261519e609ccf830b723e715ddd2a718b23e,7,33600.0
0xd00494f8994c84f0e440c42c7032bd4d6e84bade,6,6180.0
0x809a00d60472dc77b0eef9762f42f5c3b1956b64,2,500.0
0xb28fe81d19fbfe90a455ddd2e2860ae9a0b6780f,1,80000.0
0x347a7ca1aa464801d574dbbbe043d301009c2c18,2,5500.0
0x67d5225de37a7945fb783bbd08fb83ecab43e627,1,250.0
0x03e818943f45b804ddb2e5971ca1745560c8f394,2,14615.19632393
0x4ff5aac7f00b57ada87c7d44614a48dd42df33c1,1,380.0
0x9d6e7ff140c2ccc5f75204c8ca52f49575e4dbe1,2,2000000.0
0xedb9d4b93dc1a921968e373cc15ea0215478b7a6,10,19442532.550227474
0x7328fca632c06dff15721b326348b37556be8936,10,37852.349383821806
0x141498685cc2acd47ae6fd80b1336c26f0bd48ea,5,109000.0
0x04fd3a0f17650d0cd2fbdd47fb315adb393a9318,1,2000.0
0x0c61989fc79a457294417c008cb6abd85e25af19,2,10000.0
0x3b91804efd8d47b83e75a0d48b903925597af246,145,765055.3073354654
0x95d245443cf048fcc46be99f6c79b067e108870e,1,200.0
0xb9577bb36fd38821b10ec8872573cf6f39ca4e7a,3,10350.0
0x52b568a4fe0bacdf8816ed81688e8f5f3fb3c3e7,4,5200.0
0xe4d243bd537a0ec9cf4baa7fa9690353aa22180f,12,51804.0
0x1a9e9c98017bc8008109f136c85bccd33761cd90,2,13000.0
0x2359825f38375297137d7d03c272bf5932f85a42,10,624000.0
0xdef942fc674721828ebe00e987b7ee874a289365,5,29160.0
0x782ba5465cb2480a2956932549dc178ec7dc751f,2,125.0
0x1f6bd6fc0efd6426e90eaddad51f997dab354fd8,1,7000.0
0xf56d67ee793dc75389b6712a5a865dfc2498aef2,4,2400000.0
0x31139f6b4e2fa0e175faaf6f4a40562ce21417c8,5,302700.0
0xee204dd4e9c880e048e5b4a5d0844991718b2d14,2,40000.0
0x4344d619cd523afbe13b6983d09b6ec17e927080,1,4851.0
0x58a22edb192119bf68cac739a11dc4179758535e,64,152528.82412876
0xfaf51fbbf447adc01274caa45e822ff566e5f556,7,16179.70819665
0x01bd3953fbb05a31b9d5085730e512ee778bf9fe,17,2181000.0
0x5152cbdc9d65b0c63ab1b728b9f17979d838deb0,7,1950.0
0xbd4a311d3d25786e8e828a5e0504d51cdcd4cb2b,1,100.0
0x5e0d0dfd723d5ca78acd1fa4488eb0e66ca94e09,1,3093.0
0x942fc3a3552ac8e6ab47404961e2f71587749e16,2,500.0
0x40660c54ac9e9cfed50b861f7bdcca5b420f8cb5,1,181.744
0x6f0719bfac6361447fbfca3da28d96e35389d083,1,3000.0
0xf9d8cac97ac85546929792b82ccf60748b63a7a7,67,624048.758415766
0xa0783460c274dfe3de2a480f401a7209f34162e3,2,11987.360209999999
0x22251a5bab94c7d2d6a3fc7db6c971bb23cf0e03,1,500.0
0x51e0db6c8ae5312e7dea0fa397a7487d1defaf47,10,1210000.0
0xb2ba2a0d59ff8e37084e6ef6232bb30765c5a844,13,328997.0
0xecdc54e35cf8592c18bbf06977815cf4b6131ded,2,1000.0
0x8901ec27a2156a0af5413810414b10dbe782eb51,11,30472.937725436666
0xbda249839911ab3b8d0807aa36f69534729d605d,5,35840.0
0xe082d4abb7bf29d3d5c641088a15164642bf08be,4,3100.0
0xa6ca19a0e815b2f9e009f8f9f0f10c4bde716a0d,1,1000.0
0xf8096fb17196d27ace9d76d67b7241bea225e307,2,4450.0
0xe8cd40f842265a64f51c10a99e6addfe4db6dddc,3,2400.0
0x5046271df44c5de6c0c76c454e8e86291a87d12a,1,500.0
0x72d50318644d23b456c5b32898711335434e16d0,2,9350.2
0x6865f521b3037cedb65b904907e408b4ceae4436,1,2520.0
0x60e94b889444e7e1eab2be3f425caeb58a46b633,1,3000.0
0x5448776dbd5b4ed08c0d91b69785b1235d901a06,1,1662.0
0xba421ac8d28d8f0b7b5f293b5960984cd71101e4,1,1057.0
0x597ddbf0fe5021b160e73e9a96443ea498a4fee4,1,703.68
0xf9f1b9668a511bc66c3cd8f17b0fbd9e6f23b5e8,1,503.52
0x4789d14eea8ff1afe1e065258951d6806496916c,1,80000.0
0xf93f105b4309a7a25eff1c7ea8063caaa3ed03e9,38,197273.79216953
0x4e8318a2ee5435a78e0b97665c1efc4f4ac3e7c0,1,2000.0
0x208218507ad270bb078210997b6614668c9e17b1,1,500.0
0xd8c901db0affbda999828339e384708264c8023f,9,118000.0
0xba81069ccfcae1f615aa2b191b4132825df58158,1,16670.4
0x21213962527423c907275fc14af0c60ec3b25e8c,1,500.0
0x118aa708fc7e4f895a09fef7113336108d9971da,28,751532.316
0xa050b1805978ed1038f278dfc802f71ca4ae11cb,2,1325.44223
0x1d0ef3e1b1c7980ece23b439902e35deef823019,2,1000.0
0x2cdeadfeeef50c5013148c7354631bdf06f0f095,1,500.0
0x1af0bd58b7c3d321d394a2efadf22516aa7b6372,4,21000.0
0x1b6f8897cfa50e3d3ef964731e6ff8dfe4254944,4,90000.0
0xfaabb29c60941810c0ed6552da8408d8311831e5,17,400192.08421105
0x0065de1a87d20d83b37e51d21a5f8f1ebd222d57,1,500.0
0x59b87f163f74e4db997f5798aeb05d2d3f2edaf9,2,7802.1564824
0x5e0755841c5272d7c9463135eb243c893f6618eb,1,80000.0
0xcb8cc9eb724f8ba23cd5fbd2f87e575b3a9362bf,8,20375.0
0x89ac9084439e20e1f1b5d0dddd739de484da0fe0,2,2234.0
0x77c19f5a5bb9472e4770bd536423fd7c20b71495,1,500.0
0x6a60553ac4c2f944e9e11ec5b4809984ed49694e,24,1388500.0
0x445ac12ccd61eaa5cf0a626a44f2f34b18c3b281,16,159000.0
0xdfc37b3e678e271b637fc259e0a9c75e7dd6583c,3,51000.0
0xe2427d71910cd3f8309021ccabcc9c1def8b0448,3,2877.0
0x589705252d667989c2b227b15c1b08d72749818f,2,21000.0
0xdd995bab6857ac0bec162883d40966ef7046eb0a,1,500.0
0x47fc57ab2107ea2159cba8b2c85441a7f1f5ebdc,6,131875.0
0xca998e7aa579c876907f2dddcee6a59c99adede2,1,1627.872
0xcc8c4394ba9d7a140be584f3525a82bdf1e7532c,8,11862.60009684951
0x000afb0b898ebf5abc311297a4e56e49a4cce89a,2,2138.0
0xe3ff6e634b662988435bda0ff7171e72cdbf6690,15,118538.35339674278
0xa8aadabfa1ed29d3727008ea3025590b113608a6,6,142000.0
0x7d6473551c2099344eaa89451abfe5fee30a45e2,14,84000.0
0x85e8c9206193a903f4346a221a034ede39770eb6,2,50002.67727986047
0x605c7103351f667cb6736bda444dd7e1224ec0c6,1,750.0
0xb359a4f715bbc9f787477c760e9883a1a0e7c200,1,1000.0
0x2389b0af59e141da60c02947f6fa8a28232c1717,1,10000.0
0xba5b3d0df8ee0e0db9b741a132a58be4bac7fc14,6,19513.55073464281
0x5765dd4f76951a481ee75e99e9d69b2dac967673,2,15000.0
0xa6863458b31e6507aabf17c56be046cc1409bcb7,7,10273.864148177856
0x99eac4c1d8a293ae479e6087688af295fb36ea4b,35,311533.3873207473
0xe56314968d0ffaa2d6d88debb488f4b736887423,3,5400.0
0x4b1bc2696e4289e2e6c6ea4ec2a62724a89b561f,1,1054.0
0xf814f8db8440002716cf11e615d07fe4fbff5a3b,4,8513.0
0x82cf2bf29789d059dbc10574c540099829ed05a0,3,850.0
0x19715cd87677894d9ba600a9a52b0d699bae4843,4,18500.0
0x008156049c7e2a56e782b4a0f40d0766c2b9977c,2,2250.0
0x9ffb0375992196350c0d241fb23826a8acf1ac20,3,10201.98
0x79ca344de4acccdc89b0b19857a05ec42dccecba,8,40450.0
0xbfc4dcb3c74cc5384f6af8cfedf76e7fde636e66,1,900.0
0x13a1ef34a4ef929378d33136e62858a76bc73683,1,1450.0
0x0f481ba07cbc9db03726363ea3d77f8c03bc368a,2,27000.0
0xd759392c8047906251bdfa77993ead147d8b3200,9,82600.0
0x533fc0ee5bfac036055769eed6c852d16407232a,10,28840.0
0x8b3c03238800bc4966f4bdc6790601cd16b4a295,1,2000.0
0xdf06e84ebfc442f5d342a108b1abe9f4ab9fcf77,1,4242.0
0x79dab203a7921789c68ba6c86cef6766abdc284a,1,500.0
0xc55af1ae2f1602a3c0e94743060b1a541cb37d11,1,500.0
0x0ffdbb6563b192c51197d69c5f6b5f17ae0b3e19,5,109928.28
0x0daddd9bf3944fa7b490d5dece46618d240d2b5b,1,500.0
0xfeb4b2b4999c0b950d88e63d000de9763aff5ee1,3,5500.0
0xc1327da34b16149ef7d4b93b62f4463e09b1f91f,4,109000.0
0x9eb28053aaeb5ea5099d8615590cf4e1e4f89185,1,600.0
0x5243e31aac564843a89a2be2a62089693138b53c,6,15590.263417589998
0xacfd60b3efab738f0f5392c4f30af35cb157bfa9,10,199300.0
0x24c4284eabfb3c00ff9eda894ca8476713068560,1,869.904
0x2b0b1dd659406df3451e0cb8c3e6da0a6326db98,6,33008.83672086439
0xd21d67b041d6710a2fc94edccc2b986ef8f4b858,1,500.0
0xbee656504c79bc9f976b432a7a3011f9ceae31a6,10,329000.0
0x99911b5b81a9119f1a42a65beb6d9c8635425192,23,2412081.0
0x8dee657e1588087c6a0fc8da254406067fc9246b,1,600.0
0x7a3bc3307712255842c934c3482ed1f8b8ff7271,2,5200.0
0x75c62147d2dc4779b2de5ad56fd6d2cd260dc7da,1,4300.0
0x03225fee0d2f6702ad9fe96daff527de233b8d99,2,6015.0
0x1776006507bac6946f82d2dec0633315a5f0678c,4,10000.0
0x262989dcf013986ea4d3df84859aaad282921c0c,2,90000.0
0x015f3329eb13b20a81bad92b166f772ccca52bba,6,70900.0
0x37f4b006338958f2a3adc53ab96a33c5d3613ca4,1,74110.0
0x7eed5e71e5749de115bec8be48014bba68f04b5a,22,79950.0
0x4e6100fecc800e3a9fcc7cb4638d4321dccf4e65,29,13148.07035294396
0xe57dffc4d855975dce3aadf3bef977dccdceed6e,3,26800.0
0x022ad37321740de3efb1142dc66b117e4a894334,4,140003.34692600576
0xd1882af6ceab1260dc9236a4a9df97cbb8f17f0d,1,1000.0
0xe6a887d6dfc9ebe00b053233283b972436674805,1,500.0
0xf7a1690ee754e11b64e0288cc0ddb8e36f454700,1,1000.0
0x5e95e4cb58dd439286930236c7d26d0d1725958b,5,25000.0
0x24d04124220138d883baeb4eb1335159a6edd4db,1,20000.0
0x69ce092afe8e431f45e51c62cccfae0a409d28c7,52,458685.29878602
0x4bbcd564b96a9fe02d8c33b83e2c86e9afaab793,4,111000.0
0xecf903c8d6f22e816908f9fe5f5745e53557761e,1,700.0
0x82971e38f9eba444ef4666dfa7a7c897e0d26913,1,500.0
0x0a2b0f6c096180eec7e339899207cbc060efa55f,50,1627445.925633572
0xca7183226fc042f86213b24919cd18ffd26f80dd,3,661000.0
0xbf5781ac32bfd80d84beb2483b512a997eccbdcd,27,56900.0
0x4defeb7e6e259da3dd4b3573efe52b473ccd3601,2,19500.0
0x0b40ad7e1e66d5020a13aa492c08a825f2caaaf9,1,2500.0
0xbcb2aff9c01be5c4da8d99ed17ae9e1c495ef882,9,54751.89315842
0x48ca5c985ade7299d736dcd4b03b650816c150fb,33,644094.86561367
0x6b708139c26ca3e8be637fbfd8b564a46649a025,1,200000.0
0x6b416a9140d9c5452051f8d0943df7052b3774b0,1,500.0
0xe9b1dd86ed51f5c4ce552fc3634199b78fb40bfe,1,74000.0
0xdfdbbb343aaa9e0a2c003c80432d189b417846e7,1,12000.0
0x68f4e84315651b61c00d59938ab4e282c4399297,46,1706347.2914285457
0xd8bff044153d44edcfab2de1d873855562d2d197,1,8700.0
0x83a3896e59eeca01852ec38afdc536a0d1a55431,11,44300.267878203245
0xb27c0259c6f3d5bc9f21427b3ba1eb1fe299e13a,7,675000.0
0xca2b95c6e6e9df4106a755de7427cb4292a97f8c,11,24000.0
0xc3affa8a5554532a7fdeffd206a45f082bd9285f,1,15000.0
0x73c1b864d21fccbf2ae17e322a87eb0b112cbf4b,1,870.783
0x4c4628acedb2207278be26a72cd1974564bbb217,48,2451654.83879011
0x6c9bd5c97889236a25867315be67719eeee53824,31,66000.0
0xfde723866ba5ee43e5fcfbc87c587b6503bbb3e3,1,1943.727138702
0x1b65bd93f6bdcb1dc8944b8b855ec516eae2b557,16,222893.0
0x340a0c995d2528d7cdfa0940b1ff9361f49c4326,13,37380.20891248
0x7c0dfe629c7e1e3e371613cc1e3ae053583d62a1,1,5000.0
0x9ffecb96c3e271652edd31c34953ee1e2c66cf0d,3,142000.0
0x7b66b2d6a824163a7a63629a7ef98b5ac71ec6d2,24,71295.06536431
0x5fbca4902fbd286085ccfd154c3f75880ea57534,1,500.0
0x3522501c8f5a992fe3d6f1a2cb4356f680fb2b89,1,500.0
0x4d65b3ef111c9befabc1126fecba42b781cfb19f,37,8892191.56844641
0x02c6eeee87c53825d9227913e2aa8f07dba4696c,31,4242510.12778895
0x449899209ef0fd76baab0e02aeec5e28440b0de8,34,2414573.518465328
0x4b89d57bb52913aa0915c5c7178c012cfad9e9ec,1,500.0
0x895bd170d026f1ab0127facdadc133e2db8b9889,1,1000.0
0x8bb53f9fdc585febdf4d1cfbd804593ba3366fe9,19,356500.0
0xade9814a9473463e505bff651a081a6c13af3330,2,9481.0
0x22d69fbeac7111a2cdc8e5d06af1644b2c64dddd,1,4000.0
0x7fb75c0b860979ba503e34e288957f9fd4848bf0,6,446626.0
0x0370d33a7e0d870440902251bffac693c129c333,1,500.0
0xe3a7b4cc2c87e031609e32f82bb1a137086a7b45,6,741000.0
0x4038570aefa1552ace839e3c2a0bfba7edeeff8e,11,92599110.62580898
0x12cd36ec65a2309dc9bd5d4cd9aa61a0d9f0fbb4,29,361739.2460262544
0xd0f8de03c273dd5290a73e2aa6d2d366b763cc64,5,436500.0
0x50edc68a9b97b37cb4700f5cf2662d14c03fd6a9,3,3000.0
0x8eb0077ab04f07eaade9b29fab7badb7697b01cf,2,9500.0
0x23018f1cf27d840e3a54107b8bb84fa944ce5a8c,15,278640.0
0x631d3fa6fa7823f2e8c5789b241db26d040f9505,3,2950.0
0xf3ba36dac644fd505b83a385fd639627095d4523,1,500.0
0x51c9af83cc3c7ac98f50448e521cd44845197e05,2,1600.0
0xc4e2c5479690615997d06d7260bc9dedaaa11881,22,134536.86463974905
0x396afbfe0e033c8a9ff98084fa801cb3207fce36,12,95500.0
0x020f8b3d8b356026211cb2043edf5c4d6395419c,16,214500.0
0xafa64ba178494d6c4b56ce7c3f96e293984de865,2,2000.0
0xd763e143d04e7dd5113945e1c8e95f70a89b5e40,3,3300.0
0xe4ccc13acf540b8da4d8459fa18c991de1295f75,7,13552.157102289999
0x5301fc4bc1d6272cda868a9c4ed6543490226f0b,1,500.0
0x4e3a2eb869e3e50f6114a289bc7beff9f51ff4ac,2,15500.0
0xfd3af07100039262f4a201a532f543e0b8ca19ca,27,653729.738821324
0xc92e4f369eba24a36f7e2beb55fcd973c840e4e2,5,1350.0
0xdceed551615f938584287827afb32b9227cd0dd7,9,32800.0
0x34ff9c00d91f3ce4525a4eec0d8a1e2a452f9741,1,1194.38
0xb320c4c37b450be415619dc54a396a5760b1b7ca,2,99700.0
0x6d2fd74291290ef54fd3df4b1e9916ccc5f369bd,7,88000.0
0x4b8ce19185c57e5dfa612d6ffd0a2570c33e651e,1,500.0
0xfa6cd93f3b198e8e10d8cb0679ed325b38a77157,4,6480.0
0xa5cf782ecd4d410704dc0e209096e615786e88c1,1,1100.0
0x113e6873be256206a467b8b4810b87ea59a51d9b,1,20000.0
0x9fdf1704cd4a79b76fc5bd881d8f923d816b9d1e,1,9800.0
0x39b3323c0eb770b798e7506f9b0e0d659ad74851,16,1413084.0
0xb54f71e772c71908d8698c3f6e743156cbac837f,2,5700.0
0xd60dd7e5acaec3859177bdeb88cf1a15127f31b2,1,2500.0
0x4771494964072c493fd18f740b3120a279734821,1,1182.4704
0x39f85c19c60258ddd4108c680f2b7b74bee08230,1,3503.15
0x7493f3de3e98473f92e1f323527053d96cf20f88,1,500.0
0x5bfeb1928884244a9248c85536550ce2c75c7410,1,8000.0
0xa913e4d547c87a010125fa283952eb82779aff88,24,381420.0
0x628030dee13e64f489cec774436d6334264fe037,9,37864.58
0x99fac2c9561b6d73f8e97ab320a4871106063cca,5,6000.0
0x4c7feb1c7c9974f6a3f37a4f5f4ed5d9262f0d15,7,92000.0
0xee51c3392a56276f6564dc6a418a443429555413,1,6000.0
0x4aad527c67ded2800d4ce09887a664217efcdf97,1,1000.0
0x46bf5e7df6276abf08da00c025735bd92f8c5426,1,1000.0
0x896f214c4fd1052626420463d5b2b795a54d2694,1,500.0
0x0f2a4fe3a55ee3a43612f01c2875928710e63d77,2,21300.0
0x6e029a03088d06c0bb04bb0210bf4a6a8839ebe4,3,107545.0
0x3282faae9a9250e59d63cf892d7dde0556ca9302,5,28500.300812199584
0x6ab5d817193864494a39e429792326930df40440,6,20300.0
0x8b0061b8fe75d4417c448702e0940a7b391e9d24,1,510.84
0x2de993ab2a047a69be6733d5e299314d90982262,170,687365.0
0x3414d3d4efb0c43c6b7745a79df9e911bb57e3b2,4,90000.0
0xd2d1e478eef35aff204957b5c2db6649688a22d9,4,2000.45
0xec648dd90d840cc83ae07df161faf1ae7b45d247,11,15570.0
0x96c686c06c3d143c076fd760889b0b2378d097d3,101,757173.46802376
0x49b54b701b14447f07992bb8b3862124883290c5,11,867000.0
0xb92cb43671b49cef6bc3d2b1557c402b6a100f4e,1,1000.0
0x2cc8b617cc8bb8392062d88612a9af16da059a54,1,500.0
0x6836e007e582765ccd7c98b20ed563f59b52dcba,1,1000.0
0x3dbd5adcf86c15cbba43132aaebe3acab1f17768,2,2596.0
0x610b80f842851e26dc63d3794997bd429194ac91,7,167240.0
0xa5e65b7b2eb46cbdf72e257238a25a9004c15e74,1,800.0
0x8885181c2b3ada31039943ca49d0255644501209,3,1200.0
0x9e0574507322c780a73bc4bbc1c758c2c5c965c6,2,1042.112
0x5722dba74bb6f445c225a573db28620f7c551144,3,370000.0
0x5331f8b7efe1f0ffdff9722004d77668b0b332b6,3,21554.85373839
0xec1ce6ad8c7392adcdd2cefc778ced460c409dff,2,38000.0
0xf680c4ee50cf9a6fb15103ec56268d8c02d7a4b5,8,173000.0
0xbf2834eb47c30291daeb7a942610c6cb318bd1f4,11,37208.629859597524
0xbcfac280b051e8e29803dee31343f99f722d3ea0,1,500.0
0x545e459a67e3565c92bb3f68b77121b42ea2cc14,3,16700.0
0x81555b0c1024edd7009a5a5398133bc2ec07d3b2,38,3455399.476
0x3425d5447a44cd0bb7e6f18e5a8f6cfba033fd4e,1,530.0
0xec5d1ebbd619b54f07d4c34d22eba9b1eaa96ffb,4,11300.0
0xb0bc0b97a547f3685bc0dcf952d550686bb1f938,4,44000.0
0xd1cf265178174aa36f4bf91b651d4fe6b7a5472e,3,66000.0
0x36eb966a796271c83f0b3671d03973a13fea2781,5,9823.0
0xcf0fa0b0f31cdb386d210d2eccee2613c7b09d8b,8,7467.0
0xdbc3ccc139751eca3432ade08158ab02d89c36c8,3,11925.0
0xbba6653edcb2bdbf5a07d5543bd9b94e8bfd2c74,1,2000.0
0x1373de19497e282b20faa55bbd2d2b7a02043d0f,22,13954000.0
0x417212ccf8e2c01bf94c047dca8466725aafb95c,2,3905.0
0xfb9d9448a07385899c8301846ae93b62e4b6a953,6,36500.0
0xf479065077b38ebbb1789513cbf1c9fa403d5733,1,10000.0
0xe89eda918a8822033cfe4c7dfb4a38247ed05214,12,12566.0
0x9620c515f40675a05032564b11d2bf789ad9f84b,1,6000.0
0x064219a2f44390c32d9830427d978569318f1f80,1,500.0
0xb3c36e89dacf82be1180f35febe0d5d24bcb82e1,6,120914.961398647
0x7dad50056bfdfdf130ad927e66e84234fdcb82d4,21,7080.0
0xcb47de7a742568a56b289d5ea92b4e8515afb1e5,1,1000.0
0xa786ae9facba8de3759b9f3e80a878c263fcb03e,2,3030.0
0x1c622978ee8d474d8913747075e7b6dc7fa56527,25,66031.0
0xd5c097921114f58f5b5ae923bd439d6c9bc1a2e2,1,9524.724544
0x7e3dccbf606c8f2663695dc51d09859bf3319974,16,50650.0
0x2466058f64cd84414a14c30cb355ce8fa450601d,1,1300.0
0xc0cc365a3efa7e6345d243dc8c35a1f740fed2ac,1,70000.0
0xa58bd28d99aae95e2afdec7bf9bd942e04fee0d2,5,7455.9
0xdfa596c9aa83d14613eb63e68248d8fb1bbf9e5a,2,890.0
0x5c361acea2c797c106a6674ee9979485329b2def,10,25705.0
0xd2e0c2affeb6df9d1e7a6992fd3e9661bd3f13f5,26,3808126.3050499647
0xd7a126a3ec191653375a20d3ee9d9ad335005ed9,22,2234605.9904445033
0x5ab0f63cb74e56cedbdc0671e624fe9ffab75da5,2,13000.0
0xa5ce8b14b16bb5aab97f018702b3143b22df4347,1,500.0
0x5df03e6715a751556ec38067a58b5d05cdd55c3a,10,18050000.0
0x15820b639747ce853e6c11ac53268e77ecc08e83,4,3510.0
0x6f822f77ebb39dd69e3b10edbd51e61580f08d58,2,55000.0
0xecbf2edc7cd6611162960fe5b15b436f163b8842,1,35000.0
0xc751c484902baa059b29e8ba6dcac65237b2a4f9,10,10117.283077767457
0xa09260396cfee50441010699545583db6379bdad,45,162338.696
0x6444c0aa1bf3a4f881b3a00ade6e2b883615da09,2,1400.0
0x853af446da083c7c0d918e80ad2328639d37d61f,2,2200.0
0x969c2f30a3821fdb164911d66b0b69dde30787ac,2,1225.0
0x455a992fa651910a8647593a3e2accc95ac12448,1,4000.0
0xb3990aa22dfc8bc5cfb2e89bd6191105df81c0eb,7,48551.063949375675
0x49312ac9beb4c4d6f8f1cd91fd6462f72e5289cb,2,21431.94798926
0x136d14d4caa811a6b3d59f830ec7a2a97a60b996,1,500.0
0xad1d6f7d420d4a3857843ae5e20705c5a349afcb,25,3950809.1527616163
0x0b2947c189b9927bac1cf158c64b5efc385e2fe3,2,18299.997709303338
0xbc124c404a8aaa4f5e930aeddad678d33da69e88,6,33604.63439544516
0x7473c54af393090006499da3346120854aaf11e0,6,20500.0
0x1e9e8f67f3c09b7c0ab4e52776fc847b1638aff0,10,35400.0
0xd0ed21f888373431ec0d982afa28c5520324ce89,1,600.0
0xf5ccba50e40b8f1e46273accee15b590fe3ff2de,89,207913.3407815145
0x89f4de907a52a2b3836136da833a4bdd93d4765a,2,1000.0
0x5b21f77acf5bf8206450900c0843dacfc50b28bf,7,23375.45119909
0xf46f1b6a3f0904d258db6015b109ca73e45a86f3,10,65195.78965477
0x5267ce3b354a36d9a197e3b4677638d6523d9e15,12,12405.0
0x941455d69c6ffe24cc55b24b3dba6e520353ba3d,7,18000.0
0xbc2402050c8c7158b7e7e26bf557a1a50450ea57,1,2200.0
0x3b7390ffde0aa8cbad2c3724eff54324043fb737,31,269251.18840878125
0x32acce2f9f2a3cf073e1b68fb84ee198808d7fc0,72,10837592.547672097
0x7d3fbff8ab906e8286c43233b9a30983cde97572,10,35500.0
0xe526c1ede6f58639bef3aeebb1959fe21600d755,33,936340.0
0x12c93c51729dad16af07bbcdce321bd028270290,4,5000.0
0x551ce7dca2dadca356b5d1b921f3644523fd93c8,8,9450.0
0xa1f7ed4e707e135367f4a142fe1d591bc9df3957,6,539933.97
0xf052ee435085c95315132dccd17d82eef6e00ada,4,3420.0
0x0825f59613b75bc94a36da3219901d65952d730d,1,4000.0
0x1f976321df636fb22f5f3e67724ca2cdc0e015cd,15,9950.0
0x9b639871951bc94ddda6b5b51f464ec3e1b85c02,6,8800000.0
0xc53bd8f9413437f1c7d8ed4e33d1f73e4fef5fc3,19,473296.2768209478
0xe6fe5c06794cc9350f36014005d0cb5b27489025,2,14000.0
0x6e46a785b07c1327751d98d1f48aefeb3268d312,1,500.0
0xb99b8967c2e8df4bc40b30db97439497f4040e6a,1,500.0
0xe69b9428a65c43ef32cfcb8baff95af083fe3007,1,500.0
0x126ad1f4e4403b5dc6827492828bdcaa67338557,1,500.0
0x67d6893a46e23db502d887e4540da2471722c12a,8,63800.0
0x9d676dcaacf924c0dda086e67d24048458de499f,2,62000.0
0x1602ea75f18134f39771edf0ff856ff9e607bbd5,4,11089.898710845104
0xd6bb746e11a7ba6ad64ba3e5051ea5f9744d8e16,3,126000.0
0xadc8975f4c646efa8e871ff41fb67f997f884d5b,8,249128.0
0x2d84a0d4f515f8f856cb74b8f908859c9c473e2f,3,1200.0
0x4628e936acce5b2a40230e619e892aa85b59cc5c,3,4600.0
0x3c4d1aa3656f2fb5959c0031aea083fb69cb5920,4,158000.0
0x4a6a20d466960415f79c2354ee0c3f4e37cb38a8,1,600.0
0xcf9cc4e6e6af707d086901e70f559e4559227756,2,900.0
0x1f9597b5037bafeb051bc4e032604a9674f90788,3,10573.07892746
0xdd95bfb961369908e1c34f39137fe7c23eed4f4e,13,82200.0
0x6fc8378c9af4c873b52a528d7421fa7464aa7d05,1,500.0
0x4b8f28b045b2dec0f8561dfed2de57b72ea7dfde,1,3050.0
0x2469de7342392f86f3862f5e9acb4726e794ae9d,2,14000.0
0xffa4ca1b2b40e3d46b5f5ea7e187eda5320830f0,13,1499998.0
0x051622b7f23171722ced5ab35bb4eb8586df8042,1,16000.0
0x6fb7a11a387fbe048b05d731d1a65718c130a881,1,16500.0
0x78076caa02c8aa7e422280e7e99bbc6ebb117990,1,25000.0
0x58e5ea3f56aab728577953daf242e00c62c9abec,3,23342.54
0xcf80318d322767b7b5e3556b22ff49e438347798,10,205000.0
0xc80ff2c6ffe327c0c66bf28eaad4b5039a0ef306,4,390500.0
0x332f5ba1e13d331df8d117674bf58be48ef2cc93,1,10100.0
0x02d01e6624f19c96d3f3d87849058435764afd38,2,80000.0
0x62945f1bff3a5eac2a36adbf695b6965cd94717c,1,4000.0
0x6b635e5f4e8b86eef2eef2428abb166f16f47df5,5,24300.0
0x0ee7f077260a7380d762f10efe6af1db8efb7e6a,10,24684.0
0xb64aedff14ae041736a1361cf5c3520af1c6e82b,17,986150.0
0xf94fe2cb2561df3518f8eddf92c3cc138a9d8552,3,27718.944040000002
0xd0e47560754c5e1b2f7fd62f5c03cfadc8df0665,2,3500.0
0xa0acd34130787408372df16025c6872a83d38e28,33,107434.98127142
0x41102418b666829de46f324f937c43a19b10418c,3,3500.0394042
0xe102bf583e83b09b5a08c3ee2e7247c8a85b7aa4,47,3781571.2696985016
0x7d693cdb00321688947c7fd995d41bf3a953d048,2,5500.0
0x4004bb5565937c58adc3dc09f98cb13c4f347d4c,7,5760.0
0x1a200ed92efaabd56ac665fca7505fe9700e63d7,1,737.7337700326667
0x5112460ef275adeed0b3de7145ea73ba134146a5,6,5621.171013630808
0xfb03b41b181e52aac2aec0064fc9ef710045366e,13,28313.66772115625
0x270eb8854d7e176cfcd0763b6bab39a58e7cf467,5,4970.513
0xc996457bb8f4a45000053bb03d734c014fd40555,2,360000.0
0xd8d2c017892dcda968b972ae99c0af0bdb7adc6e,3,1300.0
0x27da488126fdf347f2c8a8e288862dd8a0dd6234,5,99100.0
0xcb898e30ccb0bb97ca6992478b2f0a3e27e6a49d,12,815001.0
0x15cb2b7226b0241fa492ccc77f34abda4ccdd81f,2,1300.0
0x5b0e4d23337b0d68fb2dd895fa3c2b1ddb19b6af,2,4200.0
0x77534db6df64b50227081be8f170473ae2eb4798,1,6300.0
0x1e5763448e176cd9f060b459e984efdcc905e60f,6,64434.4
0x84542a36f1c6d911b3d1eb37b3b656851f4f8cb2,2,2700.0
0x9a74884b1b4ebefb526acf2c737b951d9b0647f4,1,1000.0
0x24bd27d996eab1ed804252909280ff26a1008ba1,1,500.0
0xeaa145d1e19681c85554a1ffebec72e9b5bb78bc,4,88020.7
0xed5297d5cab5ed25912c00ba0b0ad700e7d9540c,11,341613.0
0x278426304f17aaa9185d136545cbe5b15680378b,2,30300.0
0xa335611f6dc3f4999ac8e8d15315199da3bfab30,2,108700.0
0xe70b67c7440ea922191235e26d6c5a734737a42a,4,69680.0
0xbadcd3d5eda1597c76dab240ada156357026c957,12,472405.0
0xd66745983997e93927c2956df4ccc35d970608aa,4,69680.0
0x9a87e2a5932b229acd2d6babe6d9bf3086965a61,1,2000.0
0xf3a8db9a6673bf0017750a75571327aff787ef6e,3,1767.0
0x30818a86013d656b7ae91b7dfe6647707e013697,2,750.0
0x541fbd3fbf01635d4ddec95ff8dd376876eff3cb,2,700.0
0x72542a984db236f9c2d427c285c43e12708add9c,1,600.0
0x3c860e258a2c102c5d083b62444cc1d95942e408,1,3300.0
0xdbc7a50afffdc5006d1a866f60a1d2cc8f8e51f8,19,564324.9408255011
0x4001419e4b28e39037b5df0f5fe1ba9f34313538,70,854175.6107777203
0x6a70c516b9944278a88568bad9a046a3d8a50c2b,2,35500.0
0xd71da872baf858eb2d2e7ed76c34c54ffcee6808,11,211785.88370077
0xaddc7e3a36fb5282a1366af627e097e00b4071cb,1,2000.0
0xbdfd3339c21fbb40e1349b14b90747c57e4dc657,10,362888.0
0x90ba44b9cfbd50e33526a1428faf982d4ba6a28a,7,23500.0
0x57c2c0cea8e7a6556725d1eb92c26ac2aa0567ad,44,68783.48849090148
0x1c0550e89890833d66a05398d481eb287621870b,11,22070.989855390002
0xa753be4ab2167d2dbaccfec7c96f4109ce664ade,1,500.0
0x3a2c06b0054e33c67b95ce6bc5e68ff869503fd3,68,647536.8264860952
0x2d387f592deba9ac8792f819e0fb0b8f4d2179f7,4,323000.0
0xff71e8d832afb5c9921e8ba6ed998f7a949cb7b1,5,167816.0
0xb538ee7cbf8b68adc8288d527a1c18b7ac9ff143,5,167816.0
0xf4e660f127164241e5a087d1341261b09a4653af,1,22000.0
0xb118084c2233f2064542b3a2e4e6b527e1058dac,1,500.0
0xd8c679a282172eac479510ec13de9321f874403f,1,2700.0
0x6a51daba7a2c3c77297f3e66e0354caf06cace1c,1,2500.0
0x667f2dbf5b5f1045807591e6b93dc6e9c953d364,2,10000.0
0x9e37e5243e60e2c7b941956c43a91edba7904231,73,456086.5456677466
0x1e4c8fd5c371681da2524df440512869de944df3,5,2680500.0
0xa7fcf8c64f54023f7ae1b5e46e3c42f24ada7ef2,2,510.0
0xb6e2a47bf4dda16324cd7458e5d5de766574e923,2,300000.0
0x8630f26820449948d7d309425ff1ae8ba8fc75c1,3,32951.0
0x0d9a5f8a964520aead5010022d03fc5bc9b9de66,2,116000.0
0x270a3e1370ef165d145e03b8e00ddafe14e59589,108,1965654.370655658
0x58a1cf72d583df74532855e9d1292d3efddee308,5,130000.0
0xa8ae0ac09f36821ea630b39036eb1b4411416bb8,4,47000.0
0x0ab080ceab5b7fe945fc0b4a0dd591b16ced2629,53,1236724.8399932222
0x84873603e249654ecab38d689d03d26c603f41a9,12,470043.0
0x2e4e1e9465483185605cfc5aeec479a5e235cfd0,2,1000000.0
0x8aedabe93eacbeb5770749a93cacb60a9c7435e9,1,600.0
0x141322b258a6f8f56e8ebabf02729db27b23dd2a,1,770.0
0x6d86ab1645184e2b787c413d5b241cdcb953ba86,3,105000.0
0x5b572099ed8e5ef27bfdc15788c48674c8d29d13,2,850.0
0x4182f555c50689602c32ee3c70ee74f211db6bd1,4,5000.0
0x224353109e11622c6d2b63efd2568b93ddd19dbd,4,25500.0
0xc2864f074d4cfe1b35c6e274e2777d2a37a6aa9f,17,37060.0
0xbf5465c07114490d3a0b7456b70f9eee825183ca,4,55001.11
0x49d4d522afc523c700df3191d5e4c6b64661090a,3,55000.0
0x5512708afc2d865b621604ebd77f9fe5ef67c951,8,75800.0
0xf29e91129118446bea7c163273b024bd0680b065,3,15000.0
0x769133e367316bf96a66333b97fb599e6f9c67a5,30,386955.3
0xb12f0a575d7e93192ed71e94eecef07db24e11d0,3,5000.0
0xf86445bbd0dae294ea9cda13ae084bf13de3fdc0,1,500.0
0x71e5ad7c7bfd292d36de0a6ec45d855697618c08,10,54000.0
0x1ac8745342f1ac2d4ca079f4619974520b325152,1,1250.0
0xfd3104e69c6abec3df7838c9d125abc4bf24a025,2,17945.0
0x02405ec12383b217212a00188ed6feda29a047f6,2,17000.0
0xc0db27ce715e405743ce7d0cf3df5e5940cf9512,16,112600.0
0x0d3bee1ba242d96f4fcf12502edb351f7242a7dd,1,2500.0
0xa4c4697f3d869b6421fd2e3ee760627d3113fa27,8,38250.0
0x766f43609ca0c1fff72f3f17b95318a81b7d119c,4,80875.52953816712
0xf68e3cffa8ff0308b7e3c73097cf4c0f1f55473f,1,500.0
0xd542d92fafff6e854a423c8621f52cb07b1965a5,3,31400.0
0x79e1ca8294fb18bb3100354964d77547b47db318,2,6950.0
0x08cc628d1728bc7a1f1309968300c657aceae367,1,500.0
0x4c1bccb737d12adf9f330db6e88b2995186820cc,1,500.0
0x72ef9f344ec90c332437c0cdd8ad472936f6ed80,3,9100.0
0x99f4771218a666e3044132e1abe1f93ece650022,1,4000.0
0xfa07e5d1efdd17a2bc95dfd0bde01263e12a5c92,5,58500.0
0xb860aed5af9732668350a91a34c163955314ee2d,4,620000.0
0xe718f0e6bbddb480379e6a8164d4f215e1ab4231,2,4989.943996399999
0x67859f3d0a4a096b07bdb9dad2e7e69bb738f20e,1,1000.0
0x9e7caa706a480a73133856c8cd6027106a790cfe,26,291097.07699293055
0xed3ac87c4d4d9ab94fef17eb9aa0396c9db615ea,9,1460000.0
0xaa1b351fb61e81aac821043179ab7202a0ff3580,189,791054.7464929813
0x1cbcc311fb27deb11380c6e6065eda1bf8a41388,11,150100.0
0x8c79aab545d6290679c29274c0420c9a23c9e2e8,1,17015.3
0x7ba93dd2ffbbea0dc296806098093342c347cb36,2,29300.0
0x8ccb558d6c9ad923e224d5f8c9de930885ad7649,26,116832.90335979997
0x15eb1e7caaf8f8066cce96de4cb3cb4f5e4a2512,65,4058536.5392388306
0xa9daa8047dec7e441cc8207d2027046233585f53,7,50043.0193992
0x2bbdac40d7f011384f4917dbee8628e544e044bf,1,800.0
0xd505fe98aa9a6e60542f29d5683708382aab82d5,106,2195478.456277468
0xf33a90b200aba7301f94538a83ce491dfa816164,1,1200.0
0x1958ad410f7286d92b9600e4aec68431d5d660dc,3,13241.0
0xafd5aa9dfd93b20da6a1589980a0989b4eeaeded,13,802053.5226765095
0x9115b5e4adf0f2f643cc8f893935d767adb23cae,3,59390.0
0x63dc5a8b1bc8bf921d938fc1f28d5f4e78d27db5,1,4001.0
0x07e976375b54382e1673ab231833505365979758,17,125700.0
0x2c30d3dec9984a0abe75985fc10f45ce94ccc978,22,66063.16062689995
0xa194ddc757779ec3bb09d399b176eba1b1263fa6,1,3000.0
0x61d4996a1cad032630e2ed0ee3d4c04798f364a5,2,1375.0
0xe68695d97fa34648c1ed2e5ffd9ee7d0951734c6,1,500.0
0x1ff383772fbd7d7da05b81d6f8ec75339d8bdcf4,1,2000.0
0xbf883f065bdcce6b72c5a8eae3ae46c41478c8bf,4,5000.0
0x79c75c81081eb9823a6d64cd61c9194731c7296c,3,3550.0
0xb7d562be01091c0c264f65443279cf2c465aacaa,12,27050.0
0xd35396b53abd13c0075c14b6b7635ff1e096803b,2,21050.0
0xf52dd75720b1a7b5e792690b2a412ff50a6324f8,1,550.0
0x854ebf565769f90c7dc866c31a51bea49527cbb1,4,31000.0
0x8573d17fe1de96f8a937ed4b3b31cad52106cebb,1,10000.0
0x64f933e448c443d192830ec06efe0ea8309cbaca,4,105000.0
0x4283ec13ebc15204741c27cb89241ca5f0b30033,2,7800.840108
0x1f242ff727b69fd3419dde7d5be011fee52423d8,4,30000.0
0x831c5884b88442d316b989eef90834819278bd7e,1,6500.0
0xd0601dfa04db4115322948662395367d88f61e4c,1,3500.0
0xbea422038de0e77e6003b204d62f765cb0069122,4,23300.0
0x78a78f7df242d0b2c29d26317d7b7c45f07b5f91,10,356000.0
0xa94b12f66388cde0a7a59df54126a0735088efcc,3,880.0
0x95ea025678da7521a88f5a89f24256aad32ed3f3,8,40500.0
0x26296779b7814a023ba5af32975ef381e8f30765,1,500.0
0xd984f2b851b9dbcdeb35ee9c88fb27b90ef922c2,5,43500.0
0x4fbc0d1d8004e928a85f12b194b393d97a262e10,3,86111.0
0x7870226a4bf224f45abb10246db59aa9aa200f6c,13,48300.0
0x501e0ca6f559b9f21111eefb304c399d75340f78,2,190000.0
0xdb984b1b24e5964aa53c768754b7391c0223ca9d,3,23000.0
0xc2e2bfb0238922df569bc545f8715e0d33c8c51a,5,10205.0
0xc4ec8ea927a0b3d77b02a85f2795211152c5cc48,2,1800.0
0x8263769fa7bc230223275f3481a0a7c5b59f5e18,5,750000.0
0xd2e885d58601b3c5e78fac09465c80d71be520cb,5,3500.0
0x0c99eb201123d762ecbca40c1cca18ab1774a94b,18,55065.0
0x3bd15f2f9b8744832afb481677461bb85a5b4696,5,117000.0
0x7d5983bcb7d3ab7fc12697625a1a2680f100906f,1,510.0
0x2d4931f7af55767789daf41231d5f0375c6e0cfa,2,3100.0
0x2f5d8d46e7787e45a4b44ac64dda0025b6d34057,1,500.0
0xb86eed63941348f968d152e3276e0f0bec189983,1,510.0
0xfd4d4db0116f59c0b452f84c12d5a0ffff16fe96,1,760.0
0xdc9dbd9bf65ae855f0525ed603d392c88544e263,1,501.0
0x5a92a30e266b653172fa6683f4a62c808add4d6c,1,510.0
0xd43efbbc9bf5de0c8a45083b035f8f07b1fb5651,1,500.0
0x47ea28e743812fa670eb94fe136ea2d6cfd7d5ef,1,2311.0
0x127078ef65cc549b8ab0a1df45b55106e2fab4e2,2,5000.0
0x92e9318c74dfe1ecaecd823dd20f44324392de73,5,81700.0
0x0575e7c9bc598bee2506415153d16eab9ae1b391,1,4000.0
0x867495a4d1685aae24d12c577cb3bcf37b2d71d7,3,1120.0
0x3a81896c22e6c83672e64068b7393aa2dc7ab355,5,620000.0
0x92d90118cb210cdaa17c5ca97431a44a1f0c8ec8,8,76000.0
0x8c643799a0b9d86428b0fbead46cb27cd33d62d9,2,12000.0
0x538e5e054aa142453113ddcb44be812874fe383e,2,30000.0
0xfed43826c274a11818ad1724e80ba268e7a6f81e,3,16800.0
0x1172feae0a62f469b14900249e69eec09d2882f7,4,1160000.0
0x3f15f818f10478a2e166a30c608e7f23d038b836,6,7000.0
0xa15e20cb1cefe92b0236d429a4fb199c1fcec8b6,4,13600.0
0x9b551c0691943c2a3acb14e4ccc6a416c77eeefe,5,22287.0
0x58fabc37c17b2689755ab1bb1bbcd9f95cb54b8d,13,95460.0
0xab356bfd5d4562544ba7c8c3ec1b1f7c734952dd,4,19502.7
0x3a2d94b38ce1418c626b69e4f6f5ebc6ebb28864,1,2198.268
0x4047584c7458a0b2d714092246985684976fd2a1,3,1615.0
0xda042781082af6c439cf0f13a01b064c63eee94a,10,32662.724566869998
0x32945822915015a9880dffbad6375a8bde04da23,2,700.0
0x2d39e18d8b6b5e2ed8a7ad5c71f133afdd8c00e3,4,16694.0
0xfc7edfce8382277103cb5031da48394e12aa0f3d,3,7237.639999999999
0x5858850448b8d9ad94467911e33dabac33c68fbb,1,6000.0
0x724ff19f330b14c3ad13e0bd3a2c3baee7aecb4f,22,1933075.0
0x724e0303531e8039f699b08fe2438358c049350b,1,750.0
0xc13e8b3d2168d04a7b03a43e9bc8bbfa1ab84d6e,3,1160.504
0xa399a4be9fc208ed1b068c1a9853b33bd4c849e5,2,16150.0
0xf96316751904c757bd766bc2112edd2eb3b42b9c,1,4000.0
0x56f2f4500a7a5abc44b6a44af3e31b7bf7cfeff9,5,63000.0
0x2aaed8bd374758d8d8552a77de91e96f9a937d53,1,1500.0
0x6f1165c9e91853f692b9f8bd3838f8b747ac1ca5,1,500.0
0x5433d4f780082321744e9b1022bcf832513db809,2,30000.0
0x2f12d4f629465846bc6e9888057c7c9de9535677,7,88000.0
0x738ff02217066ec445eb1af16d25046e504e9c94,18,102200.0
0xba70d5506ccc09ae5a4ed3f25c932672d84cd761,21,305500.0
0xdb3df8e81da3a6a49a29322a7692066e72871e2a,1,1772.484
0x50b71ac0f18247a51d5ab7bf6c558564f56a4f7c,26,138427.54875035
0x7d41b800d91508d002a54d7ee1c1b17af689ea25,1,15000.0
0x04b5198cbd8d767f81fe25888cba55ece3c079bc,33,569935.1804462264
0xb7f0dfccdb54ca823c498a3b1db5c044cb8f8c85,3,1905.0
0x6f64a11ec3ab58897952f73bcc9214c106f080d0,3,20500.0
0xddb6e9db4ff7fea923f3a96231765c6ce6a492e7,1,502.77
0x34f0f25820fdf0ddddc1187fda026f737b9e86d9,1,500.0
0x1d329708e2b790ca1197f3c2d298b755d5feb607,2,10500.0
0xfc6886c53e781365ca38dcd2e1cf6d8b69f2121c,1,736.0
0x9cde9c9be307501d8822c93c24329c54701b5c95,2,7000.0
0xef423cdc4a2b335e25477c82a3f648dbace3b237,7,58100.0
0x8052af4079599f87daa5623e5ea52eb02bdea34d,1,1000.0
0x7fdf4a5baf9d286eaa5e39e52ef8f85f076f8751,7,27554.162277948886
0x3abcc04f6dc6cf834160248cb2a28f738b10106a,27,1835774.0
0xc2a7086f0498e0d4f3c13699ddaa50888ba0a7af,1,25000.0
0x5329bde8f76214f0312897e3e7400f1435cee9d2,3,614.41
0x865ff8a79c2466a65206147915f0c759f8e4ac76,1,530.0
0x780256a905e8d6b0c421619110073eaabbeb1e7a,1,3200.0
0x30c23eba03891e4ec1db1f2235288554731054ae,18,49660.38780554
0x88754696250b337c74afd2dda19e0903b817d358,65,3403338.6163513497
0xfe5efc34802a20fc73449e3cac744d718a6bb792,5,81800.0
0xdaa1fb406ea60b21971b420f33e117ad3b1e54b3,1,8000.0
0x30e5e907995dddd621754f7daee528ced1332397,4,22000.0
0x3a03b9e2275df884b03103506173fb47d53b1061,2,4000.0
0xae028c21bc860b90313ccd7eaba2a87287c247d7,1,4300.0
0x04c34dca6e5cbde61beaf4391a42b46511b0ceb2,2,6400.0
0x73c08cf4d90eb2528c1c6d212bf85d735a75aa14,1,550.0
0x951bd6a7d841fed9e0da668d5ea92f1aac43971e,2,1000.0
0xaa5be37fd5632c12ef024c71daab0a4aaf4efd6b,2,17000.0
0xca586f6d7b8362c9ac896bed1dd4a2fa7a0cca55,4,19300.0
0x08c62582084f83b174661f9ee458d60c93c0018f,3,104990.0
0xcba0759f315d6c432f6c52c0d7560bf9834397e2,28,1065252.4079347425
0xc25e90c43a2faa0a087950d9b879373c5468dfdf,6,220500.0
0xd60e65deb9916281b841e641ed8b50e2ec860ff7,1,500.0
0x267b83b228fd2e56fb53129c485ef5c0c35666a2,7,24620.45943065
0x75ed86174dfb82fac034aac8c31f16c0a8a3c6a0,1,3705.391854
0x50260f760b4aedc32f328b642fb25de17efa46c0,1,7000.0
0xf95272d283e8dc845a5efdb81ce42c0ecbe3421d,12,33273.08436409
0xb39266b2eda0c1b9c5feffb6294b9a2a7d04733b,16,122100.0
0xe54436e9ec5d40354fb4f70ab60fac1990576967,11,312000.0
0x48512d7703dc055a06851d6653872992955732ad,36,278936.9375759323
0x4a4c6ce9a9554ec475a43d814255eefa74fb7d02,1,30100.0
0xfc5a1993b1b387849632e3858b9fa65df9337fc0,2,1500.45
0x7e8e74a83ee6111bcd48a94ad11fb6ee24da8172,1,1150.39399998
0x42b1a09209e0720240f3153c6b3d71999a6ddb8f,5,8402.930631028485
0x81926c60e146851561f5ef0e07c6f9948f16a3a0,4,302000.0
0x798709045ee1e2aac24124c067d5e5438d6a2f77,2,11400.0
0x923a0eae7466c980f5cbb6af3504a6dff5067180,4,27000.0
0x5afa916310c8319bd24f4f38da544f5797a6be1e,8,856462.8395712129
0x13613f3974f16482602fe9b0122585842bd62144,1,500.45
0x549f04698edf21ad7d8970c6fea1b26a07139697,1,643.418556
0x899087083d90b94d0ddd8e27f1149acb585fe105,55,3570144.9936529314
0x75aeb919168d70beb391347e7c3767d60aec63e4,4,90000.0
0x35f2207975e23f77192fd2c24e4f86f1e42f29db,1,540.0
0xe9dfcd62c8d69304549feacac7a9257d8da35dd8,10,133500.0
0x93d6f47469fbe0f37d6df5dac7c876e86322071b,14,626000.0
0xb92c10ca902af36b63a01025c586fa9b69e3c048,1,10000.0
0x3265dd903940dab04f835ac2a5751de3582d4c9c,3,73479.30281635
0x63a8af43a29116ccef41c0288beff9df72ba04a5,10,31540.032848510036
0x471b069d8d9fe5303aee1f41b4eeba4b569306e5,4,65000.0
0x511388872bb9a3c48a9b64cbea3b6a56454de8ef,1,13500.0
0x5b98575846575d36576cac94e02a8283f442a544,2,63320.04655349
0x5be29f116fcfee3faa49df091805cb1d7a69fd73,3,37473.951203256
0xf616983f911e6b939684e0a3c04c5ff26a9008fb,2,31000.0
0x80fc061358efaafc6e2f94c4df5470dae75160fd,7,2532.560537123085
0x6d6564a2094cf2d78ef6738c108779df86757e0b,7,32001.0
0x4ee9c8fca4f9601d7649b8f07174cd200a03e694,1,1380.04
0x3cb378c8446eb70ff9bd1786b939287a0baff1c5,4,74952.98
0x068e978be11894a122bb9d8ef63f9d6432a29cb1,4,33205.9454
0x3087776c52f119e42a60435a5e1ee5d3226e59c7,1,552.016
0x2f2cba4f257c3d203499c7e6a7bb3265f8a549f9,4,17000.0
0xc7a49f06dc0df4913cc7ec458b8299eea7278b0b,24,94090.58007461
0xecf8f8b4f274b524f79f75ea4f8b3663c5fd29c7,2,4052.0
0xdc5b876a3b9eb8703da022394704211655a536ea,4,14273.099164487548
0x895705f1e237f408de6a8af126c4ee0932fdd9a6,12,177022.5
0x18e076d0e10f74415179b913f61606725f5f9013,3,86000.0
0x7077a9fc803383630696d7ecfdaceea34d16cade,2,7000.0
0xc85ade4181b3519f3f7b32fdce6631723723140f,2,1821.0
0xfbc44f6f9ca1e4302cb4d2ea0b89e5f0ff953bf1,2,1000.0
0xe365f9ca9277d861713f3898715b57e1ac6bda55,3,3800.0
0x8a56b8a6c1f34e9c3ff41a3e37692589d4e4ed24,83,2611266.6219465234
0xecd1f88f72897d1573976e7a7325fe864b4a3b7a,1,500.0
0xe41fad05ea882035a595508468fa4b3cec674395,4,350000.0
0x470f935c7e15ce6cf453e9dac34ab3755645f960,11,824349.0
0x5cfe3c74791050cbc09ecb74a5d133032c7bdff6,1,33500.0
0xcd0598979f0d01e33c22f9043c4f7e6a0bff2579,1,15100.0
0xe90a85dd1b3a598c7a0b395a5c0391a49ec7e2a0,4,4654.34
0x3d32b7e59baa4246c0bc9193e77dd38ee5813326,1,50000.0
0xcb74c866f684200ae6d425f62796056b9b7f48c1,1,501.50895220000007
0xa5bbdeea9fa920376ef5b96837566e98c5cd63e6,2,1500.0
0xa629ae5ea881bc3d266771f416f26999d543f677,33,366649.50387190003
0x3185d4893e409cd8649d61521699aa8ecdc6ac99,18,208106.75378
0x9f4d9847e55cd57d3e53a66a8b0a03598bf8cfa5,7,13775.27860301
0x090b2a77a29c437561d991d7c3b4f3822f8ba635,2,40000.0
0x32cb3d6e0fa25ac79b30687cfa00af681dff87a1,5,4815.685220906172
0x4f11c5690cd7223b3e16aedd48d34b139fbf55ad,2,7000.0
0x13a0a26af1ed4ff2a20d14eb96a653cb47334682,1,500.0
0xb82e5cfb9da7032bad7c2e54353ce0590f00ec6d,13,108230.94
0xd9bad2887fa36d9f3551661b4278e8b17b6a61b0,29,574632.3601841569
0x349b22b575ac19da1ea007e22ce7b1e4089eb5db,2,3300.0
0x9523107f364b09edfe81ed3396733aa3701f3cb8,2,2250.0
0x9ecb0471f3c1bb966a4aa7c1b6d720cb9ae5bdfc,5,750000.0
0x9c447627a5600b617205fd023d38be8a65021e8a,58,65144400.8081128
0x8936b5c23ed1d44d9a5c80a90fb8475f2952c759,7,26000.0
0xd83aef36a005be7073e7ddbfa7bb672433e806c6,9,257994.0
0x95377554fe1cd08e057d680fecc8e0b149210c59,2,25000.0
0xb849f76e586a1314d156620998f389112c950255,3,35250.0
0x3ebc93d8fd9ce1f777276662a8c000bbd9b52502,4,19208.2
0x534db5ee4cc6271f8507233fa8bbfdbdbb3d4496,1,1360.0
0x97fe0116caa7821283c8de0801f54fe14726cbdc,1,3100.0
0xef676c2e6badcae7b9346b7ef00eda8c11b49731,7,2056000.0
0x12eb379efe0f24bcafb992005c41bbdd5faa5d1c,1,1200.0
0x42838c9aa0fdeaa9622c493468310cde00d35d27,1,505.0
0x5fe3e7deb8cb0a320f38d78d7a604f78ff23ce66,2,68106.77227117198
0xc2d67757708b968e307cce0fbfcdaf409f43dad0,8,177600.0
0x1772f7f2c77dd73e840788abc85bc9b8314b5501,5,6885.0
0xfec439347c00aeae491b70fdd30784a707779359,1,35000.0
0x099fe3bcbd5951ac8cf63cdc10fd75a0140792e5,3,2388.0
0x872f06e41aef232cc19fdea826ba8f3b09b767e7,3,24000.0
0x1c23d7089413e5f356307f423d84045d2ea9cff0,1,582.5238
0xd190a2ca276e0bd3c962c2afce65e2753c0c8ea5,1,550.0
0x1efbfbafd4f0ffd64caf6d6ff62d5c53a4046c7e,5,267561.0
0x487803ef4c3ebaf06c17250cb6ce497b7ec3a2e0,9,205513.0
0x773c98b27408ecd0d5033a59152299bfdfd44f85,3,37873.4974408
0x0ee0789d5139540e6441e7fb5da4ce0e60a9abd0,5,59000.0
0x7104a28f6f6e418712dcaf1658c0d6a4cffbbdaa,1,1450.0
0x1b8d8dfc9f8d0addc47af0ac9fe913138f5fbaf2,2,5700.0
0x7d37dd0db406fa96de965ac3e2b5f7371d944362,3,2000.0
0xfd231ed8a38011810b6b22f1c61335e3be2e762e,14,8050.0
0x27e4df23d75aa8259e628db52b5458f04485314d,1,2000.0
0xe21d4b3e0844f2d0143349dd707f42721e3a32dd,5,1260000.0
0x353e83d41ac93c18f4a777574dd534ff17b51ef2,14,34031.687206199334
0x6de131ea717f7f1a6e131b7ca94fb3c0ad222274,1,50000.0
0x3938b82f839fc3cd70ddcc70cbdb180dbd0d907a,2,128888.0
0xf67988de8458d83df90ac867278882613ca09fce,1,3235.0
0xf0831963bc1034252d21be652e9da827175d3b3b,1,1550.0
0xa1d42906035ea10c31350374b87f818502923136,33,291178.2070489
0x4098c54e10e77da9cdc68ff05af76c37c664c94b,17,1027000.0
0xe7f82b30ec68a0bc35cc0a97f3be737717c01462,1,650.0
0x7be1fc273fea5cd1c0b5e7eafccc2bbbbbb98461,4,82132.42
0x9016b7a46b7f10ab1f7d20bee2dd1b47cebf5a49,2,25000.0
0x9c26ffa42c73abbcba740972e238c754f0c9f11a,6,27300.0
0xdb955c67fffc786ad103ae670aaf6e1f619aa085,2,1750.0
0x128394c72a640440582e742fdcf25eb1c57d5d25,3,1750.0
0x7f52b51a5d1305c6fe01c3f90aee58770fa62ee2,1,700.0
0xbca60e4baaee4af6b12777dec52f50196ebffb5a,1,5300.0
0x7e369e3a7e205ce82e6322e8072ce4a84725ad1e,2,80000.0
0xba5ce192574daddcb10aa7c7b069b3a67543ac42,20,445000.0
0xd69aa88c843f5e0f945a334b97503b8b9f039f37,6,1270.0
0x8ebdf97efda6222de431fa4d5c00275fd2746b01,5,5050.0
0x1c0cf4ece9f0434426200770e1314fabb41d6576,9,28223.0
0x821db74be11f8a1ea0eef3c4516e8748942bbd93,6,42000.0
0xcb23ab9875a24488dc8f66af1f0eca92780cead6,12,66126.00871493934
0xa7c08f5d44c85e833cbf2c05aa041d4b92707ef2,2,40000.0
0xb5a713203ae3e1a7ef6da6ca7154fa8706c3a28c,7,15000.0
0xbfa9ebd04b771cbed55c802a672771d3d1510c60,1,3500.0
0x19aa4ffac576136a773c7cd891ecf10420a285d0,3,16000.0
0x5f60f03e75165b64bbc36d165ddba95999243c37,6,235000.0
0x9ee04a0feca181989533391477e97b022a6bbe91,7,235100.0
0x62976fea17639332fbfcb2a3728bed59cbd34ed8,5,33561.835999999996
0xc9ae1f322a7e24261f35a02447fbb901ed39c034,4,22225.57055
0xf364cf4b26d4b026b78e21b46f962b3e9428f939,30,497377.86222999607
0xc04d0dc9af00f2eb4dce5c6c6257ade9b552be7c,1,500.0
0xc0f734b69e845d756f933ddac1e630ba56a066e7,1,6000.0
0x7abefeb38780cf2808ebeb5ed7997d544e60cce7,3,4050.0
0x749ae5e63a985cdac19fbe78369ebc66bd25f69c,1,10000.0
0x2b6a05815b760390fcd98a9a67c71a9455777701,5,19569.84203463076
0x49b03b3d2b5b4aac18c0cf60b965ce989ce87225,3,82424.77619116
0xbc21d9b5a8d017318e2ce581c4dbc31463cbe05e,1,5000.0
0x9dfb7dcba47a49b8eff4f46a838f450bbefe6bde,5,12750.462503359888
0xc46f6b475ca44c8a080b2825c9fda7503fbcd90f,1,1000.0
0x3cc47754919546129fe89d303ec3b31740274794,6,2590000.0
0xe9c58cadb1ecbe5360e3d2dc55a94cd7535bc70e,1,5000.0
0x308982e1805c22ee17b3be467839d37134525fe8,1,520.0
0x3181c7d4be62b7674e92872246cfb9a01f8d0d27,7,390000.0
0xf3d5c6dbf0005257149118c469619040ecd60252,2,10000.0
0x2b15ee391b1d4179b2aebad88201d172f429e92e,7,132000.0
0xe5aaaa94616160736c08c0746df0d283b455d4dc,1,500.0
0xf3aaf95bc88131bd42a9adfb006fccea6c969b36,1,1169.92
0x17ea184c6ae46ea8641beb56d64d358f610bd13f,10,106139.92
0x27fc075ce76a0616c5aa8310365846eb83e532b6,3,4915.0
0x9d5d492430ffce35c86864d83b614da043261482,7,129043.41037168345
0xd0d6b1a49d1014f27b7196b38bfd1245735fa873,1,700.0
0xbf0ef13f7411b5bba96d60035a40ea11c574983c,1,1479.98
0x206ef9cf33f67d581f29a740ca0868adf77b6585,33,10750207.57894805
0xe42cbae5a5d1ec319421a5ff4700e74f36efaf32,3,38000.0
0xfbe796a8ee4f2657cd1024029b68a23300619065,2,51000.0
0xb16740db9691efcb54d99c38bd8c7a192d467e96,1,600.0
0xe224e1f2a5623cde38e124f2f65db975c827b3a9,17,797696.38648249
0x11bb61cc8f437bdedf83563195dafb36ac490665,1,500.0
0xd23bf2cdc68c2d9b3ce8f5104ac9e8399e1a588b,35,638990.0887627999
0x85e1983d3d7ee50c784e3a15b3f87960dd26fba1,2,1183.4796999999999
0x599d81d07856ded83cc2f20e326f7b82b40ee57d,10,18953.42
0x35b3cf94853c49610b8dc48fe28e29c7dd7c11de,1,500.0
0x46fb0864005e75d6880bacf454ed499c9fc58823,2,3000.0
0x7f874b00d9d97c024e1c769901a9e5ff0705df09,2,1020.0
0xf13d49324fdf2d122462a6b10cd3a2d01163d80f,2,700.0
0xf5764270403a7fad339041c7a49524f02696fba5,1,13000.0
0x54d7b4cd44e449da96a9dda98c3a0fcb2c900561,4,4500.0
0xa8dc02e901afd00fffc16c4da3608c5b7d43edbd,10,108380.0
0x19e4b983a7fe8d23c7bf3cdde49282b915608504,2,1000000.0
0xb02e6941c43581a43c967c2c5b56548ad00d7111,1,500.0
0x1d83ea099649472bbbd07686ba1f316c2185c200,2,500000.0
0xb9080d06765d8566b7d1fab88b079c6bcd4695a5,1,5905.0
0x2528dec35df9d0ab5778623e98285bafe4ead23b,4,2980100.0
0xc034eeb7049ab8f2a5321cd4b979ade9776c99f5,5,11182.90713833
0x21e4d044facdbbf4d721f333b72320ae9ed74613,6,27500.0
0x27b7c0748a1c0987f08a94685cc38282b9e51e24,1,6000.0
0x52d1371ff8268c47625a001b95d2a5c1b82fcf6f,1,500.0
0xb980b6585bccd7bf707df22326f962b92c688523,15,118000.0
0x2e02336c438a7bba62ba86c097779a1fcf4b3ea4,2,32500.0
0xe168c1482ce3feb6a21a67402dd1393e5105dcd5,1,10500.0
0x16c9b3b56dc21afffd6f4e738102c9a08299446a,1,3853.7032142
0xc5eb6a56dc82b1009a909965ef1f0eacb2a60006,22,477454.2101536798
0xbc8bb9731c5d8728c1f38d5a71f411ef07a86993,33,1783556.698295202
0xab5e7be3a6faedb17c2bb5c642e98da09131a5b2,5,1322215.0
0x57d5b3905280dd261f295c338c7c8e86dc9c486a,3,17000.0
0x5b120693158dc1bc14e87af9fb73e1b4d55060a9,2,6250.0
0xe0012d8f0e3a6b9a9bfbee968eb0a36b17681e98,1,2000.0
0x7aa6af491247d86dac0f0620147fc4052289b614,5,1577257.691815986
0x1a7c0a4955ba507b181295f7ad8334cb399b8729,1,50000.0
0xc29bafdc9581264bbc9cd11fcf5a4645bf00ebae,2,1100.0
0x0a7d2c5011a393d671c662e1f5902d82bd58ea19,6,65900.0
0x4070fbcc9bcb934589ab52e577aa2752a604407a,4,51000.0
0x9df26a80fb7fa9c09be4e2ddcce9cce58fc48656,3,4000.0
0x2e0a8e056f689595421559dd5c56f1c00580db11,3,75000.0
0x29ecc6299db68192d23d011e46a88ee5d65e9978,8,3381.0
0xd556ce941168836d6fce0118dae3d35989ff20c2,49,71300.0
0x96d666bcc90c477f833aadb65a58ee70ddcb696f,1,500.0
0xb3183ca2e421bbcb4a1c2728e04b7fd65ae16d8d,3,13000.0
0x7db67c770a18d207060f7540d86699871a3c1d90,5,885000.0
0x82263c5fa678bd1e63ed9a994986bab98bf25099,1,5000.0
0x6d7ae96d404194c855772d7b96cf8b89500a7e68,16,155900.0
0xd0995b0b897c37b0d68cc332497a71505512d21d,3,105000.0
0x9be1caa5bc3be8c592a3efcf5d5f97cc92f6e3fc,5,881691.31227459
0xe6be037ec4b47c46355230f377823987704e00d7,10,246813.49373473
0xba9998a2dea00d4aeb011b655a73d25004c2c947,1,11009.9
0x3a5265bdf837d220e2d57cfcade95c36ddec3ca6,2,25500.0
0x5d29a5897422e40f70570295206f75306def741b,1,18000.0
0xd282a4ae619cffc425a055eec91561556b368c2a,2,26000.0
0x7ce97c3c61d3562694678e06116d48a7426563e8,2,42000.0
0xb496cffbe0ece2f0c389e1dadb2fa41f1582ab9a,2,25500.0
0x650e2287a8ca493afe6642255559647bbe066dbf,4,2000.0
0x851a79e6d767d6f7560c50691f1d444cabce7486,3,10301.93819093
0x5ddd3af3d9aa5f5186e55764a49310dd3958c99c,37,10897000.0
0x34ecae03e8ab9ba76db5226c59bbb2dde92d59a8,4,230400.0
0xb636afab65b45c1613b0aef488bb74b80907076e,7,1465000.0
0xc27edba7d90c477a861066136de561f9b67f55b1,2,6500.0
0x891c6359584b076212c6d0422fccf4c67b611c12,2,1025.0
0x00088a355afe19626232515d77ca174af08a7d48,3,12290.278588000001
0x52d1c1d8d7c48ae4843a13e497e17aa5e0248493,1,60000.0
0xe0228a0a182c2284eef9c5e33da401ea63abe30f,4,1150.0
0x6e599ad52c7c6a5811f01e6dd4f0d875b927896c,10,178500.0
0xd76343bd8161ee8bbcf76bcbb7c56e77d087d077,4,71132.46667103695
0x069401add41d00f030a82c9cfbb9aa9891aa5991,7,16000.0
0x23b4dc393f6373ea4a1b35bcc3483aa3542293e5,2,18033.57412
0xa8b53f8b45c94cf081381f4b8c22ae01ba0b99ab,3,31300.0
0x372c4237adba41e190c92908a16f8a1390342a16,18,898432.0395942034
0xbfb7936f7ab47e85ef5679326876e0a64d54b67d,1,2200.0
0x65b3dd0e8adeeaf638fefd15636709bed399951b,10,52029.638069295004
0x651674aa0e52a5bae88f392a15c84e08c32038d4,4,5600.0
0x65aca16c55ae0ac23736fea3cfacbb74f23829cc,9,161100.0
0x4d2e49b4d3db2ef22d2bd17658c6cf96f1473f81,1,1000.0
0xa673c613a4a50f9c1fd6a376b8eb15fc35d8b951,1,4000.0
0x1c1d429a4223864946737d7224f6a1380860c6f8,4,3600.0
0xbfbb776b157beec90b2593879b03fdf9bc910222,2,395000.0
0x40fc4f07a3d3408aa2bd8dda9e482e7d790805b8,2,50072.368
0xda0c4780a6b294a97a603fa474eef6351f6c0bc4,1,3900.0
0xd937ec9fe7f63a8cbacc5b82e52ba9aa1bf94b62,19,7800180.0
0xd66718b8b0005eea7c0ff1f0dfbe15b2fcd749a6,4,807948.745
0x24d3bd7db009dc9ca82796177b45e0cd49af4b70,1,190000.0
0xa6cc5b6390895725842c9803de5d928bcca89fe6,1,900.0
0x19e8bf7c53ed94ae625082ef5c9e1a2f52ddadc7,17,57152.97603236079
0x43e057433d4dae4b3195c05ad7d86e5c295a8c36,8,118040000.0
0x7173a9d3a53f8990d731acdc8880e19952c7c58c,1,500.0
0x3baf8cf4feb3aeca913fc05187f0c25d69bf039d,1,125000.0
0x90c9967fa90d92ee90ff920e9d45b78f02cebbd3,10,73500.0
0x0839ef5737b98f8b40724d19604f08e3a2f01f74,36,1067491.2500793112
0x560792b445ef00f2a35c24811776f530389be72b,1,500.0
0x5b86e574a6343fab49560da7f06aa92718991f04,5,12900.0
0x495665a74682b8f03892f07e90da6a5f389b6d3d,12,117683.0
0x438bfcb915e954e7c779985ec467469ccd4032d4,2,150000.0
0xcf11c31736ea315c257a44fd05cea0e64aaf729d,5,89000.11337213889
0x76e0b8b1d67e2957dc7314b47950dff904ce04f3,66,845941.5029816728
0x8e6f7b39770ab228e28afc6d294b3c54ea9239d2,1,3000.0
0xe88c0c49f64795cc1e7d71340ae8a4d2373a5baf,3,70265.94574004183
0x039f93a9f0ad12dfb65659553cbbac42a2ef434f,94,1326611.2651091649
0x52839f406fa0332671ddacf7c197c39591ad7fa5,2,14009.0
0x56e0c4f40677e1336bc8466d6fdd709402ada9d0,1,500.0
0x3ca3a25382b8737a5af8530f72f4df223911522f,2,6200.0
0x5232e5a1ead42c6e50725ab2529ed67d3b0dd7bb,1,574.68468
0x1b71afa48fdd4877bf4472b8fb72cac29d16eff8,45,629210.5978293185
0x70f0b8d77a2eb378b48ac4a4568da5b8d701bc77,24,121766.0
0x7a134c37f91fa2dfc6ea852d63e654d822e7bfd0,1,8200.0
0xbd066b70927393d0855c56d26975fddf14cec2b8,1,8750.0
0x9d8628a3996cd885663827782bd43dad40a22295,1,750.0
0x30307e92ac0fefcab290b36572ea0039e01271a3,3,12658.0
0x71c85576682d713940f5c963d1b179afb9e6c0b9,2,16250.0
0x61fc37b66870b586ec740b7fd97feb447b57f59b,1,5750.0
0x76f60e24b454a9212c36f9b90f01c301fe3d68a6,1,3000.0
0xdfb15265ced9803a6cbe824c87ec7dacd545f358,4,18000.0
0x74d8d90cb9518a6c265c63808bfb32f99bbcddcd,4,224500.0
0x327b299ac877f80b7e97e74850bd7d2725f2cd1a,47,926190.17908686
0xd72e609291d0273777581a685f1886331c65f0b0,2,4500.0
0x616b4120ff81d9d141dcf3a2a9c5e64056e8dc5c,8,239000.0
0xfb40500c603f56c4a76efd391dcd8a33e2e432ee,31,4980290.617262397
0x8c40ec794f13cb5ab5991b3444cd3d74120717c0,11,880066.7050000001
0x47a7ebd438faf788a97ec45fb259fda822f8d4ac,2,15000.0
0x317091577df7c0062bb79721c79a7e929a8ffefe,5,6000.0
0x312f3d1f155a600bc1c565de1dd2e1fd905ac841,1,7000.0
0x9c6b90292429f305c9ebbaebde43c77ce59abbfc,2,100000.0
0xb37b86b763eddf7bc656094e5a25959c5b048c22,2,800.0
0xa8f8408cdc3bdf5f44f8a8fe48b539b6d5839e9b,1,16000.0
0x084d285d76f81f35fc2544a537cedae2b9a14cfa,2,8200.0
0x8144be80c8a21e52b4045f2adc077ea2cf576223,11,44223.79395052
0x98e13fc10fb352e2379fba16d44541b0a8a282ed,27,382269.52685361856
0xf998fa14830f7a30edd99defe140547c60956644,1,4100.0
0x002ec77ac41c6fd965f519f364c45674c8f985e0,10,96500.0
0xafc29378a911d9b13721870268b54c7e17988198,1,20000.0
0x78ffc7c5e7e02375750907d2daed6a8aaab7ac35,2,11900.0
0x80a79df423ee1661f3e70825c44236c69204f436,1,6500.0
0x0a752447ba0965b1e84229009ee6fe72eb7bce54,5,17697.936454176062
0x2656b0bf9b8dddb98e82efe43856bb5d2581385c,21,499850.0370286777
0x47eff10e5a0790d5ec2fdfd6c06f1b5e142ceeb1,2,215000.0
0xbaf94de0c78cadad864d29127242c72e45615fd0,2,2000.0
0xf595f9a8d3b0706e381f1a2a1d790fdb13aad055,4,575800.0
0x33ff1d4f6d7314af99ee9d9f11d87f144b12ad5e,6,1900.0
0x9c52cfe8cf2374d7a9369f9ffc8b6155bef18ec8,5,165009.0
0x0523f7948e6b5298f8ddea2cd3343e810385fb44,2,40000.0
0x81c28467a60b77edafaca0c3ddb80abae33628bf,47,3392144.290115435
0x06732f084eedd14498f51ec13c6c28ff37c0a45d,1,797.5646262304953
0x81a1ddd78d597aef02b3eb37ff6506c947986969,4,70500.0
0xee9fec8b84474112e3d34c7a05718e4ec0a5a581,30,586906.2667673466
0x84b0d7044005569d31c95a6e0985baface007352,1,500.0
0x97334dd6e61cc629a5e98e9fda7552bab761a1be,1,20000.0
0x48af653366084749f571603c28247f72dbcae2e2,14,496067.5
0x17c09fb10fecc9b72da165f18ebe64a8a01b0a9f,4,80000.0
0xef89430ced56cb38216600cced8b7a29f373bbf3,32,50900.0
0xb08505f539e775d6218aa918d1196062ec6496b0,162,4065750.401609458
0x4cc1dce2938fa41a72729f07fbd10e66a50e9d01,2,10000000.0
0xd8329c2d9cf483db335512a59e91bb4de31afdad,7,17881.832615571475
0x31b78ce63025a567bfd4a49905c209ff675ff010,45,4089000.0
0x6b21e62733cf87c7a74d292c54b39e9160a13177,3,155000.0
0x72e36c27b2f936479b55186342f9bcbed7820006,5,1350000.0
0xe3ec5a8429f84d7071f2e7451d78a34d1fc7267d,1,28000.0
0xe9985fb46b66b37529b89450ef932ef7fd1fc05c,1,4534.0
0xa186cedfc29d1ce50402b5028724df8ac8bbc1bd,1,16000.0
0x3e91b0058debf5d114745316000e50a2b69c15ac,1,9000.0
0x883006e3f77cfa9c3317a8e280131bc3e5a2fdc0,1,1906.0
0xe1549066bbe8488d897c110bd9a4ce0de94a0076,1,500.0
0xdaa848d76684012ee07d4aee6991213a2b0d7531,11,71500.0
0x13d9e9c1b7a93734d4684f3ca76da5538cd18636,3,120000.0
0x1f3cb8081ea7dbb620ca353b7a1366953d66ccfe,2,7500.0
0x02ebb712381bd33740ae5f38fa481caa0dffda2d,20,2010206.497468288
0x2bfa22a02dd5c5661821473c6fc1edafe35f69ed,7,36500000.0
0xa037b80ffbaec7519eba96294e686ed17beb0634,8,39053.67776487178
0x06f9d1213d845cb120b2a7663f4538a143edf7d3,2,141000.0
0x4415dbec4dae2176e0c6bb18db0c11ee3eeb8af5,1,936.0
0xbafa20f9a0e38361f42707915dc606ff806bb8ba,1,534.0
0xf5865c8806a1934a705854bf656deb89e7941e1f,2,15000.0
0x63a7b75f66273be7d743799715566371852bf290,2,241000.0
0xb23aab46014805ce81f78930ef54782b65f0aecc,13,260000.0
0xa49820e29282590803ea7648baf469ca20632510,51,3150105.923530196
0x04253c6876da6c0776679ce267a22214b1191624,2,28000.0
0x84805919aad900f6a37f8f0bd7d711e743db6e1a,13,954000.0
0x48b0aac6e87f208e5bbd6d8cd6fb0fc5fdf51892,3,3200.0
0x1034ad4d68e3c70e446da9d6882ad4f35c74bd13,4,454000.0
0x24ade003f4dd091d08e04bba4653dc572bcf0434,2,10000.0
0xa17c450696a53f7b367f79ca4fa93a31a443f1d5,3,6501.35
0x8d8c73946f3a2168749cad7fcf1714f352b48247,5,3998.0
0xf21a8a4d68402380b2ba3138c8b7ab671acf3209,49,4255619.193166405
0x10a2d38372e6bc92c46e20b5de044f85cd67e6d2,8,448307.8036333333
0x4f25081b0f565b7da3addd7e9371c9ff186d9ba8,14,34465.0
0xd5e4aafe7e1671dd975638dced43f53a6ad9479b,17,1530000.0
0xd13628038679b70dd8e750080abffc5a0033c31b,4,68000.0
0x2be7ef118fa2688e666b26eded7463a6ded21a75,6,1250000.0
0x1a7e33abeda2eae0716b37bd140568ae8f872e2c,20,1779200.0
0x61eda9a82e5f53c9a90344c60ffca997b58584c4,6,23892.0
0x3714536f010b12b128873d9a760d15914ed20855,3,168000.0
0x96052f4b7bda21cb1650dc59ae70a3ac28a01fb7,6,544816.73656139
0x7b1f6891799189c7197aeea6e20390ddda77d0a3,4,18500.0
0x0c4cee839f49cc4ed5f6b6db95e7812199c7c845,1,777.98
0x5efae3939d39e9cbecd502efaf07525c8ec1a413,2,1000.0
0xe5778388e852d4f8b8f0477fc3b61243ef72799a,2,1200.0
0x5d70bd267ecf13b82108ffdb30e371bbd2cdee4f,3,4000.0
0x918898d67772c9cd3587864080f2b1d254558ffc,1,2800.0
0x89f9f70143896283126d500e7c2b7e3c27c221ec,5,9626.552604004088
0x6c685c4959db9ea921f93dbeafe463dc288f2334,1,166800.0
0xdaafae93c0e2a0226043e88a70acf5be9b671124,2,2200.0
0x9342b71f32ee7c99355ccb0b1612adb952ed0c22,1,750.0
0x6e6288422630730fb89dede55d6b71ec82e1b696,1,700.0
0xab47d62ac69d527d945335cd4c432db08faafa42,1,800.0
0x5f7e831c8ae6c52be04bfdde0104a1933bd207da,3,80000.0
0x3f90a6e862790739b2e5448751a2368ef1be522b,29,14724000.0
0xc02d95c1ea71ff04edbf88a2f07f1671db829575,1,3000.0
0xc4ecc17f117a9c273e927d6982ece6bc19708886,3,255000.0
0x0ec8714d721bbff7f0607a7a0910afb4b1bc7484,26,127877.0
0x46a9890b77dc655a8f49570051ac17b23ef08f74,3,175000.0
0x15b2abcd0d0f949054363fb893a2b6a37f695465,2,13000.0
0xd2b15d52f4d598c002507ef2add9f5dc2b0cbf9e,30,48429.04298056414
0xfefeb884af6ec7ad36c2fff780baef7966e20a30,2,100000.0
0x5df36d16e23fef5ca5dda9017e06eb3f084efadb,5,25436.59402791
0x1cda4055ab37b50ef87a5ea731509b10ab201593,54,10618746.125436263
0x69da2f74720427dbbe2f507e1cadac3026855433,5,7627.0
0xfa56c9af5c3651dc229c7a286de79aa689eb503f,1,550.0
0x92ee33f5e415b8faa747f4ed2214e27f04a0cdcc,2,12883.0
0xe285bae0ca5139104a7948fa81dea5a5fb5d47d2,12,54000.0
0xb0e4890adb4bb134c4a2817fb2d83f74d0805453,5,15000.0
0x883854e82d9a033f71927b9c4998d8b7e8af9ade,9,442000.0
0xe27a02d4ac034c1394ddfd9d1ef1bf75fe40f648,54,543098.8601342137
0x870f18dd7444923c06a64c2b5aa1b268a1abfa30,4,8132.98309944
0xea67f2bb456ceb528d7ec38904ac37fa01f5ee8a,1,500.0
0x6c8e1e681f814a71d9dfad83e4b1ee2fa0a1bc69,1,10000.0
0xb281dfe1b23be00add4ecda52a270a602c1b6bfd,15,265236.0
0x879c59227cd52b41286c03779c0f2c1279335453,5,49517.86
0x3cb23d346c534eaa163542105fcefaf87771eaad,8,112395.62911677
0x86dc495c636a901c3e3ac939496c1de2c6d8b374,3,43700.0
0x9e7356eba3599afcca97feec19334ce7ee3d68e4,5,350845.103492
0xd6f7474a0e3522e0a6bc1ebe29a0379b6778e2e4,4,1596.0
0xa45d9c45b2dadfbed2a5b3a63afe77659d3471b2,1,50000.0
0xda40974b010a6958efc5bf453ccee215492a6b6b,1,500.0
0xf40a6295e448f7970659bf00054ba43360475f68,5,44914.23368687368
0x6f481899f60c41d22805379fa3ef38431d5b3512,5,45916.42965433656
0xfde7eddd16797f68e221f481ec29907983aa83c5,1,1300.0
0xb20e4676607cba48c8c7f363f8e5363182da5d60,5,36773.74966064397
0x24adfe75bb918a79b05f98ad85f512eab1993947,4,41750.0
0xc4a9e943e7a619a6a02c58ceafc5e7440c0fb07d,3,770.0
0x65c8c65a9995f825b46cb8192cfdd53caad9e13c,1,32000.0
0xe83d8c777bb5675a0664f5f713dcca97b95d4388,1,19000.0
0x8cdfce87baa9a1fb2903ef91a02ad0f08dc7fd03,6,83000.0
0xc999522ed54fef20896aabf2becc13f792708342,1,40000.0
0xb1994f9150cbd8eb770ba9540bba9c4405c06e65,1,2500.0
0xac2353b8beb849482ce8724e312eac6a84487a7c,3,43000.0
0x32cacd83263628e8ef8e32300efcb11991f70fee,2,6700.0
0xfb8ca5266faf6ac55289d7bf2e8b8f15a035aaea,3,16000.0
0xef5d641124ebb310d0b48cc34728c03d7ceec99d,3,41000.0
0x7a4e1b224357b0ddb1a1fda36018d45840b5f004,13,48286.01133970465
0x864dbcd5ebf4d65bb9a31f6885fb9fde9bbab8f3,1,500.0
0x28ab872e24975e0af0b45ce6aee39bd1a3952ef4,7,75500.0
0x8e018b92e0efeb48cc86d67a91f4bb7317de7bfa,16,45228.3
0x22c1c99e703e8cfae18ed2f0fe85cc478f6f0bf4,5,105100.0
0xdbf45f83c3c4ac09abe199fcd998c226f30afcb8,1,13500.0
0x5f227258916d20d2e1ad7c6616ab7f7ac0726fc4,18,74111.56013382
0xa868eb89909b78cac2d9590d0d3b7f343aa69871,1,500.0
0xd3d39a39dcc66ba5239b5504ef253873f1dea481,1,50000.0
0x07341c2ecf27c84d8039c762d80afe6d72123336,1,500.0
0x7664b2f2f39962e99e681cbf3531eb8b2281d0f3,1,100000.0
0x67f65bc8219d707a2d0d1ac86ce5f5e6b672d810,1,2000.0
0xac155d09ef7d3320aa64e0a0215ee9c6ce5ff121,59,772705.0
0x401a2d95297d096f63395a5f20494507de142177,1,10000.0
0x60d3bc7f39ac100bb9ce43d4c46fc10c424aea89,6,4150.0
0xed37498cf96826e7b1b7ea0affb73d095fbc8f41,1,550.0
0x574918523e0b187826969215088373d3437430a7,1,3193.07
0xe491ddad7d2441db748d9899495beb336ddfeae0,4,109869.16455
0xd8a495ed10e61080fecefe495efd8864ceb3d5fc,9,440000.0
0x69749db93153d6636166a3da57e07f652b0662ba,4,85600.0
0x5bc659f9fe33326c88b44ac8bbfcc78e1dd705f0,1,5000.0
0x638719523873957f8e38687ce037ff484f8b1685,2,15051.92
0xf8dbad315f285ecf113ccbebf8341d3bd86b20be,4,63867.32661798
0xca0e33c6f82b2250ec6788414e9563253c338ba0,5,89500.0
0xce524a22fa030412334b1d01727e57096c9b6354,1,8000.0
0x689d673469bc80329c8808fb4502aeb57f41f78a,2,9000.0
0x1ce9d506f5bdff7a5a47a5ed853ffd56879fb095,1,4000.0
0x1e27534a124e02d1bb65d8661832a977673a1672,2,9500.0
0x6d0b8e0fefb02a439d51e0114f37cf166f66d7ce,11,106850.39967508
0x5d9c0fed41614c1cd97dd63f9cc2041c50a3330c,2,16010.0
0xa2a58e53387e7721584d7dbb5dcbb94d8996929a,4,84500.0
0xa40204b9c3a29a13997048960b81f2da06336430,5,260200.0
0x230089eac9485f983348b7a705bdc0146890a0c8,8,142038.4
0x9b1e31f18b2e476c97a5b34a40d450af5b983168,2,14061.59943851
0x0b7064e75b2781ba6369c15c599d621c62e74866,2,14000.0
0x11a30d76e51c219adf15e59005e4fa78904ebf3b,3,950.0
0x94e799ac3e4cec290c2a2b0fed87fa9a41223519,1,1340.112
0x92711780e082f3733a28d9dcc80724d0e95b537e,7,92700.0
0x73fad1e8a0fb0f9b7aadabf1d718de79b3718049,1,1200.0
0x29deb03f95b2c8fbf6c081dd0a4206690ea91495,34,614109.476819368
0x192b611865d175c5686f9f839b49b68f86f94905,3,12500.0
0xb04a5dbda7119414fe56ede6bfe6fe0c247bc76f,8,55700.0
0xae3a6b7aab44dcefcdc2266a61e85afeef5c1133,2,10500.0
0x0d0a03de9d3a93b64a807d9d0f14b6dbc43f61bc,15,1315000.0
0x90eb06318b92f68f72dbe39f472176d9b566e5c2,1,500.0
0x2d939f0982b582dcece500625409adf3f0e3f0e8,4,7500.0
0x6f4d99fe14360dbde0e6be506f665b81133fd476,4,42000.0
0xcb826a8e566e0f0d53478e72be36f8773a98ffd9,7,52067.744597981924
0x0622a25a64ce975cb46acf4769139ccd52f1dde0,9,52600.172720970004
0xcbb0aed9c844dae86dfb31f15211c3c531ba643a,2,11800.0
0x92afa2f8c58474435ffeeb91d208b37c5582e16d,4,574.2
0xc36efa04631aba4dbfe40c908c3704371b18bb78,1,500.45
0xa08feda126edc3c05a430b5d2f042fa485308380,2,5500.0
0x1e88c3a5461e89fe0438324f30f2801d2160d3f0,2,32000.0
0xf3c9a05b02da274910bfda4f1f575d8bba583ef1,5,35050.0
0x74ab8e4569b2740f3b3622f5da60844e949308e8,1,500.0
0xc4aa2cc5d220ea6ecc9e5a891c6ad0f9718e4de0,1,16300.0
0xb9a3307d8bdd017759ea3d41bc616305f300f11f,1,700.0
0x0032098e1c4d09565049031d5340e13f74276325,3,75000.0
0xe3ec14926e1c1428e206ebd93109b0c0014b81a8,3,7950.0
0x9852ba46cd1270fa5bb427bf5bfe2a5430bdd28c,4,34000.0
0x736154a22d672e1255fb5e25cf9a6309c5280e7f,3,80000.0
0x1e0fc2e014627b387a53109c46244e59132d0d46,1,10000.0
0x9b2c009e4041f6106a0828c251fc1e07c01edae8,1,1000.0
0x5bc9dba1484bc8eaf7bff8ea2716cc8cf1d1e40d,3,4107.157562
0x098cc564a26c64c23d6a2386de5e1ad7db45f833,1,1000.0
0x47b559b2b63ae00c00b3a6a15186ada3c2ada822,3,32000.0
0xe5e2d9627d9853fbe7a09973ea4be61c4f6f42bd,7,19990.830077613366
0x51864c8b1bcec37f5d349b999f8433476c85d3ed,3,26000.0
0x747913b4eca82d21ef1a1f2935b99a42a1f3b447,3,4450.0
0x2793ecd85b77309ce71645d30a24a72e86054479,1,4016.4256
0x280a31f0f9994d8cd441a24547670dd78ad153f9,8,116050.01180077
0x0b9a7d38218f1be08224e786133c5ebd01045eb2,1,21000.0
0x7e02d3c94b14c7461195d93ea729666133cb0895,22,328400.0
0x7a458de97b476b23491274daa9f0561d5cef0987,1,550.0
0xcacc0bb2ff242518e9e85cbb33c9151eef331f64,4,34648.90855396894
0xf06ccfd1e95ead358927ae220e0f4e916bc72c48,7,324661.59331726003
0x1a195e3f461122188e64dbd9bd6da62b271a64e2,1,500.0
0xaaaf67bd48e48b3047c52aab35b067ad2eb211bb,3,10000.0
0x3d94b075f7cb31202b439f359178ad61e19d12cd,90,1262411.596947455
0xf88560a9c1da73cf3335e9f513cd93f36aab33c8,19,272876.3081547789
0xb046aa2273fc19dbbbca88fea37414bf356226eb,1,20578.48
0x4df2aeda66b2c361e7b2516181356af0ab53c5cc,1,600.0
0x2e136bb938bf8758c66d1261cde11a7916894f2b,1,525.0
0xba651fc030490ade76fee40fe54ea3f4c9e25630,1,3000.0
0x3f4133cdad0bc3b3743e7c9c61cb4f7149626bf2,58,22189862.159206487
0x2140086fb388f3adcf41b8fb06a89bd9fdd7e0c4,13,19631.44963080044
0x20b933894d3cac4f704e18fedee873f8453fda04,1,2000.0
0xaf5e51737377a98b6dfb8a5ccf32038277514f2b,7,221439.88592118002
0x66c94eb0a16a9a0ed0398a5fec335b563260fb05,1,2000.0
0x13e1ad02dc917052776d8a7f68e796bb0819cec9,3,8653.0
0x7d159a6b33d291fec26612474ce59761d819c00a,4,63000.0
0xfb6710eb453a85a3b0cdd2357d4a512e61e50547,13,259857.3590736805
0x9bf4cd37d81b41f2a22afd68e8e17733329656ce,1,500.0
0xf9487c23b2742de4c178b2d7e0d02d7c1ae2d0cf,1,500.0
0xfa4413bff8e1b1a2134f06d5bd3914dafa63e7e2,1,500.0
0x42ed1157d9e76a5e3b8c1b76f483a5db70455405,1,500.0
0xb85f437b68ac64f821e70991c06091186a7aea31,1,500.0
0x0c912f731aec45c8490b6e88684c87ca259df19c,2,9000.0
0x7eac5ac381c58cdfd68ce548cf21a2fe38fcdb8b,33,585650.0
0xda9303e4cc10f45aaed661bec2b6e3e49234cc83,1,2260.0
0x3d38f669330e696b5736b701481e01a1fda16169,9,82000.0
0xb9bb1daf982f8deff78bc2da32b294ba4815c3f0,8,85000.0
0x5e985c7c6eb856637a803d378732189798d3cf28,19,68868.2832598005
0x1860c98353a8f5a62946245efee481c44c17809f,1,500.0
0x20118280be168ffb92de5de9169352f6f5b75666,2,10500.0
0xe2335315f70b768e841dd04e80ac0a03cbc59e77,5,31544.519312
0x6eca9109508f75844b964f6dec64b5c71f4e10cd,13,116635.0
0x450c6b260d61de3bb4a995642801e423a460cb04,3,5200.852175666836
0x29c9071ad6da7044c915b512250cb488457bdda1,4,20000.0
0xe987d9828142b34683401a73bf55fa4fff6ebce5,3,15500.0
0x0f1af91c7d539be29dc6c56db81c283cadf8e8c0,3,17000.0
0xa1ad2981aab63f41015b470d5a000f0efa29c284,5,2922.802213044811
0x6e14cfb23a2c4d7a6f4b61553951e07ebe92a199,1,500.0
0x55913b5dcf31ca2b0c41ea854a0807385871f73a,3,40000.0
0xcaf9504d7618fa71cdfdf176071f456aee11f966,2,12500.0
0xda02abf2e11c4ae719dbeadd6da79cd0cce2d516,99,3686573.7343533323
0x336caebca4dd3425486864e27571a139b043e1bb,2,80000.0
0x8d80c9dc72a87d68d247a7b31f11dd3653843b7d,1,780.0
0xd92a5cb1833ee517d4517f37e78ac4e8cb625b44,1,600.0
0x038890a4fa298a3939e1cab0d0b6bd6009034de2,5,8032.3450728
0x84cb03fabf0719429b7f4e44f66fb696a6684f39,7,71800.0
0x8a22aeab13d382ea593c5540c551e8569c783ef8,5,22500.0
0x5e491855b6a18b186f201f27c6a1bfd9b90077aa,30,2257454.371671294
0xe62b56c2fb3dad135eeabdb3706c7175f81c856e,3,60500.0
0x252b750c01ddb076ab3d5d78d6d65ae26f17e219,1,39000.0
0x606e3a91a59094d6d3aef5265977fdc1c26fc5d8,2,8500.0
0x5acf5e53e425950965e75c20ff0bec02b83299c6,1,700.0
0xd3812d68aa075b7937e99f3707227cee84c18d2f,6,35932.336587958336
0xb7d278e682bb5ea0f914770455953cdbb74364cd,1,1401.26
0x68141150c9df1d3fa77597deb2afa1fb39899973,1,20000.0
0x688589785fa0935b0cc0bfa25560f741b41fa91f,1,5611.261594399999
0x70ffc02b8f2e742c7f64d74d1db0ff6db5d93560,8,132900.0
0xf1771849ce789c9e13fd2a11a2107032d64286d7,35,1358090.3667368079
0x069168a8924a1971bf919ce026ee2668a46afcdc,1,1900.0
0x5b6282ef3407bf1ad2bd8299e40f1aeb06601014,1,3700.0
0x0957b32631d96397255854b981823a302316ca7d,1,3900.0
0x86cd7e7549241a7862ff979d89d772fd04a1b8b0,1,619000.0
0x6f21a5a727c826cbfa0cba58dbeccff86b9a952a,3,21000.0
0xf9fb317baa2daf225c4ffcd5fca777b57c5d63b9,1,130000.0
0x91cfe5279f56952f019432377477fb44e5b84ea8,1,350000.0
0x4acd630675119ec37f20946f661ac511cb20bfb3,32,28730003.0
0xe7ea5098d2a2e7a2eba6317b1cbd4e3ce3582297,2,64000.0
0x2d475349c701119542d94de0dd98cbca0bb441cb,2,8500.0
0xdd6a1fc3f98fe12b919c32d593fcc9dd8e507238,22,420563.22
0x1e5623c69a6650d105d349ad00ddc97d05f3eebc,2,5000.0
0x2b958d2c570b3b33b1ab4b3e95097f7358a08aa5,1,30000.0
0x7680de3ef78501dbe7fd3bdefcafdd5b866c617f,1,2692.0
0x7567b98c88db24b770f4b56aa39f3a0d261b5861,4,32500.0
0xff64ea95ba88e60536da7e1499fb961b9748efc6,4,58000.0
0xc743e0bd520b7ac7a1f80d4c8dbc031046df0cf4,8,95000.0
0xcd6d1ddbe7f26f455e91a7123aa66763312cd529,1,4000.0
0xb0091072e8a18c936885a2ee2726ebe73acafff2,1,36000.0
0x5c697361322b31ed5691f0b727f526d682993a68,1,21000.0
0x089c9d8a0f65a2bc57d490b286b85864150898e5,2,13250.0
0xe43ea91f52bb07dc87aec346d72f806db40fc19d,1,15000.0
0xfadeeb451a39ba3628b8c89350c2946567255a0d,1,10000.0
0x777b345b1f15b8187dfb0b9d012f537ebb3f946f,1,750675.0
0x7b92964eded7a33a0975843a76355393a441666c,4,140000.0
0xb77b9059f76263a19ba8574b860becee132d81e0,3,56000.0
0x8df68f3bfdb858630ad9d7d4b5ee380c02288827,1,1200.0
0x2b491255285ce6ead0d8aa8c686f06e17186cc82,1,605.0772
0x53eb713146f7065fa07768d5f2f3c60fef44f225,11,49650.0
0xe1bf0ca35b72c9a565935c60070b3cad088fd654,23,276218.7864006163
0x6d5a3d1a16bec5644a31fa72eebdbe6a19cde90a,72,5655540.909083982
0x8db8b6cd65fc46d1a439dfacb5ea37b1fe40f566,1,1900.0
0x784b39bf9389bcaa6cf63a082acd4fef6c9eb224,6,24300.0
0xe4ce5630a315225c38ed45e4f670ea7904b8f940,2,700.0
0x172ab38f47efdf8877909a49fde487ee66f6d289,1,1600.0
0x61414380247e1bba2aadedbe05d843257610b0b6,7,26004.045264969194
0x7cef37c1151fe61d257518df9d908c2532825d91,1,1802.1244536
0xc717353dc96dc8e9da6cf03fb76808666dea0bb3,4,17000.0
0x29770522fbde30310f41737538cad9727500cf92,19,211041.47024135
0xe00b783167e431a541be31eb9003d3a35bdd6d41,2,8900.0
0xd5235bd3a6ddeeae9b498975b7a57354c208d1ab,2,29300.0
0xeaf62f6fbeb144a807b551db141a0043fc601b7a,2,630.0
0x1121dcb72909a24c96eb9b7c470484382d6c1232,7,66300.0
0xc3c5959325a34121b831c6ea9c39ed3079b8a2ff,2,15000.0
0xa955d67f55139dfc5ade543760c5d2b7d2f39c2e,1,1350.0
0xb02b606fd5fac8ca53981b73e1cf89c1b0826c24,1,105000.0
0x44fe286358c0cc727624870ec5d94b2c02747fd3,1,63000.0
0x4647831da55ca73242420475270e6ca33773cdeb,1,40000.0
0x4280e1ec07f83db890202d4f9db3f412f726d5da,1,22500.0
0x0c40a0078e63c878bf0c1606e17cea249b7b2771,1,14000.0
0x9cde00f3b8c22243e19e6a48bda02d0f6faa6302,1,7500.0
0x2ad9d1cbc33a2a7f6511faa0dc22fa087e5cf3aa,1,12511.25
0x97118d574a011968c72e7b6fad3c029e12988cdf,11,1960000.0
0xc1b4f1f769315fd8f5b761adc9594b102d79ee9d,1,1000.0
0xcae0b8bb5a715f624bc8af68f2eeca24e12a3400,1,11000.0
0xf22106db4b61a4c7046e705856b07b2b5023049c,86,1105978.0320152212
0x8c3eca08a3c08854d97989eff9027c3845127067,11,36737.782942139245
0xae4cfa67a1bd5a8d773d59cd19d7b7c554d743b4,5,55100.0
0xabd8c7dbfc4bebadbb734209b0c80aafe3621216,5,5645.04
0xe4d723f3fa5e4e240b1e5b29acc4f814ecdd01d9,7,127540.38484250131
0x1b43dcc452710124bd6fa4974deefc401e5363c1,4,13896.764
0x6b4783bc62769bc30368e11bc50825eebf9126a8,3,89000.0
0xc6adcc01113630b9dd7720fb13fbd90262c410ef,2,9000.0
0xa24ca657d9dcfb078399c77f91d1f68a93be3c54,2,12250.0
0x102170918d33983feee3722fa1fa3712a756cdce,1,4000.0
0x5652d11967517cd15792a871d65892b27d00cf20,1,500.0
0x9bd51be3eeccfaf56b54c3c50dfefe9f832bb55a,20,4257000.0
0x0661f6325d88a4a27d6b6a3ea8e4feedeb07d1bd,2,6500.0
0xf68fb55ea6a1d1b6458249337813f5b70f6f8b03,4,213000.0
0x8dc028c0c5c82c321b43698211a4bdde118503d0,8,520049.5
0x99d12ffd607fff3d82af714989088ddd6097f6b8,3,95000.0
0xc9a4ec282c04097c4fff15f081457630ce6016ee,2,4500.0
0x9b0267352a49fdd8f59e53af2c85920f2c0403b8,6,119500.0
0xf8f533563d8852cb661de11a7604c51c83b17d19,5,59200.0
0x20500a272ef338ada65583fcc0edcfe708a0cf05,4,27800.0
0x012dd418e7737f8737924ae9597d1359cf159970,1,9500.0
0xf219450648d58166c57c467f5da6aa787f4e88d0,1,2250.0
0xe961f57ff2b76fef485b0a618b3b0f855b12eca6,2,3850.823758
0x05453edaf08e6fd9878b78d0209f75b9ac211a8f,4,50000.0
0x31a7b9b135dec6b19dcac5667eea305d0e5f467f,1,190000.0
0x151ce3c47fe9dd450d57223f2bca4f0a433e96e5,1,190000.0
0xc2e78d67403cd3f1e03f6a3f0428272b32db1675,5,115000.0
0xbbcc68f32522fd2a35189b79b70a4398645f823b,5,113000.0
0x2c828e58b29c0913a475b26cc81c60889ff92995,1,1400.0
0x38094c11e00e0162e924128c6b91c40aaca69893,18,247226.69940847982
0x04f41c7fc31c15043cd6ddc9d67cbf09d189fb8e,1,985.072
0xc3a340915bb1755582f6c4cd39a16ca37d029f7f,1,988.28
0xb9b7a09c0fdbbf13197dde328f12320b2751c47b,2,5024.068
0x4a381ea80f334af65e41a324f0c18308b7fe5b28,1,4520.52
0x06d111b5dddaf5d88270add6aecbc8555910247f,13,598256.026381173
0xcd80f999729407dd8699f3490647d742a5ed71bc,2,37000.0
0x98e8406ee6d3f992d71a3365aa38eb73310748a5,6,48500.0
0xc81c1eac71f38888922cf0fa853649e4f352f7a7,14,90500.0
0xaa3332410d744181e11a7b5e3ee0df6429d1e740,7,5605.0
0x127bf8718728abc3750fea659a83c97fba917531,3,123500.0
0xd81c176d853bfb778b55a1b0f7652fdbd9e5bb8d,2,38138.21376
0xb61c5e7192dfb77e414e6bd5308203ffe3d82f3a,6,9870.0
0xc8af09ba7235e52a0d7a6aaa89c7e50d63b26775,2,1000.0
0xf49220082c0e7276262d154ebbba71e9a04d47ea,2,65000.0
0x172c3294a59bdf7159cbaca88dc2c8fcd3ce6692,6,137500.0
0x5e008874738ef4f360bb82bc9c9657f46e0d023f,11,685791.45
0x4072bfe8b6b2fc2224109c42da31a3fd19addfda,1,500.0
0x26373fb8cecd2677e3aea70e80246c1d4d599846,2,11500.0
0xac41c183ec72767a43051032b48582fdccc8ef6e,2,9300.0
0xb0f8c61939951423a5cd73006f42b7084ea44384,2,10000.0
0x5984975524a58590face02a9a47486e8ed030d9d,1,500.0
0x78ff11412e473287ea50a0c94525d290249a0f11,27,71043300.0
0xcc5730c90c52fa890095abdecc27b60129357510,3,25500.0
0x66605b27176519f7554d2b256319bbf05e949e09,10,33200.0
0xb7fb127a3f434ed8ad034d4219c6741e4d5d0853,4,81500.0
0x21a0c80a3eda6688c35cf5a90a5258953d53d851,4,14700.0
0x6f7ce21f36127d532a167c2b3496927437661741,3,10464.801146209149
0xf590ff20e0dca949e25511381cef172f786c2d69,2,4500.0
0xcc10712db03f4b6fea62efa8f2e10b4975bf4061,7,64000.0
0x9bf6ad44c1deffd47efdd823ce5df25a170117b7,1,500.0
0x37d71b786d7c941ca55861780946f98129cc9305,31,531500.0
0xb40a65a327733e0cd2a01d9e61bc395a9b5ee058,13,238481.90255877044
0x3fd0449fc823a660faa444ea1aa563de481835e7,499,34936716.90294462
0xe6ae1626052e2476c412c9a4d6f0425755c05766,2,16000.0
0x2d959538df6832ad0f1840dbcd987820aec23534,5,30900.0
0x5934c16f4d5091c03efde404874ff3ff3005667c,2,26000.0
0x1a106d289f255d44729ed7bbe593b6bd501042e4,2,14000.0
0x8c404069dc301ce628c8b48325a1217ed71a5280,1,7000.0
0x5978691385658043502c7f37e1432471a54c386d,5,5138.0
0xafaa8e066aac6a177aec5417a75be054ec77998f,2,2500.0
0x4051674e47f75969155cc7bef8d6748004b0b567,3,2483.0
0x78257c4196516fb23018f2af22b68d4e6bb8e509,11,97352.0
0xa6b6cc379bbb691e3028a864bc0dad7c03009e03,10,556450.65
0x6119746c514644dbc82c285c888fb4da4311150b,1,3400.0
0x159991ff6fa229bd04b3a18fccfc5f2e5335e47d,82,53692435.81646976
0x1cf0e7411f797ee5495ed9f3d30c6dc767a4cbb7,3,42499.99990201925
0x068bfc00f6811677184ffe9c09ed692c19645592,1,500.0
0x3122b226d2958ff4908569662bac198e4128f6af,8,41000.0
0xd65bda7874cfee0794d4c8667612972c48a39afc,3,11499.792
0x1d3cd754014fec63104b893b73f7994f42f4d183,5,15000.0
0x4133d910a030edb9688a664fff902adf528b8740,1,500.0
0xb899d966aec30fe0bd6194c16f762238c2ab510b,6,1430000.0
0x894db728c277d782acb3e5735eacb87d61c3b9a4,1,4000.0
0x697fac03db7a434f4b365727f4ffa891f205c495,1,1700.0
0xecdcfe21e09ba2bd62bd4e5f3394f99fcffa6bdc,1,1000.0
0x4c149819dbf8ede520dd7736801d0290bebddc30,1,4300.0
0x1f63a45471aaf437ab246fbc3d9d676a3c295ae5,2,210000.0
0x8b0df508076ac3b5500049b120cd3ff7700be5ee,1,500.0
0x5dba142cff8a9fd0a168b75cc7e6efb1b7ca6563,1,3000.0
0xee77acf2ab2519846e79a2ee593ace643cba5312,1,11000.0
0x4a0de5e65dbd21d479822645f09a44fef20a2725,1,7000.0
0x7826061fe1e0fc5ab455d94c8d88424f24a38dfa,1,500.0
0x70edacd150f5c0904ca9c8a90069a36503755ef9,5,122001.3382027449
0x540c0ed8a677615ddb4f2ce944423eb609d51994,19,163402.0
0x67e1215ee177ec936ab19341527517cff91c0903,5,120000.0
0x20992d40d7f26a00c6f9cead7001fade718d25d9,2,3300.0
0x9b09673f6a7336cfc88a4ae76934cc08604d7854,1,30827.72
0x6574aad8a2d0fdcabc2566582e5b2461fd00ae24,3,7500.0
0xe1890642cfd0980c524782af819e3c6acf23746a,2,22000.0
0xd6cf8cd15970ed993065d1cd5457ee7f46d934f2,16,511994.9687487151
0xe406d0bc68529e5ad072903d4af2b4857452f4ff,2,5600.0
0x88e4b4fe9a4ff665dcc9087db38ebcd717e83e56,2,3850.0
0xbce5a863c24c7a713db826b337ffc4373a30fd76,44,94448.0
0x882d175bb37f210af6fc4e0bbe5b75230bee1b12,1,1451.988
0x93bf0cd7dafba93fdb6d1b50951fd24e31478274,4,18500.0
0x015cf3221e2a4ad40fb41011b78293009c724d42,2,39269.0
0xbc61e0746bb1cf92684ade13e60108c024013ddc,2,12600.0
0x4d53624b6a96558b984d5b5b00819a4a0b9dda62,1,500.0
0x90bd64b3ef2ae61d098c2a2dcc2e8e4da708f67d,5,6500.0
0xda8004dcbc1412023d5366ef9cfa6deab14e3165,8,107947.88545704
0x77f1ba4e5b2a38a839af4f6ed9a2223d729d3f8f,2,8500.0
0x89a65aa1a9cbe34103fccda0c61545afd5a5dc77,1,500.0
0x811444928baaa09d82e66d468647f73ef94bee11,1,500.0
0x3cde62d8d4731fd262879d8891c77d7de02d91e6,2,1802.6644681572
0x68b245018833a91b5520f68dbc8739fe6fedc7d0,1,3600.0
0x2301af3e91088411929b8bba44f2a18a0d05022b,19,139852.0
0xf479b2d4d8e9caca5e185243ec5878a979f3e5c9,1,500.0
0x1ca7fc46ddf8043d48bb82003eb8fb30ab795bd4,3,5551.429658583894
0x1e9982c8360b8a1c3b7a625248e0df6e3046720f,1,15000.0
0xcc449bd2b26b268a053956705432ab26f8e864e6,7,426400.0
0x313fc0c2fc030a0479cec8a8ceaa57aae22b9843,18,496500.0
0x30e5f7236c2b2b1410af61f79368fe0ceb933a4d,20,152509.90910076763
0xc8b71b2e680dae472cf1fcf352aa80aeb4f7c747,1,3500.0
0xace56fad9ed2579d1cc2f76e9a2dfe34c929ea7f,8,59500.0
0x9b74978474dc53e8197b904df5a8e4f7e08636ec,1,500.0
0xc4f4566781c7c51fd9d0398fa2cbf72ca06a0467,6,2720000.0
0x3e73d10b5cdc03bc1bebf6b6907b30592e5a65e1,2,20000.0
0xe65eb8dd5384bfcbaa8a7c1c304d3c67ddc15c53,1,500.0
0x0c828b1331ff8744bc536315a3162ec6d50acdb2,1,1000.0
0xffffe0824733d8d1305d441c9fd0440dfc829e3e,6,46000.0
0x0c7d3c3399d3ab9add7291059fd595574ecc573f,5,56000.0
0xc74e12bc00dca7c8fb3f008276c5e42b31a0232e,2,14500.0
0xa408ae3c78371b9ec77b1c37293bc4c075435fa5,1,50000.0
0xeb1cd1e8c21682caaceaa9e2a362baf1dfa5e147,3,350000.0
0x911faaee614b82fd898bd1f1f12e798a273f6a20,1,1500.0
0x0c60825e655fde49e416df4ac55c613baa10ad3e,7,11350.0
0xafe515cceeec45f86cf859236c0e1ac3593171c5,1,1000.0
0xe596eaebcf528f52b744b7bc075a1c28a2ec9a3a,2,9500.0
0xae59d05bcfe80b4aa545a2e53fdd09ca0873f1a5,14,444000.0
0x54e06ade308b7ae3c61167b7e5cb0c0c0ae1a11f,26,519265.3186753862
0xb891960f28b98c08051259fd33f6befafb6741c6,1,9845.0
0xfe83240ec6d9e86b7950b437b0ef1cba01643943,1,1000.0
0xa6ba287a9ffdda3bffcc380d80a4c94ba626d4c6,2,20000.0
0xc9b53e6436d3c88bc9d92fd71be50d3c78f0db20,8,139500.0
0x68b42684206a2826bbde9486f4ccb6c08836a13e,2,4000.0
0x8e9a73ac776fb8a0807e299adabffc8ed77f6bda,85,32143566.224654883
0x3809e93f3c14f0dcd247b2ee4bce37d7b17e18ab,1,500.0
0x224a9030a39b6c7ba9bacb90d34b54432d5426fe,1,2499.0
0xd28a212bb0e3ffe7f5939639df210a05fdc69d89,20,1758291.0374719873
0x7d04498fed89599f209ed466a1d4e372eb5840c2,2,5020.9
0x3f74a27f4871bf66545b77e4952010497c166e90,1,2000.0
0xd1f98df36117cf8b59e03a17cc8e9e0928576b91,1,5000.0
0x49013535e1ab4cffbf370b41331a7bdda35a1e57,20,111692.67269680534
0xb86ca4d694dfd94b988b91cc42e9fab2b5e06233,1,500.0
0x072888379dd4648cf768db16506c153a94d83f6c,6,477120.141411
0xd5ff41bd8ee270e30690466418528ab3553b8bed,7,259705.0
0xfc2eda25725fde48c7222a6d2eb6a332e2d51c74,1,20000.0
0x9ec619003a515fd3f06977509fbebb1477aefbc8,118,1551570.6914112538
0xfaeb7c795ecfe8e45fb18cf9193b47ea3dae88bf,1,11500.0
0x301ef24ef4ea725dfaa2e5dcf3202208c1605087,1,11000.0
0x5689b8f52734c217e24b284e6f5cee1f1954c5d5,1,18000.0
0x3c2abd98cb66791a932e9c4773c429270b12e71f,40,1303347.221585649
0xf2f5f10356abc64607b9e4a349911f6ab3dc45ec,3,15000.0
0x8dcee41e9c3c591dbe9837ad3e3d8bd5e3795b55,3,93300.0
0x968a90f266ed7c9421e5577915094e6d33b6c4fa,1,4245.152
0x1e6d83a27e3c9c1d0af98fffa6da7591a19c625a,3,62500.0
0x27198da12818455ce1118a2e30e3b4d5c04dd731,2,2000.0
0xca027f2a3151d8f6c83b3b7aed129b11f7af2bd9,4,35300.0
0xa0d85d0c2714adc311618ab1ccfa112f24332c9b,3,25800.0
0x4843aacd00761794e4bef6193d265133fbe00824,3,15700.0
0x526476f5a62e595e1fdd4a08ae8fdd2a732009e4,1,6000.0
0xf8cbf92948a1941e01fe9c8367aa765ce050af92,2,6500.0
0x7b881af312948ea20fef94ae4aa67f19bed8c043,1,4500.0
0xd9e8d45ecf89a68435f81800251097c3aa41ba3a,1,2594.0
0x0566e090a5d8bab8a1c87f00b06279722222c61b,1,2800.0
0x67c7b34c063ac98bc43f4a448841bb902f5883a1,2,700.0
0x78f6c7a8f42afdae7cb30aa0588be19c56d2e794,1,540.0
0xd97f7b2e11529ae706901c65a21c4f206f50fd27,29,438755.45612294
0x23ca5e0601f1b9ff318435e6b4567eb1aa75cd8a,1,50000.0
0x3520a9a06c300657c834860d4ebd37fb9bba7adf,22,2325000.0
0x2b706f757b59e2d71c8452506cb7d71d0f951db8,55,209315.25901832
0x2bff52fc7f08c87e2270495b60ee9301c419608b,3,18300.0
0x0cc30a7061320ff93fc2bd715522f74935a6c27b,4,121000.0
0xc3476056f45f5a5a87145e16177dbccae9c06272,2,900.0
0x8753ba0ae25b8ebd313049f21d02d95601b63fad,2,20500.0
0x6ce4725002b6f002820c4a127bcb88a0c0df73f3,1,13500.0
0x735ccb1c763d2ed4c6d0a3a85a17d474640d8da9,7,220000.0
0x33a14598cf0d5d60ff91c0adad63d4302ba2c90c,10,8206600.0
0x8720ecd227b81195e12de5666085e664e2d2f74d,1,1401.26
0x538d4d9b85dd66499aa98b0d077405f19ca5e6d5,1,500.0
0x661f81958491a303dad3e838692412a4258c2e9f,1,30000.0
0x9d5872749f56788449d5782dfd6ce1b35001c161,1,12000.0
0xfbe913237513d3c933df22103c6755364cc1da57,5,33600.0
0x1000e1f099b4e021cb32bf07b6373f6c75a7af0c,5,17500.0
0x48aaa31e233e6de0691611ca2f75af7d8d520de5,1,700.0
0x8dc5c86818ef13b2de67da0063969de6586bea10,20,3371657.1419523666
0x0ec6dff30d37f96595274138ebca93732fd8c6b9,9,953500.0
0xb786b1fbc317858c379ead448350079adc06e8b5,1,2500.0
0x5e0b2729de3045f6bd852043f3eea379fd14e9b1,8,83000.0
0x21602f8406ade31d678b8ceaa7247bf7d2db5990,1,10000.0
0x0dc7b064af2fc5d1aa001f17aa2abe90a3996dd4,1,1500.0
0xb5f5fc69f2725437ac786f3a3423b14636633e5c,1,15000.0
0x99b2f94210d6de1672f44013d966bed5482671df,1,3500.0
0x73f60d430e8fad556d5d4e10c65b10f4fa985b8d,3,20000.0
0x0858ea2d0632cfeaf615f036cf6aec738d96b3c6,7,635000.0
0x82fc9b8b5a359d74573f44310824cfe951036e6b,11,44200.0
0xf79f3fc4e5c2dd96209cb803644e198ac37b8009,13,41000.0
0x39fba99a2acee6ca68a0b28bdc20104ff8ed5934,2,49000.0
0x030fff93e62a253ddf7b69e7ee19963a842b3e7c,2,50000.0
0x93dda73d63ff9af53b1874374c048fb485b2c973,3,35000.0
0x981a594ed6c41aa287c707cc6de75e404e87b964,1,7500.0
0x39faa2acca950152326f8edf518931a4cc8c8b99,2,5500.0
0x1f554925544c63fe24208d3a0139fff733e85127,1,170000.0
0x773bdb85cdb05512b0047c22d813a2a83021d17e,11,14453.79576786
0xc942fdeeb0f67b7f622672e5ad26ab8a0a5aa553,10,241584.63804272
0x2202a4039975b191d0942dbdf5ddab553968b726,18,94800.0
0xe2d59891cf4dfc3755ba85dbd47d98d52d5b5201,5,8653.48006329
0x3ecca4119c66c9eaa2b21cfd47a9366aee0861bd,1,500.0
0xf2874e8127fa5b31a6334391ed0fdec6579bfbe7,1,1201.08
0xeb120949ac050eb057156eaed7c39af860bd5c2a,3,16153.67708505176
0x6c449db35866d1c1cb22e42e0e7d23ec5e8ebe7c,1,4550.0
0x2e17cea20383dd0e8885256895ead367cdce31ee,2,12000.0
0xcec56686a3661e2ceb893cfb9ca8b8bf167a03a6,5,10223.98128016
0x05c661961279d0b9801c3432ecff48d090fd8b1d,1,17850.0
0x93bf007d4e94c8c18ac29ebb882f0213bc5cc043,3,2850.585
0xa954f9aa622ce3d90ee1d97d1d41fbb23517fd58,10,285000.0
0xb5c37f5a3f6dabaa30cd9bacc15fd8611778ac5a,1,16000.0
0x7d98181de075648bc8ed97b2b4491a3cba3f444e,1,500.0
0xbbe375a9849d558b6d67132446f5b58c7f302a51,1,500.0
0x465ceea7bb2cd6f5da391cbb8d457c173ca44c1e,7,240000.0
0xce068c90ccd7cdfaf567a94b95569536d72f3a17,1,5000.0
0x46cc972f693bb055717e72751243176cf7e094e6,1,180000.0
0x6c03a9e54f2dbd367913949df5543370759c330d,2,58000.0
0x68647a56a7cf9ed57d7723949bc8202785a37887,4,15000.0
0xea10203accf63296139082f518ddd73443ebdab7,1,40000.0
0xa5b05fca5e096756af3058c8613fbdbd837fef4e,4,245000.0
0x343a6b224b7ec95ddeeefbabd3a37feab73e5fe9,8,120500.0
0x0523f418924991b2a153efa377d47f800db7aebb,6,6000000.0
0xcbd12e433b3323271e4c2bd3af392aa035fc99d6,5,700000.0
0xed73c8c7785912c684d749f04b57c30ce7af04ca,2,2088.64
0xa16fef7dc93e2e527efc14bff136745a6776b0fd,1,500.0
0x1fc3f9f0ab57e0c4df626d64f0979c6aef4d7e9d,8,42392.78745697
0x7cdc29d416432157445946eaf3b391d51abcf32b,3,210401.4235042806
0x510d9d452a0b2d9dfe5626be9880d6b0bd3d16dc,1,35000.0
0xe74f25cd5b7d0827b313cc412b40e559816d606d,2,200000.0
0x1c514bfc0be1481b778931cf4e5e94f9db9a4542,4,7500.0
0x594dfdc643a9ad62ff9309b5a3b6d981f1fa82a2,1,1000.0
0x8a2ed1e08cc63fdff9c6642e3bdb0b5fe981f91c,1,2000.0
0x79d47f898d9f1387c5e2cb77ecad5014b984967a,3,5750.0
0x1679f1d7982b96594b66ad6d578873836435214f,27,1499780.0
0x6200dd367318ca011bb1b5947878b62deeb5010a,5,867000.0
0xa10fe48afd05d7170296705697ed3e87e3d6f81b,10,27500.0
0x7b8c2146ee6fb7cf6d6b81b2be0e21c1227a485b,2,23000.0
0x83f9ec54664d18998ab0429f521b961058de1ce2,5,390000.0
0x524ae77cf446324e1b23e160754c67248378321c,7,303000.0
0x2a30a6ffbd33050f9c2e4658d9f4d589db6847ae,1,1000.0
0x0d53fc1061157ab16c2eacc14935efc913b2fec2,22,302462.11950000003
0xb5604055e792ac77174c41642abbd1bac3567399,3,1837000.0
0xef5f60b2a68c619bf0b4db66e75f805ed5836b8e,3,987755.0
0xf6ad0a2324240aa6237cb58d83a07ec762766230,1,500.0
0x4154cc40a6218b07ba9c8113d5d7bb41ebc35628,11,26662.0
0xcacb4b43c0e09e64ac4ab328b110b8dc1d5488d5,1,155000.0
0x2a24b849117e799ec71174c7550db6e32e3cadb3,2,62000.0
0x1706a77f14beed29441b13b03606d34053cb2c51,7,69640.0
0xd2182af5e08f305b81d717b674bfe9e5fd6e9b8f,2,2000.0
0x3956b263291653fcf321791ac0773618882c14b5,1,500.0
0xe5f5dde0ae4f93c2e7cc08346fdf04c93b51bced,1,30000.0
0xa60ef451f76bb7f1b19d130e8d6f7e647159332a,3,6500.0
0xe3399882bf13d10f55aa4d0cc0f60c15a0dfd7cc,6,30700.0
0x47d39b5f30c310ab92f79dec1b9c88ee6b9ecadd,1,8500.0
0x9089463c4a871abe36eb3e503fca394a4aca2c36,2,15511.50084157644
0x3fe5d9d5e511ac7d9e13f0db88a2e4bf47d5be87,9,233233.36969804
0x5b950089414fdc542f01dbb2bcbb59cccc079012,6,23500.57864
0xecd6e2786b71ffd1ce64af0aa9c5567ac75b77cf,11,28256422.624021254
0x8ef9293c613ba471fc12644b90b0ccf3383ff867,8,675000.0
0xb68cd2db0bc87997a5591558600f8eee0567bde7,1,500.0
0xa55dc52a38c50ea2d3c297c9ed83c501f23787b4,4,195726.4
0x5af7e80fc24a562ce5483161f5ff2f1aa30ec8fc,10,30750.0
0x74f2a08c0e17cb2b077d921ac7ac2668fa409587,1,500.0
0xf844a3a087c8efaad27ffdc0b567130937b7696d,1,800.0
0x28f3d914430676f637907cfb11f89f946ea14c1e,4,16200.0
0xe6abaa0622828d614cc024afa58f10f1102bbcab,9,31000.0
0x526e31defe9e23dc540d955839825b20c90332f9,11,52500.0
0x80cf0335a8472806ca175bba3e798e4d50bbcdf9,1,1950.0
0x19949a968fd711e6e02a635dd8767c9486c7f929,1,52000.0
0x15512bc2ee03113a9e4b2bef2b80f127d84673f9,2,4200.0
0x9fbb1abd966f0793036d5d011d8dd7ef796a6fdc,4,44000.0
0xaf863e9f8c60eb3fd62d5673d5fc7ed04ec95630,2,12000.0
0xd2e31fa876c68b2566da38b5af1d42e3770401ae,6,24450.0
0x9afc412258cf81d330028ea690e9f09b7e9d5027,1,500.0
0x7d3ed03085a65811ce921e7b49a004e556caa691,1,500.0
0x746382d3e54851c6086466ac1fdf6e07c6cc8c2e,5,1092469.09525236
0x8d1e748e9c750f381b5dcbddba810944a0fe6105,2,2100.0
0x633f9d6fd86e2cf2c8c9159c7acd4b7b13ff0e8e,2,500000.0
0x79995d65a97bb5e78b60d44ba8764214b6088b29,1,7357.2
0x5e148a7fe1140e78483a62e2ec167f46e2ca3ae9,1,40000.0
0x28b347c316dbb188291c924190ae3967db3872d9,1,500.0
0x834ae3bee57da7f8d43c02441a05a8eef8b9bb2c,9,219500.0
0x5680be2305479b39943e4180074a413113284427,1,1000.0
0x230cd71ae8c414fab0a64073eae9009e2b6cfee4,1,500.0
0xcc8d612b1b0f169a57d8e696bade3f4a1c960d27,1,45000.0
0x66d22528aef31d1ef4e423c4a0d83694a05843d4,2,10000.0
0xa286880c0c8532cca9fd71c43695a65e8b640375,3,54100.0
0xcecbff39431bed121a0237c3151b2a229aa84f48,9,67000.0
0x923734c17b90ce287d53471ebb3ace676a0a54bc,2,8000.0
0x32ce1fb6802d6434e2f23ce5e352d1abda5efc8c,2,900.0
0x84ff3cc4a05f01643beaa5dfba7224a948c94728,4,104000.0
0x94af67a5c647fc8f4ee0d0d1960cc2fda7d4fd48,2,14000.0
0xa16316bc65b87338457ace650aac403a7d0096cb,13,308822.3515728786
0xad632014abb5b7b5fe65952392fd5607c190a41d,1,528.87556
0xd37ff5a48c2bf4a470fbf18dc1b7939a822d633a,3,276000.0
0x8fdd880d1719698f55668843ec1097ed073b06ee,2,7476.0
0xd44ca1981fbe6e73457ff7bbf60bd44e5ee8ba72,1,850.0
0x9ebd64ae25458d138829f969c477804cc53d8982,2,5049.0
0x9bec3578550dfa92a3888cfa907fb2a246214f30,1,250000.0
0xfeb645111f2f4a57ff903e32d912872edf2cb3ba,4,561850.0
0x384f181e318e07d116791b267dadeebe71c21dd6,1,400.0
0xde043f105b5964626c50c5b45ab609b1b827dfa3,6,882316.0110602333
0xe89063891f591565afc733b41492f0380ae6ed3c,5,27262.212313620035
0xb00f7172a1feb56ac64c40d3709924b41d9a195c,9,34850.0
0x61210f24647fc28002f0298f5e21fcbf9f325611,2,9000.0
0x6daa6fd3cd3bbda0ffc223be9c13113eb5efcb6a,1,1000.0
0x755806a0e13a93534f8cfeaf24c1bf2317a865e8,4,400000.0
0x838716e4a7847dca82cf872513b19ba00995e065,2,240500.0
0x2fd75e798b25deae27d6796efbb4a02b70c14598,2,11774.9571
0xad3c43d3a2ac9f180236691bbb58d34f946558e2,3,47000.0
0xe4b403c874df38287c2617f32fae6b2907b16589,1,6625.958
0xb9c73e5ef4627e37f682670898e91440b8e2c311,4,3468.0
0xd341f1df18941597f37dded2573baf3538a33859,74,5176396.127885251
0xf2bd25c56d7dfafe85e0de0fb9b7db717c83cb68,46,479052.4193233246
0xa5811f74c73e9b5018f71cc7884dc4d72e2de1ac,2,18569.0
0x4dd1058098201bc6efe0c1619cb829c7c2d5bbec,6,87308.32
0x283b20032637427fa0beb6cfe9571ad12c038aef,1,800.0
0xcf4618e19654b57f6f5b663d6c77ca98a2289acd,9,35200.0
0x7327d3ea51efbc240303f756123631d8bb9dd3a3,1,4000.0
0xd2bf40c807065a7506dc3ee6e73d52d3fcb38111,12,383700.0
0xd4974e2d9321f7d2a4f23bc6c3f0ae02e2889022,1,650.585
0x3cb85d85877ba87230c38755b4498bbf3e86ddb8,3,950000.0
0xb57a71e1f1373037b87b07d2ce03f6a308caa2b4,4,36700.0
0xae2411be7d7aa1db50a585348afe24289d66e2fa,5,52177.8262162
0xf3e3b3261dd7806a560a5890129e9a4b982bcdf5,7,171307.0
0xc9794a95aacfd5d393fd7d30d563279485b3d071,1,900.0
0x795ecc6b240ffae4e7380b03b9c4a6057ca781e2,3,7500.0
0xf2445bd4eb681ce7dca1cc481d0dc38162c90a76,48,2167568.4910133127
0xae784f2ef0d7062858b2364e64408eae0d125e9f,6,11000.0
0xface5c58da9753d9e3a28b2a711d1f5a88b28b36,5,18005000.0
0x64ce92f97e9a92abcad98eb27551cdc0705ebdee,4,9732.726999999999
0x87446ec6e710fef6c4f5e699c5c29a0454224ad9,1,2000.0
0xc4e0a04c73a52e4490207f9e06e7b39eb05ad8b2,2,5240.9
0xb9b504dd228d6e8c5488592cc419e94bd1b8282f,6,6000000.0
0xd31a2c8d46be429d527e3ab0c28029a7715d1935,1,30000.0
0x08be318a842a269a5c8693801d568c22e7a328ed,2,9660.0
0xde79c106f3dbe8f039e815e33fcc5629d68de09b,1,6000.0
0x33ba4178d653c5f0221eaeaa0b56ac7f362c853a,1,5000.0
0xd718316c754c8b3f0257c275393610bf821d70f5,1,500.0
0xdc955284a2eb510ff5da0b3bf3f0bfc54c782b81,1,8000.0
0xa788ad8bd290e76a390c44c4aa28d857e1097087,8,31422.34611835
0xccc16ae1e6b247bd9c32fa92de5b9d581bb1d024,1,1000.0
0x2b3a0109c645dcc4ffb0ad8869b2cd969a41723a,3,9111.734621610225
0x904b9212a92942cdb945fd3d8bfa8a35f6e01b23,1,3150.0
0x33e32db1ccf6929f25c507594161f94982a823f5,4,3800000.0
0x318ad87c1f93ff0c5410246c814d1b79d405f8c0,3,149000.0
0x019c8f26f290280e118f177d0f494a70f47a07c3,1,3100.0
0xe514d19a54edc4111e50028d2afe23bb803c696b,1,2500.0
0xfd61d8f10782c417f10f44bc3dabff672f819592,11,152769.36755723
0xe5c1ea9b7ed81022e83e0ec2e1929db469ff12fd,9,20320.681980083595
0xa9b0669094b4c5ab63d75fccbc55f40fe3916894,4,350000.0
0xdd3d91430b9849d41dab1bef189d9168409d35a0,1,22620.34
0x7104405ca2707bec0e76b2d9d34e394dea1c7447,2,3000.0
0xc42f6ce05cbeeeb55ba22854684df590b4e5f13d,1,25000.0
0x8585664d65232cf87b837fae30bc2bbc6dc6eb6c,28,366647.1652813113
0x3d3060a246fe8bbdd2bf19cf1abcccf52c40c154,4,31000.0
0x1d4cc87a3be3177b0ebbce2d231e86a6e5c4879a,6,102215.89204088962
0x64e28160424726be60824a19f9871a1197b526a3,2,21536.72
0x1e482f8347925a67ac7eaaa79696bb70d26a272b,1,200000.0
0xd6e020f74dde03ac9a5562f97bbe089043e9547e,9,98250.0
0x2119d4bbf50f1fed7396fc908b2e0a493f2d1152,2,12000.0
0x42ab8f6462e394b455d23f3fe912081f712b8413,2,24500.0
0xd30f05d492aa390ceeb7f09e5e427d0d4a7e0b4d,1,3500.0
0x54a1b877a3674e546d51aca1cea629f2c94ec2da,7,65200.0
0xccf8780091ed0c46f76babd30308538d6d28c9a9,2,111000.0
0x46d41c79b5ad9b011f1fb7a58882b7e2ed23a1e2,1,40000.0
0x5d4a62e6735da44a60b005074eb4151d9bae85d6,6,47770.647791100004
0x54349abd59092ad6e3f2ffa51ee02ea4dd1136ef,1,800000.0
0xb682b2439b67adafcad1bce7386e64c52153c5c4,2,20780.0
0x82e3f3f8f03ea2eaefb23440cac28de015a1dbfb,1,500.0
0x8fd9039112facf0a86811457e0bfe2cfdacf9aa3,2,13700.0
0x4d6e68735edd510ddc68201d0645aeefb5dd842c,2,9500.0
0x4d15be37dcd6c82528425aa32ad51cb6d34f4bf4,5,18000.0
0x5be75e189323b7cd1019cd1b4b71ebccee6a5ef5,1,875.7875
0x6e66088b326e5670680d6844421f2f03b599e13f,10,80280.0
0xb1712a868416857fca67194baadff8e170ba5b62,3,150000.0
0x9d5bf83c3e026d93c3d7bc6d53027035e33e44cf,5,25500.0
0xb4135e29ee331293ff4f8a69e3cc7829c8fefad0,1,500.0
0xb6e82599c6760b71cfa8b51919a241f17a3271ae,1,2600.0
0xe0dcea3034cfaafb2b00997a63d257e340c3db1e,1,10000.0
0x6e07f0f31ca7922e12e4d99cb89bc02acd6cb605,4,65000.0
0xab32a3303ea52f7a4ccccc57df7f9f26eb0e6a45,13,935220.0
0x38e15c4eca83b594cf4cf92c89260d239026f305,2,2500.0
0x3cbd25ee907107b864f1a66a74c5c49e56eb4c5e,5,19400.0
0x9200889f2edafd414574a5a6334f0c10776cdbff,1,8029.5
0xdf9490131f264fc033c52a3216d12517a99e7d25,5,58000.0
0xac0c6ec10ee4afbe1a029652e5d04d18e44fde22,3,125000.0
0xc5dfb74f34ea1645996a76843695988ec65e78ba,1,12000.0
0x51f4eba49c40501443188183e58c39dad499a61d,2,30000.0
0xd1b872d185ba8a394830f7c84e8a6cddc72818d6,30,234845.49816309
0x3c57bbc2a56f5a7e8a01675ae8e797be0bf745d6,5,16800.826596
0x4ea7faa9902aac3e7713d77c02d70bc115a47ae8,1,2000.0
0x5f7f03656a12b39c81d80962de056bb5808840e6,8,327300.0
0x996f9f5bf293a97f6eb99003126a4d19f7ae654d,6,14500.0
0xf490309bcd4aad533b95dee7c76b729fe9bc565b,2,6450.0
0xbce57cda585843f04d20672888c6dddded143e82,13,44090.34
0x36678f06d653801cab15e47017e991204db6cfd1,2,16500.0
0x6be80afd28a34903af247fbf654366f80f9d745b,3,60000.0
0xd62620bc154c83d9c26be48eb3001158a1e476cf,23,164938.73671940897
0xe53f78740680e1615ebd8ab31122cc8a98eaf2e2,7,20700.334426485297
0x0f66e16167cd404135529ac62e26d7ec3d8bdf03,65,40456004.08428139
0x391d41b8d4f46ed52b621b0acc037204c5f2ad8e,6,28240.46994570844
0xe7bac82f5764f275da5a560c7225ecb81fcd7100,1,2000.0
0xe38a4f6d36c4ad7645d4f9ec43fb4a0639c34320,24,5766799.012818277
0x19e8593b0748c6d973eb91e0d6757c1b44b17567,10,322961.1914318051
0xd826d8558ea5d0392e0df6e774d79c7e276e59b9,25,6864486.5569960885
0x84d2012f269656cd112197a9d92a57584f92a2b2,15,584220.0
0xf701a8549976c855e70f8891411c206fd2d6084c,3,4700.0
0xc30d5ad5885308281cf8c34ec2d7b71ed6f7a760,10,87500.0
0x8d37b54f0129f01aa5678230d23328d34e64759c,3,29700.0
0x04ddb0b944ec75931d4c676e4782aef0a21ecb00,12,59473.808813211086
0xfe8fd683f99dc0755443d394e25f00306a6eac7e,5,215000.0
0x04a4e8356f5cf4b0f25e1a926980d547729b7ed7,39,273437.5050593466
0xdcb7e833e76dfe95ca7241b47f67f479b199cada,6,2732850.16
0x18b78e567043f66a5373197d1e48b3e756017d25,2,8250.0
0x8125d97c130823a6c3d498e04d684a9357eb8e5a,1,35000.0
0x566080b2bb15b649f294964129dc5053b694af82,28,579713.8367349906
0x8e1ffb5b0041c989cb23872d015b39999cf573fd,1,2350.0
0xcdeac27b6585e58c01bb59de4cde7fba87a20cc4,4,455999.9997183271
0x84ff4e3c614c31d5e4f567fae24e0697256b33c6,22,767058.8297201993
0x853d8f54b66cfd0b2a7bfab560bdce5304597f62,6,180395.2767
0xca0599da69c2a96521a3afa45cccf34ce5992297,1,19000.0
0xf8f3f94b142884ec72ac11d00c85058f2961ca35,1,4791.24
0x2a3eae942fdbb257a4801ff6daf46923681f26cf,151,8126094.976861318
0xb817be8b89d782518efc09492fdee6860ce2147d,10,23062000.0
0x380fdd0cb9af0dadc373fe03fb05dbab9025d982,11,234385.10979421757
0xff7f2b7972107a315bcb9c324d8ed005b5089175,8,2900450.0
0xe6c73b57a9552ac4b25d415abcab1b764ca4f8d7,32,1117577.7101697552
0xc8ce3b61fdc49f5a77ed5cc65cc998eddcf59d90,16,94563.44188384
0xf358557810baa8c885fa4b009d28ebb852c56d41,11,227473.35188744
0xdc62f94bac2af928cf34b53e660c74b89916083d,1,21000.0
0xd9f7f1475e2b41f3c7e5c050c9c6b65678fb949d,2,125000.0
0x8a764035d9fd6e34817314cc204d08bc68a3c0ec,1,86000.0
0xba35ae4d451402b1ad38fb7ceefb6c5e2d7bfe33,1,20000.0
0x509a7b75128824cf240f7ada3f8d5346193de810,7,44645.29331029
0x1cfb728f167baee2e9289aa3e3143c7df553b66e,3,5900.0
0x1d9e149019c23211c1c117a85161c2ae304944fc,2,2000000.0
0x9677979164b00559cff17d7d71befb3bbcf04055,7,490000.0
0xc6df94c92d82130d529082b3a853c53cb28a0b58,3,62550.0
0x13508b82f5f15bdcb684ab85491cb88b55773f0f,1,15000.0
0x18fc1ba990b1f6a64ccaa0cbe9bc7c905ccc7d02,5,126175.0
0xd7ddb24e657b9c89db4c66a07de430fcc7f7cb56,5,38700.0
0x98087a898f7cae75bfca17f07eae4953b47c9b8d,4,22250.0
0x0b34e6ad44b927cd7598aafc870a4a1b3df20896,10,2507113.386099164
0x87f610f73562cebea35814bc0b934af0aa249129,7,2713840.63767226
0x873d50ef518664981e4b94eede887146400cb70d,2,5000.0
0x2b3f10910ef9a4c153c5a45ddcef9bb71d3e4716,120,3132920.0452917353
0x92055c63920037315da9f7c447ece98e0757a3c4,5,1800000.0
0x6e0137ada4c658caaf50f1d8da121a6a1e9fd578,6,1900000.0
0x9dee02a6c90b4675440d0e27d413a82a92f473f4,6,31633.631999999998
0xda26341f97dc480398a97def30d7cfd09c9884cf,2,85000.0
0xbe57390bc157cdff9a3dd6693bac22fa5c7d7328,3,827438.33
0x9a786553bff49ec57635e2801d8475d4a5f6eb60,2,2400.0
0x98131ded5453591f3a87c91efd189a4aaafb2430,6,37500.0
0x723cb09911ddce83765e44c4a5fcfd9ffc467d4c,10,462174.7882572892
0x6232a49910ce6c91356b65b2c0f17887ee90a0d5,1,2001.8
0x627ea325a244ef2c5fe69513a09eb73d12e7f404,2,1500000.0
0xb131fafd94b695a025d34fbfb7f9757bf4d7bee0,5,11300.0
0x28657ceaa3897c22db2cdb87cd06fb8d4d55eeb4,2,1100000.0
0x403ec02f0f4f94f2a7d97ffa4cbea01cb9adf1f0,1,21000.0
0x49c727051c84719c993487e683e7f7fde6f2bae5,2,25000.0
0x7b1c3f83e205c33b74763da38109f3a5584b1266,11,63032.060787894385
0x9d2a8a224ad85aeac5091cebafaa359e0a58bde3,1,226000.0
0xebfe0727f3f90f17844a4a37f12e324111c4933d,1,360000.0
0x832a1708b18a862b9a63366b1b337f74a3b0c0fd,3,51000.0
0xa18168fa5cb7f6f92e030092cf1beed2e21be3ca,4,23000.0
0xd84df893d9ccf460fdcfc1ff0defb7fc60841f1c,1,2000.0
0x65ebe21e722e1112a0c89d55d3048fafc732b09c,2,20000.0
0x1625c4301172f0d8ed0f90ddd32f41da8eb79e4c,10,778500.0
0x6951b86dcce058a8f010cc9a87009e0f417465a8,1,2400.0
0x60fb4742a86e3543bb7d967a1973e739130716e5,1,10000.0
0x1b6863029c678f5c42da5f7c6cf45f4ef2bbd50c,1,2000.0
0x7d04976224e9f8df67dfcdc0fc891b5c5ec06c15,4,172200.0
0x5792a6d283e8a7ebd06cb62fca8f09e89c984456,1,31366.08
0x8d1b44431bce42a712e658d7444ae11be08552ee,13,1900000.0
0x5aa49ed50bfdcd51ffb50962edec656fb0eec849,25,889000.0
0xcfe3888a20027f91d2f7c57707a980c5785f200b,1,145881.12
0x88e614bb986f274cfb10738eb3d3e63e504225e9,1,6000.0
0xa6323df58faa7a4e08bc56c489502fdfd0690bc8,1,7900.0
0xbea4a9f61bba924b779b73b3e4c621af14fcf2fe,1,1250000.0
0x131394d066c40623cae1a4455193ae9722b036ab,10,6401684.281023815
0xc8696ae1e74966993a4f63eae87fe35e1236b704,2,106045.7
0xb21b866a2fb47fb8dd45ebf5016333b96c24f345,11,33888.92835273
0x6da5407577ff2253ee111ee51ee516a60f4ef3e2,11,632200.0
0x24f8160074800294f9c1db27ff9aea80b9cdef15,1,8000.0
0x893151a8f0dfb6fda1e2e2b3d3b2574a4ba6f129,2,1500000.0
0x5da147e198ac987bc66808b6d47300cfe6c704dc,7,10000000.0
0x9ef63945f3d171153150b73045bb193ebd04193e,8,374141.2190433333
0xa1df84cc65dab7ddb968f31db694b215dffe7d0b,14,91300.0
0xe6bc0ef4b3db15343044e1b992e58b7dcf3ef666,34,7057726.900028989
0xf5342ef679dc4dc860c845cd4e1814b9ee2750ea,16,687000.8035686949
0xb55bc3ab6487f6c5de0153b6b65f9b878732f3b8,56,17947006.693779543
0xd33c43cd72ca711c84367d9087da1ec954b4e4b0,3,5500.0
0x5565b60c62efe9faabdcea18e7d34cd38e67e269,2,100000.0
0x4fbdee9a641b723efec10ddd1d3d96b648853c96,4,2700000.0
0x336fdc27c13e45b83277aad0e89276beefe322e7,2,40000.0
0xda8e970e22805eb3531c23409270a373f73387eb,27,269243.34105421026
0x852adc322d57b919b7fb2264bb316792615fd72d,1,30000.0
0x5b19c5a36a09e6a86755f6abe2f786ea88b35cdd,1,2000.0
0x062ff6247d97f6d03d2aa51b92929237c5dc9c2c,2,70000.0
0x168d56d122482fa6a8f096223924bf2a03e5160b,1,2050.0
0x9fc13dfc9c5806e158c1c925cf14525ba9e4b560,1,4064.7568
0xa8f29c1da380af5d7c0b50c37822d1a69e653eec,1,2000.0
0x5f6ca2c4b63c72f5f56e6dc8c7cf8e65b69a79f1,3,97000.0
0xe30597a2b0f011812271597ecc7a9ff5b9588669,2,25500.0
0xde25035953bec75463111ef9efb683ed1ab02c78,2,18500.0
0x267c3b130e0c58b77fa68a54f468522283ace397,3,129002.34015267219
0x9b7b4c7c2038a023896edc5ccee6dc83e69690fb,11,19748.0
0x2797d648fecf8d6832bdc12d63c83a69635b499a,11,20600.0
0xb08d6c139182964b880ad89eb72315e225d21057,2,3400.0
0x50c4fd71db3fba7cc8e7c7626e9afedc8b94d740,9,111000.0
0xc8ed3033ea387e2d21af7f799f7849a45dce5a65,2,18850.0
0xf4e54d3f9110cf327b2b918455b0a9e7779b7041,2,10150.0
0xc1a03627b02c9b2bfab25f8a90d05ad199c61cd0,8,308045.0
0x37f33dccb9c1440a82244d6404f9833d7de1d7ec,1,3200.0
0x060cfd952dedfc39924d3316851b166928b02128,3,65022.5
0x6ebf4eb06f6d5053cdb5e22b4cee763c13331a91,4,10000.0
0x1f9f05142d0ea189428640f04f9f4062c8234b36,3,14434.35804213
0x87e8209498a45b59b765af8f9f02202b938d2f99,2,5000.0
0xe9646e1382f8f3f1bb4004f03e1a3733a7db5830,1,5000.0
0x98696cfcc2b4bc019d852577d79d484a3258b5b9,10,129000.0
0x13bd08db97d4a0988c737e0981e556f5a5b974ae,4,33000.0
0xd11fef479ec64224f9dd0cff6c3eefb5467a1476,6,1148005.0
0xc21a951c5374870e536be5cf41b92dd7411bfb99,6,264093.9179437895
0xa0e692deb596b4b819af04d354d3cb73c9aecf97,1,5500.0
0x3e3675a8afc81b8f5cb5d602d0a6ae556cae887a,6,33000.0
0xf22f4d4db7a86ce733215b70a868b7580f66b954,1,2000.0
0x44e27f3fd4728b9c0ad1f3717e8994d476b4219f,4,99100.0
0x93cd3f0939aaf4604dc5681ac65bdd16b8e9d083,21,126830.3616569995
0xb2ade41e537ab987364b61fb35809a03f91b24a9,38,806984.94743377
0xbeff6a587ffa6c24ceaaf921bd4445db78140bca,1,2000.0
0x4984591ff754d37724257fa398e6461fc3ba7e14,23,891742.8373056571
0x900b31d5fec4bb2e3a0277d8d1bb4d98238b285e,13,321511.03988183
0x47b07c1e45c7681aec5325db584fba7571ca3bd6,5,440000.0
0x665b934a533089a7da6aeb7a821b9b435228276d,2,9400.0
0x627b8eecc11c8e167fca1596add8fd6d5dada344,5,4650000.0
0x8f66a89a675faafcc4a448961eff670d225f55e6,5,4650000.0
0x56dcc08a2f0f79aa39709c008fde8997dac84c6c,15,95500.0
0x3b51e8f0f855e86c46fa1ef1378be6957acbe042,2,96000.0
0x49acea9fba2dd5a481c1dd8894976261e45982df,2,2500.0
0xfa743653a1c61571361567481263fabce8d04d33,3,800000.0
0x9b549afaa7e5c5a8a868baa242317588e71b59a9,3,15614.40864583
0x5c7c52f6404a23404571e46a8ca4a72bbdaa891c,1,2000.0
0xc144df6c1155f885be6726c57521f949db1ef3a9,4,1180526.2393044499
0x136611f87a06de03b46b3bd51c428140970029c7,3,103000.0
0xdf953c7c997339f8fd06598151d5c9c6b40e7e4a,27,2669773.0
0xb1511e036bb1b9e94a9a24e28738ffc4f12e4491,1,7100.0
0x811f3a23876c58e46f14bf2b9ada8cbb75b355a5,2,7468.330599999999
0xdce806baa57115623b73d5dd07a652f941418ebc,1,40000.0
0x35734492c560c5c738a304b14a13148df238601a,2,23000.0
0x428d2d3c590e8c7e36487c13b3693512c79986b8,1,5004.5
0x7210999debb1c04ac0c7b617a5bb1b6554b55266,24,5306746.0
0xf995cd4e2e4630f3bb68f4d47db30a6a58c790f0,5,187237.86128
0xac88eec4a22ab70237a4d735d1a6b8cda5a7cc52,1,4003.6
0xf6c0a08cc4cb639267ca8b688d34ffa54c87c2f8,53,308321.00827218
0x0decdd0ae44591f25418fbdf671a461a579b34db,1,15000.0
0x6ae5e1556ded0fd0061a10b06b02645c86bea19d,6,712054.6072010408
0x21a972b30219d6362a5714c13ede7e279636f4a6,2,42000.0
0x19d1b6c396025a979c523e5c4116404693dc7c5e,1,6600.0
0x78e4a8de7119cbc9f2bf61d09780a17df98c1695,3,2896.77532
0x2eb51450a8f1840c2cc92420a9a670895ce15b98,4,15135.0
0xd6de424b784d756d12520b0917eb9eeda6df6920,3,22000.0
0xdf3f403e393fd7192165db86087246beb5ea9b8a,1,11510.35
0x730e915d05a0fbb1f45907317a85597d428974cc,1,4504.05
0x054cbfabae273c9cff51ebad2713ff0b1c482bd4,1,7506.75
0x029a2ee8e2adbbc0e3a262c454703db87ad6378b,3,58000.0
0x1036a15c0885560bc12d4d03a6dddbd587ff73e1,4,14074.026949947107
0xaf46b1e3082dbe02ea97163abffc8d22984d28c5,1,9000.0
0xc09d5efa93fcea8964684116cedeb39ca4c53712,5,585000.0
0xd6b5ced659433cdeb8e726c75c2a09eeef5da489,3,35000.0
0xabd1f2af9f5ad3346a2ca1552a9a14dda80c7aef,3,28000.0
0xee1ea327db665ae8f0d72ca2d6de3ec285afc63e,1,2000.0
0xb9d3ceafee841e05b56196ec7dcd36534b3ae0e1,3,135000.0
0x6e8b3fa4dbaa0ba58b98f00d0d236f0705078a57,2,40000.0
0x1a9624787cc73490f1096e5e102d6c647a77bb58,1,3000.0
0x09c22c182fc7a9eb18c0736482856b2537ffb294,5,9907.0
0x56c8865687acbd2f1d541a7a7be4a69eb61b3857,1,2000.0
0x653b4cf51c79edc93b4241d0cf92f76c42d54553,2,240000.0
0xbdea5011d0b14c43c57f0207e3b9d270295f8972,12,205420.0
0x8fbb84786f1f6f7728cde8168a6444cbfc0d2a4d,2,200000.0
0xff19b0c96a21d6900ea7fb6035e3e06922f0ea7f,3,7135000.0
0x8af140ae8578b965d36c2ffb57012004569d5361,2,70000.0
0x7fed7c53eb2aa663d9b37bf8945148359b04e3c3,13,1391797.1037372788
0x8110a54f14d4558313159c9368e06f4e3215fb7b,3,78000.0
0xed864bffb3be270c5a472e0377fe239a4ea033d3,1,100000.0
0x2606d27df3fecc88961a384bb39d9a15ccd1363b,11,888183.4295189499
0x3819ace2b92af7917c0c5e0dfd405d792aa5056d,30,1263693.5288963127
0xaabff474785dabbbb025cad080948ed134500fa0,1,2000.0
0x7a3f32840e9ddf15c7dc512dd7bffb1fdd58da0b,3,1048981.3787966075
0x25f53c63f2c60ce3d0b495c3e2b6dfc37f7b0bd3,5,1375369.1055436353
0x7cc5ac6b802f281ec0f1afd2b9dd12994541ae62,5,127000.0
0x3871b84963a3812cf687e0c5798db91ba05a4896,30,2219295.2218810655
0x02eaa8d668315ba270a3caaee3cdef4d214dc5ea,6,89000.0
0x8bb6f8f9011a66f478071f092230900736e6eeae,9,21900.120406446895
0x0fb7179e6aacbb1c94aab02a4af3f64b5c25cffd,176,15886676.155083818
0x5123610fbf73d0327c29e836c1de471d48dd261a,6,1100000.0
0x177c814b01a4ade09995784b8f68f283fa5fa645,3,9000.0
0x11db39a6adb889eb3cfb8561be7b32428fd635a3,5,130000.0
0x1272600becda7a5256a506497aa2040e39de0261,1,50000.0
0xe6c467957b8a03d7e4da38dd23644b76a6a3601b,86,16602060.25116489
0xd44b52d09e57910a3554360b89386215e9df6091,1,16000.0
0xe6686f73b76f3f040c04698f3c797f0039350b5f,2,6500.0
0x83c9e6a845a6c7106861109e6b7132aa0eea9bf5,2,32000.0
0x47577eb8aefe29a28184cd5d5f6ded9dad9cba03,2,30000.0
0xb476aab38ce2aa6dcdccda65f12bec68ca0fab03,1,2100.0
0x92c4c9b324012af9f30bae2a67ba1996f011896b,1,10000.0
0x31820439f3f46c96764a7ea1885296fbf6458b23,3,187427.1701
0x1c7689408273e48f8cb3987b71e37a0638549d51,9,360000.0
0x19952a99fdbf3b757b4d629a6f55e09936da36fc,1,3500.0
0x76c2e884e4a843cb7129bbc4b08193fb131a0003,6,79000.0
0xfda6045d5b6a8cb48a57ad552f16fc21b0148392,4,16500.0
0x73fdb2e88faf0ae33b9b914abf8321f34939ead9,8,127921.36
0xfc1987a5f1c137cc072e5354ece3460eb529dcf1,6,40050.66969068732
0x5876280fe8b082abdc573fa0c255a7d6b20b43b3,18,16971000.0
0x512bb3b70692c9ecea94fb6661c4f1cf1c258fc5,8,35500.0
0xd34d63f9de4fe8ae3a1cc2e52aca4a837c85cad8,1,11000.0
0x8ffcb5d26f493c0df4df7e05dd1279ffdf6fd5bb,2,14500.0
0x8cb89e1deee87e7f6658e9c3c4e42f1272214564,2,600000.0
0x0deaa37612b29455465bff3653fa95f9916b5cc9,1,4004.674975605997
0xe2d41e49f227fa940d66706a5b499646bdc21481,2,5000.0
0xc65f6ca92c7a57a676b64bd1d1945f25c073b06e,2,5000.0
0x580d2fd411e539562b1d9f7dc810e17dd262b307,2,23000.0
0x681fac3c0ec31815152374d1b671e50b269c150d,1,5000.0
0x165802a06b37640619bdda85d654cf13e0ab9bb3,2,11333.3
0x3a7805be682f2fa042f51eb840f89dd75c31e52b,1,3750.0
0x50e6776a2b3cd716665b1dfb022dbb5c7322eae5,26,846755.1351238056
0x50b6c0f92f6a5c874d19400fc9098510b0df47d9,2,40000.0
0x816471c2143c95da1aa5f73562e182f37f4ac005,3,29639.605416
0xa33e2e0d2aba083e0d16b1f02c0c621272f0d027,1,2300.0
0xd16af879ca69ddbe902cd7d803fe214efc0155e5,30,1021111.3939090674
0xa47ff1af0c3410d42b2753b60e0c8096730c94cd,1,2000.0
0xce52440ed548d96ff311e66b95af0be6093c0c74,2,14000.0
0x42a49bd838635cc37e4fdceef5ad6c3d6b405534,40,1296913.8752258664
0xfd32f5ef69add4dc69d84888d22b9b3caf0dd96e,12,2305000.0
0xc30e395901919d21e3e67fcfce9958b9bbd1290a,5,12524.158800744322
0x42e2e973d4a9b28585587a5886c031881f38e3da,2,6000.0
0x5faa3cf612d294ed3012c20a9c42c7217592bcce,1,40000.0
0x48d915e1730641bbf4af019067f5b05c9cccd552,2,24847.5524
0x251f140211df7c31478bb235a1346016e821c9cf,1,6000.0
0x6ccd659336af9f7749f1aa7895f3fdc777d061c4,2,22000.0
0x33dfbfaa66cd2d8d08ece6b05de9fc093fc6b0a1,6,62835.0
0x00a8a6af51715ba85b21d3aba820bc9dd3c49fe6,1,2001.8
0x1342a84f1cb0dc68e320f494674fc98a47a52734,3,82000.0
0x3ee7928c8313247d1fe2e3ce0e88c71f79467def,1,5000.0
0x7fdfc73e2ac0edc9016d75e8ff641ffefcfd811c,2,42650.0
0x95d8fe55a02b04d898406a89b05894b95288065f,1,15013.5
0xb55d8881fd18c2fc6335db8505861a847f231017,1,10000.0
0xcc309cc924b9b0bbb9504eeaa2cc380a9654dbd1,3,174000.0
0xe8109ae2f2500a868a59306305abc70246b53054,1,150000.0
0x756144eb52b7e2e9605c49c16ba7e718d42758c8,86,4593615.957211144
0x5e5f24d85690d5dde6ccdc754da584c5491ff903,54,14945505.035087414
0xb1544715a86c9a94b8bdeb745660c3843bba6f01,4,105000.0
0x2ba1de2c6333180da14e8fefda04048ababd88c9,2,137163.1654860667
0xf23822bf6b33204b67ebea9e15f21a03eb9b923d,3,5750.0
0x05f2fdd5fa1fb3b0c386c55507d6b9aa7e7451f7,2,25000.0
0x10a8d8ad383f85b640804e87d7ea907a567c33e2,1,4000.0
0xd04c3e7186d2ab866e91c73f13e1478f2581bfaa,1,15000.0
0x574b290667440edb4c70a56c7ec12c7f63a77189,171,2504208.846322851
0xf0a0821d444a2e9ac53b9523a8d3e53c104d4586,1,2000.0
0x6051783ce66ecb034afa039f307e34f8015e6266,1,3100.0
0x5dbb08600cfa78f471a1cfa9d51592f7a6b7e5f6,9,53995.052638299996
0x9e53ff0add0bb4191c3369d40f7b76814164e2d7,4,25417.826646215268
0x7c39fea4e5b4aeb28acc09ee6dd5467c8426ac06,6,115800.0
0x76a761cb589f5dde13ddf214712ed57c5e11eaa9,1,12500.0
0x8b7992ad40c00e775cf76caaed7fdfdae2117b3d,56,374753.86529014
0xc86e62db7efda8120ce6958cd1e59dfb7439a23d,6,22070.0
0xbb9bf155f2b1fd03a39ab098f693852f9ec13b31,1,28000.0
0x3ff8350a87f7aed550853a13df38ac0ff9ee661c,32,6232413.387157578
0xf2d4552e7c67a241198347692fbea6b7bb904aea,2,135000.0
0xf627b251fc2f4df0e0c949313c50ff72f796f32e,26,146676.26528801318
0xbd091c3c6bf6339d5817a44f162e93cdfc9e7f55,1,8500.0
0x1251394e14f97f60491b89cb7cff79783c23686a,27,628456.9499423129
0x6c29b73f624de4aa520dab64295255984982482b,28,574735.1025552814
0x965e31ce8ce653b2191957c7aa043a09b44fed02,1,5000.0
0x711340e9146dd17921e028461619ff7f0571b415,2,550000.0
0x413554d7d9c10183eea221d556fae52891427299,52,437257.28235772793
0x75365ecec1f91ce54121068522f6782ede06de2b,1,300000.0
0x60618ffdf260977bf8d32635b4c296fb9d7a41d1,6,73700.0
0x654a1354690248ce5a49a6d331e4815950df03b3,1,60000.0
0x20f5253145a3205ecf920b8cea51fe62f6b83e4c,1,2000.0
0x9a2970552c21995098ff422e693591c854d58547,1,200000.0
0x2c4acb6f4689c2f11974dd953b94e66983021f18,3,18000.0
0x66252cf1bea26712b37aaa1ffa62b6128f1230a4,6,4400130.946426469
0x6c2f1d7858f88cb684f140f555a5ad9c0d823965,2,40000.0
0xbd7b7f4022d62c4fc8c2121720c8943ca9aeca1e,5,150071.36260771166
0x8ee626049c90ca29eed3fabaf2db1fdd793ceb31,2,65577.8
0x9ad95e908393b32369a13104476ba6518aacf997,5,32200.0
0x4cbd66c8da3f9bee10f40943bc58c9ac0733541f,5,178091.25819221666
0x78b11b6e02f2d3c76001a54d218db8e7f885ba08,9,233663.0
0x9053287d10dad60184d90fb29bef1fcbf30e9ae4,1,28000.0
0x6fd262ba40ede6196d3d674b85cdfcaafd5b0ce5,4,69000.0
0x5eb4467697b02effc10d84d13a60fb4731d1f7ba,9,739000.0
0xf10dcf8edc44942b9c0e343a8b23ca5bcc1fb522,3,31025.012658071744
0x44232c4049703acde0632895548879cf324e79f1,3,17110.7572999664
0xd67bc74b24a6dc68d843942d9f8d38f0f9952083,55,253009.0
0x1ea8cdc187364d3558543f96ae20ed55bbad6376,2,20176.693209984955
0x915e80aaf304a923249a7d6f4fe8bd82a818bf12,5,180000.0
0x8994a4d2ad688b05ce5bdc7175566ff06e4505ef,2,65000.0
0xb30b2ff5fe5bbf649ea530b66fc3a8e6e6a406ab,3,57500.0
0x1d7ed005da71850df780ee8a09686d78469a67e5,2,230000.0
0x6dc0de3af4b716b5280379a1b684d83b8bf9e174,5,140000.0
0x9e7da131567163f5666f8d30361b2370769f399f,9,2880200.0
0xe07c2ee85e34ab9adefe61f261e7cfd30e52c901,11,1392784.7585469568
0x2131e093d6e0b7137b9a4482391aabfd4551cd4e,2,20000.0
0x5ea5b74ae1f83e74b49f670e75f6c652ca404033,9,3200000.0
0x60590d023062ce11725e27e4d03f45acb3c4e14d,1,10000.0
0x83496d676fcde13244143a318c5c1481ea2c5a64,23,162457.90957601398
0x0d8108d3cb6a4cda8ceeff7d1b149d63f9cc9010,1,2100.0
0xb11a7aa3e27122f831b57c63a525c198a6fee0ce,5,18000.0
0x6320ab679316ed3cd385b386643405eab5d35f27,1,25000.0
0xba4105ff3b84b9fcc3c26f6b18a3f16beebe2f27,6,46920.0
0x1b1d25715dbba9c11747ead148307bd360363f07,3,50000.0
0xe5a39925765786087e273340bae6dbb32f1617e0,29,1646201.1364655057
0xfd0b5cb9d6a5b46162a90eab4fecba86ba040e33,6,91200.08024966317
0x441d9fcdda2b6b0d0739b9054f52120ae5ad558f,5,1550000.0
0x716531acd2e9c518f70f3bbfada1f5bb715c0690,7,428000.0
0x8af8a43c1c33efc52f944e4907c44fceb4004658,1,17000.0
0xd3531ad5ca7a45563fac58e5e9fc5f4b09014dda,1,40000.0
0x88fe7f86fff88eea22cb49eea36a51f087b6aaaf,2,7000.0
0x09cc5ef6d0add214ea9a36ac8260c7434581a8cf,1,2000.0
0x9d9b249de3b35109bcf7799825017c0f81e6c295,19,15687685.0
0xb69051f25ab2b51699b9b603185bece86a113413,1,7557.375522
0x6f5e9d43ffa981d246916d29318d2dcec5d24a2b,1,7996.0
0x4071f906de8a2b25aa491b5ee1102c0fbff2dcfd,1,3600.0
0x2330f98b9753bc2844288fafe5ba628d324ebb34,1,120000.0
0x9121fe53d304c723eb7d06a7d070cab66b01abef,12,566202.1101503392
0xe1c8cdc075700c740b9e77d71828998fff0d8308,2,12300.0
0x22cd7cd79d0a1b93c8f4ee1214633e0f968f336a,4,88500.0
0x5e1a6fa55d4396f92c119172e70aeb54b34368a1,4,16000.0
0xb62eebf4d4fee1009b7b6d6b0f4d30f2b27865a7,43,9443979.031868009
0x000295ca8891116cfeddfacd0e2b225371fc3271,1,4000.0
0x69a0d2e19f0ae046d2532a05a76f7ce87ff0e046,1,3700.0
0xaa806ea2633f50849159e6d6ac09f4dbc7c50023,1,270000.0
0xf4215027c8bbcc36513177718a96a1bbada5c112,3,39872.368
0x513335e40676a66246a30b0b543ee8f12b9d10f0,2,77082.08
0xf2ee24a579791fd2fe3c23013b2b057e12bac484,1,2000.0
0x1d9e7c0967ec689f131db6bcb01d2c6665772006,3,8200.0
0x57c94ef0f5d5dc5b3c2103689ff7f1bf008031b0,4,23000.0
0x080274ef0c0ac638980651511f511ecb825de9d4,20,564310.07
0xb65dbd0cf46d84d342e94be866f12d01305ae678,2,12244.238329543492
0xe49fe9a0f167c8d92e5ba2be5c6c399d689ae5c3,3,210000.0
0x892d609720e735a81f435f40d2b4d02361613f11,1,2000.0
0x4511fdfd00ba108ec1ff90a26150b2b28a9dfdb8,1,20000.0
0x536b82dfbf8dd2df8242e4fe265cbf1364ea7f88,11,173700.0
0xa5f975fc1e77674adcbbc775bfcd25b8dbd0c6b8,10,1444346.0467104497
0x4fa16ddd3005cc23d81b14613fdd26c21c46dc5e,2,29000.0
0x11fadb98ff4d84ef08080f7dc08cf091e97d34cf,22,285000.0
0x17cfd9540d9c9dd629984d0b81a29a35e7891939,15,39050.0
0xe3f11bd797d2dccd05e8e97e3579769a8279c98c,1,2239.773984
0xa9176daff0d4167b786c98fca3a70becfe130536,2,22087.825594809998
0xaba1595e1254bd76e31d62b6896df75daaed42b5,2,4200.0
0xcfbf6bcf7277b22ee2bae322af983058c7041110,2,9006.3
0x079a3fb5e99243ed4a31b7bed3b9aec28be2fa5d,4,28000.0
0xa4f1b68d6f28514c3ce9816cc627c9b03bffce53,3,69870.007736
0x6d1eb0a0e009d94dda0b28fcd538eb87e1c8d7ed,1,2000.0
0x063d4e621cc20f6aa4fc19f637141d5799dc5f22,3,56626.5
0xb71c5bc64561593474047fb65a443ccc7e204d0f,1,20000.0
0x923bcc1fc0111b4aea264481fe59056f9c690687,2,4000.0
0x784399524acbaaa8bd8542ea75a4299648f6d12d,7,514000.0
0x0c7324c94d2f11b58ba96cf23977bb456c0e937a,5,27000.0
0x68ba5ccd9c891169fe373656c7720d2ce75b99ab,2,2500.0
0x62ecfde0a06801ab801be76a917a3b69352675fe,30,339671.6234618
0xb76012960ae923d37f23a838d8f35fee29262879,4,75000.0
0xfd1852e7bbdec496bf0d3700ae02a5459ad8587d,6,19743.773166923565
0x39834c2114563e895024783d3100f46075bc166c,1,2000.0
0x471ec0680316b37896b15a3362760bd908de4cf3,10,636000.0
0x7d4b51e785eb9eddb5a36f6c54c4cad0a07cec6d,1,10000.0
0x86032ce7cbc438fc9e9b7d26a0b101f10010bbc0,1,15000.0
0x5638a26a71dc5ca59e0142fb240745cf2efeff33,4,180000.0
0xe5edf6959800310102bfb92ad35eff97629aef38,9,42359.633401966894
0x883157bbe437b8c364d112d3395f66be494edd6d,1,2600.0
0x31ed9a1f486e36fd7d81eff4d0c2a83d2071bcad,22,324042.47448746
0x96cc175ca128a8da3dbefe60e8604d00a04a6feb,2,60000.0
0x8dccc200c8fbf5f14890f16ccdea4ac3f13755a9,3,14500.0
0x9dee0b9cf1f02affd31f7f0f2faf986dc227b281,1,3000.0
0xd4a27489780ed2b09b9bccdf8e05eeb20737166a,3,476000.0
0xd9679bb7336ee2e1254b98b28640273d86f52268,1,2000.0
0xd66538eb37018263aa1d4f8ff55e21abb4f1976f,2,7000.0
0xc78074732bfcde5b2c4be185a27a76fa8945d128,1,15000.0
0xd5bc5627e92ac57730960afae5f4c0d1e481396c,14,72400.0
0x3edc85671e1890679641f8a91a227fbea09361b2,4,7983.0
0xf503d74a408fafba446a36c26f753529cf2da3f9,1,21000.0
0xea623f6087b8c3854878cacee9ce3483834a1872,4,59000.0
0xf9dfe1099bfb4050b074ad6e8d062aa11425cc69,4,584177.6108
0x4123a0c34076d1aaec160b723bf05e252e4b7f63,1,125000.0
0x6cc2bd3a692a5cb851a0f34760d912a09b5e772d,2,75000.0
0x16afee36c5cc707f62dfc6c88490423eca64e624,1,5500.0
0x7d9fb241d06388892b27df04b33eb9f50025f7a7,1,186012.4
0x904dfae59fbc83c909e975e8b99347ae5751a673,14,526000.0
0x585c9369450dc1aa0869fcc29362bfcf6e2fca51,2,63333.0
0x930d565609bfdb25327bc234835a6c1cd2b26a49,5,2150000.0
0xb7792c9733f3033135fe47d416cc543b3f8cc2fa,11,815000.0
0xde58cf21feea33b24b37b45c87cb8c6b9599948d,2,22000.0
0xdd499227ec311b6c5de80db94ea0aeb9274ad9e9,5,340500.0
0xbddd8723f567631c2d0bab48bccffd8aed1797dd,1,100000.0
0x3cf9900ca995da65f030410f0bd69d5e870f9278,3,160733.0
0x61ce19b295d92fade3e335d559ded27149039289,1,10000.0
0x31991ee3d7d181d1c55773f5aabb1c32cbe201bb,4,22900.0
0xad27720e5795a2f884369cde7ed85f699448929f,6,25700.0
0xd0e081365e424df16c6e12705f9b7b8c9f8dc8bd,3,4971.38
0xee0189d45485da3b7d9b2670e05f1fbc47324199,25,404144.61296249705
0x59b3cc35a6838d42655f44b61b1637f8e262fe68,2,650000.0
0x625d141c2776b91782f8c16dfba815df6fc0dd9e,2,9338.848
0x398dc9113fea49ca3db39d2e587dd1a2c39cebd5,7,900000.0
0xdb6b1b89bd80c4e90cdd5d76fd909034c74a5ae4,8,389842.25545292
0x17edaf5db70e646ffe96e610c480102868936483,4,13000.0
0x1040d7eb2f6dbf6e20f04fb982b425543d340a76,1,7733.0
0xe4a1ad296538110be7924ab46cc51cde57729b9c,2,34881.873727616665
0xe9b7ccbe18a73d38ddbac828afa62977a5e9266f,1,15000.0
0xf2ff099efa47aac522c64791e0dc0509be1d9457,2,260000.0
0xf37eff4ad324b56b6c132be6598a1fa774a695e4,1,6000.0
0x4eb756cc1a7b3773a42f74bba1416f0e685abc65,3,95000.0
0x1f707ac133e74f96c5997729fea82a5334c88f1c,1,2000.0
0x1120c4011616e1e1d8c7f1d20d69223c7f2378eb,3,31070.04
0x979bd85731412e951629d0594ece9eb1aea546dd,2,35500.0
0x4c5bc4c8b9f347acace56a5bfc13dd320b42b32c,4,567796.7737843243
0x189b22a5ce7a3fd22fa0070e3bd9d66cc337bd83,1,10000.06
0xdaa86baff27d283cebfcf8e6d65e1e95827e8bc2,2,74600.0
0x888af9e6fd5d8bfb2c4533873bb57d99884aa110,8,1757930.2665292572
0xb98a15c0802b0f94460c605dd3dc718f7d1ada86,1,50000.0
0x451422187ebc1cc7e1cc15050ffa4915e5fc08c8,1,4000.0
0xde53311d20efd86b9a79b1ca609ff4810c3bb84c,1,3000.0
0x7d1a8a5446f4e83fa8124ea1ca088fd27fb4335d,1,4500.0
0xff00fa1b8be0389f5690a91e931bb37c56851a13,3,650000.0
0x299994d3f451fd1ec9ee52a0178bed0a96b45e1a,10,270814.0
0x927e49bf4fee1d7fd7ca94a618630432f0b2343c,1,50000.0
0x1d3617a2c40a209ff9dfe55dabfa4b770bcb4a70,3,3450.0
0x18d01120842c820cd225bb077da76d5db6e22be0,9,471500.0
0x571e45b2dd77f48aa1cb59588a174b74327e6e35,4,2200000.0
0x74db3632d72da9f4f3e2b9b45b86ec5a607840f0,4,15186.80325392
0x650055f12906713322e33860cef9c1a6df16235b,1,100000.0
0xf5f7d188214f17d6bf335ef7dc22737d2744439a,3,164000.0
0x43db4c11dce967c3b7d4da21e5dad9080c0ab154,1,95000.0
0xf4c13a8d6b60d639ac05ce31b555106781b193cf,1,16000.0
0x7d36e7be195a6f0bf23791cacf39b2b4b1e92839,5,4850000.0
0xbf56d2b85327d4a1fcef4e0a3d93e45fa5e474bc,3,28000.0
0xee7db1ad7d1b7dc28059f64ac26dc37696972aea,2,13973.64
0x9ea54a7278f5d030bbc131f88a34c9401857964c,160,2970181.66
0x0c1d85edfa8b723c951642ae51d42eb23124b329,14,515686.04065225
0xc9c341c5689baa5088d20012635f5eb932f0c209,60,4687000.0
0xde16be1b7f630dd595e2e20d71e05db67d8e99a7,6,35244.37108155
0x9060d8c7a575e78fd57ae9e1d2dbf950f09375d5,1,15442803.292785604
0xad79e4027633573b18bc6962ad702a33db79a9b5,5,48000.0
0x1f40c984e5f205c86c8a07533196dccc25f55dd1,1,10000.0
0x921730b646407b4de8acd9ccf87789fdae05aff0,1,20000.0
0xc9d75b73221f9c8fcf90dcf18ed6048bdc1a0a63,8,100000.0
0xf9ec5eb739ad4cbc8b4fcd0b6a849298da0bb7ef,9,3450000.0
0xcf60747f7373349c683affb0f92fb0780d08f183,5,55757.3895035
0x409785aa37df25f3e031bf45aa23c598c52c805d,26,2021544.5547364713
0x8122c7c17d6a2f5b9cd3e2c13e816e74e363c5c4,2,21000.0
0x9f249d9c34dd8957ce9ba4a7b5c75ea20ade9113,3,31000.0
0xfc52feb1a6a4b08be5f6ebd475a59458080ed93f,3,2822.243174508394
0x43b27aba1ca9dd5d412a9923677eb5e9ab83f97e,2,65000.0
0xc6035c4fb87d517388a172289747b4d78b9c0d9e,7,165000.0
0x5690ee75230a471ea5da1ad516b7be3a047cd1ff,5,619676.0
0xc623ee098cfe6f7162f69b6e11c8944a1bb7abdc,1,200000.0
0xf4b8da383b0d4474a6311243cd9a153bc54fa87e,1,6000.0
0x699e96ac82cc3c3fff7d0bd1c4d62cf2251bb670,3,80000.0
0x19ca3222c41b9a730c0f4df2c25041a21f530c07,1,36000.0
0x540aad795f74ce82fc64e285b7fbbbe466ee4a77,3,18000.0
0xb32a43f42e75dde7c11e43f2587ba8f25561fedc,1,10000.0
0xa1a1c2b84b1a1bb770b3532cb7d504c4e801bf57,2,5250.0
0xd6334bd68f25395546ed013708082a45fe4d8681,1,30000.0
0x67be32682d253a8b8173019abb16b428d12f3f16,4,45000.0
0x4fa75ebd7b978846e15dc8dde0a332b8e8cabd46,1,40000.0
0x3883d693dbf9cfe07558f8837aecdaed8add2f0b,7,65000.0
0xf7f38c5267e84ad7c0c695a416e256f9f20b8bb7,1,20000.0
0x9f5ec076e7421165f350f93f5450872b517dcb77,2,269676.51923721
0xba4b66dd0f10ea03ab1e70292f19fe1cfbf8684b,1,15000.0
0x5e737dba5e736157b5edb3da58f8e0b3c5510576,16,689300.0
0xf5fb00390d8fc8bcfc788d9ae548b9f5fa0047ec,2,430000.0
0x5361b3bb24ef88f8330aa876e8b91e6572e0f25d,28,145450.0939938272
0xbfd850213339575800d396ea65209c02e11ef390,19,1546128.75047099
0x2389504963e7966bcfdfbf19e57b43808ffb3f7a,3,19500.0
0x98b1c404b95b6326c6b4fcebb12b430e89395b76,21,3825000.0
0x1c48ccad24200d15c0b65d82011dbb37a0412c78,2,65000.0
0x938b17ed78236b307e23ab30391e083ee288bfd4,2,73038.7
0x4f80c78b7d2aceed1965fa83ded2eb7798785556,1,100000.0
0xdbce83bd04e1eea210d0c26fe7e1a9a7128b1e01,6,26070.0
0xf2363da34d2abaaf8164525669457c521d4c0aa6,3,10500.0
0x5be702b4081f1392e0d12f9176fd67b97470caa5,2,90000.0
0x13f9b23fa582526cc33223192e9f166cba19f86b,11,109700.0
0x7887673d248d742f6367461442913c88e60ab170,4,130000.0
0x4e2eb0b4d22a3dde33b34d61cc56bb8f43e04398,5,110000.0
0x5b16e8346583746c12822ca8b535c07fba0d6fef,4,260000.0
0x086d52e30b93bd3c0ed9350dbf5ba92a3447f625,15,3335000.0
0x924482124f5a4d1455b3a2b9a81b99aa68f37a78,2,3177.6000000000004
0xb41dda718695eaa55b1333bad0e76c9a68baa219,1,150000.0
0x7ec4e1855344786c5939a3f07d642b88f3dc8d8d,12,108600.0
0x8a495a77cf1451d2c1d6e2335f4a110a369802ae,2,210000.0
0xdfb42d472f64b514009aabce500f3ee41c209363,1,15000.0
0xed5f6e96fa519b2ebbddeb6157d3e3eb23e4ff8e,4,145000.0
0xccc417ddb36676cbc90fc9786b009de8e18e282e,8,41450.0
0x6cf4807f41118cd0228c670c19b13898c9aaa7d3,8,118897.45893820001
0xa6da306e8d993f1919a2c5fb927b9629b12c8f03,23,1105000.0
0x4de8cd99d4bc08e468ec0fe487f2e123df74dd35,5,13500.0
0x4dafc16dd5a898193c190c4bec46ff04f559c1d4,3,62500.0
0x62d4c4c93b0f210934c486afb588941d8d72a010,3,9000.0
0x2648187239373a496df4788d436807f77d51c2eb,26,1895580.0
0x02909ea9e25ab7d1863d6f9c5b69b85e5f642132,11,382549.5
0xe2ebab9154afbb2b8f5f6a54e4d3d587d395969f,18,595551.7339007166
0x896a0d54c91ef74ba4fa7d385f705102882b08e0,28,39001277.06608426
0x4afa7427b5103c32d59bd4277d56bcfd98a9c57c,2,7000.0
0x2e0b527dc76ba059bfbdb673a351209c4e1601da,1,120000.0
0x9084a610aa5444c8c1919a4dba838e62412b1638,1,8000.0
0xf22137c47fc7eef08c9eedd7d0d1b29d4b9fd013,3,16000.0
0xcfaa1cfdd6f3c0bc5953b257040e67fc37a08581,2,3000.0
0x6af8a1a7a543d0c484553115aae0572da0aee1fc,3,20000.0
0x39c706e3850b11d44e238269ecf16593f17de7c5,1,45000.0
0x1febeaa2a3c2ef5a222b9400a7c0d00d99729fc1,57,198343668.78503212
0x1354c7ba334e13bc0d6aa729dc6a9a278af33683,2,24000.0
0xb17e4215e0d146d7bf2e12a1efe18593a0cfea85,1,2000.0
0xbcbcd8c1ba01ef2501c0bd1abc9d8a6f95c1d137,1,6350.0
0x289f61c03e1b9efa1764006c0eddc8513fb229d3,2,3500.0
0x3b2fa36c01ad7bf6d65c4ab1d38c46458b87686c,2,4961.24
0x3ce69c2989308841e64abd3bb7090a6a6cff4835,1,3700.0
0x418632656ecfe3f9c4a2885e7423ce1134b25338,2,37500.0
0xdcabb0484bcf4b5436e4f0633e9f429438a696f4,1,3700.0
0xc2c6fdf2658b33e31056ea19105628fe1f6047fc,1,2500.0
0xced6b13ec984dc787b67a9284733674f138da42c,4,20000.0
0x934eb642b20364855ec7afb3e987f682ce1e1dde,6,23600000.0
0x156021e264d51c385be428ed0d8a962a2e8ab71e,2,5000.0
0x5f211ef865192db7527413b5b99c1402880c1ff1,56,394715.2367137572
0xaed9203317de4d891f28018d80e45f33b6c40ded,1,5504.95
0xb4c0db886b208c3042ba1857673e65ad2e64d317,23,20044000.0
0xb62da14a0181a93c3acdd02a055845d77f6edffa,4,14600.0
0x258f85fb239df9612bb630c75ae40b3fbb8c8cc2,8,762500.0
0xeb679d323fb27f901c0716670e80f9ac3cc4be6a,2,5990.0
0xbf544cc3737b5e0b8febe1d92f5aad231f6984d8,3,177000.0
0x3a2723e81468bc3fa18086eeb112b1160e09eb62,1,60000.0
0xbd9c4ace79fc53b2ca0a6d9137b933e8f963180f,1,11800.0
0x0a289818155135ce4786db9af4bc07af8a577661,2,70000.0
0xbf5f9e03894e45a3ff67e78c746cc89c879aa4cd,1,100000.0
0xc6de8aee2aad9c8ca7aa42c4c63622b07c9d8d09,2,8950.0
0x9c7681928847e672e1f350e8cc08cafff68a8f3e,1,35454.33
0x9497c1240b8f4dd7818490a79aacac982070e33a,2,60000.0
0xb9cc3f215510e8d0328d3686bd3012b7c9abc354,1,3475.028980506667
0x027ff256c007c06f481e1d29021b64a2227f24ba,1,21000.0
0x1207825733858f6ceda9dcde361d4b4b689ea37e,2,14000.0
0x6f5d6e63a963007592003a67382417857eda064b,4,122500.0
0x2076c03dcf4a5a6db44a28e3e09d7ee3a09fc2e8,1,220198.0
0x68fa41f85e9231d85d64af07e1397f59af36f05e,20,673322.4405416904
0x7fb54d1abd1a763c3d5af010733b79831fe6752e,2,8250.0
0x8e0c8eb00390c287f8613ae97adb4186aa62bb24,3,127000.0
0x60315ceefa7defa56fb12cca86080b15abf0b202,3,5100.0
0xaf3dbc6ab8f74763183fcf10f737046ecdbda54c,1,2000.0
0xd9c0909582cd656b55f97802c4381004b139df14,1,3000.0
0x8b1c43e753c93fb1d23e95dc8f2655c78e6c76ad,1,10000.0
0xbf64eca1d83a8c64b3e1a188468b1725fd593a03,2,4980.0
0x39f62a3028dbfb00a589a2954fbe007f22f0a8ac,1,5500.0
0x01cb57063d79b669950739496b465cb526bce1f3,8,2065706.95476
0x451e4cd9f77eca502fa39de76a536caf1b89c1ce,1,6000.0
0xb6c11e162d585205c95a21f4ddb618db25138e3f,1,2500.0
0xca16ca977252967f6533e44bacdc3328b669613f,3,1000000.0
0x48e8860fb1a7b57e7311e8e170b1b43e482a4303,1,5000.0
0xdf363b7c47f4131c4a84df6042fc66d3c1ec73a4,1,2000.0
0x222de5b048064aa18fdd12dc05b8241c5bdbe7ec,1,2000.0
0x2ef890bf84356bfbb4925f707302c86af1878575,6,27510.67
0x3037cd883573b26638888a99a92d4b59d055d244,2,25000.0
0x163c9c1fc8c4086d63033eba613c25907d0c9e28,9,199783.9993
0x82bd269b9c5418ef81c88d9ea3b0961e9d7abbf1,17,4410000.0
0x4d882fc202565191cb713166de226c41dc0b8f1e,7,605000.0
0x9414a2af72351e2b8cebf6d061fd8c5245e5e3f5,5,80000.0
0xae07150a647b74f39e97fea30cc329e055dd03a9,6,27800000.0
0x68436b08b136e2bf4f32387a46ac2c1eb5cad3ad,9,31242.89284914914
0x2218cc503459e0421030efef9bf34b46a512240b,2,108000.0
0x599963cbed9da14cbc3739a3391b48b8634c995e,1,20580.0
0x8c290c8a55b3584b2e053f705b18ca95e2aa32d9,10,213436.0
0x0abf694624fba4d2f5d8766fede0274123bd0ed8,46,9236179.70843606
0xbbfb037b5906b88352c22a00b70cd13a29bd55b9,28,356571.29137838
0x38484c1ed4dc6e7663d41e0222450e36e45ebef1,1,10000.0
0x5c86859f936ed00a6c16bb451e1ff85aded0a1ea,7,5500000.0
0xda026f61f1d77f0876fbe3647d1e731331fa2847,4,1900166.27
0xe0114de5dbd108665ccd23257e17483529aad53d,2,95000.0
0x9f22a604236ba8663ba65f6c7f0826745bd07d77,30,17882840.955149304
0xffcd94417ba5488c85dc390217f7b397e969e2b8,5,5500000.0
0x2ee61be299521cfd56ed8a0c8774d6de01b96d0b,3,4500000.0
0x3e1458ccd38dfdb052668b3812b13c98e504000d,4,4000000.0
0x7e7bc0e71f378b71d1aac66a4b0769f52ff66802,6,670000.0
0xd35f18159d1d4952c58a135cc522aff2c431eada,2,5600.0
0x0ee97b1a44e7b34887ff57ddf52fdbb2bca16631,2,500000.0
0xe25f8d65d40918ca38500e8d561b705fb12969d1,77,9905500.0
0x8f681b54d2fdb8e265365fe3eb500a8b4671572b,1,50000.0
0x503ecd6ad0e2a50f9441dbdea4e4426986506bfe,1,2000.0
0xe25ace43612418feab65d2033f0f68ea7137ce82,23,167453.56528648
0x6957777bff402371bc248bd5f3b83d51b0e0f5c1,3,750000.0
0xc137d74f4af2b835673c5abf02c70cf37b5e584b,15,636813.1307214902
0xadac8208daa4fc4b4e659bdd81c58be1811f9fb5,1,10000.0
0x7ca3b996bba5370d0e38e157b4858b213b9a79b0,5,24152.0
0xc38669814e4f8b4419692da2c0616d5756e31463,38,956969.07507202
0x09d94a94faedb35d95113278d2c9ef4284ddbf5a,1,20524.8237312
0x1898861576302a30bedd8e5d5fcf22cf80cefcc7,1,250225.0
0x6b0dc07de932e9ff05acee6780ded49f7c696cd5,19,220300.0
0xc63dc245bcd9e4492b9d706d9a68272085e292fc,12,5168212.27
0x4fd668291109ad031cccb01c6835ab1c83b1336d,26,1668115.3311366923
0xc1a8a51dc09bcd32c392de396d1a81d1ec97f41a,1,2000.0
0x34b3377f0d107e796dbf586f8e638517e8f1f498,1,3000.0
0xf298dd8953942d0755122848f954b68961fb0db3,40,1343975.0564866494
0x8284305a0c14f6b69319386f48f4b1f9d2220c42,2,697340.0
0x0d57cc84265c3702d674d831d5ad284367946353,9,79350.0
0xfb6281b9ee5d03faa3f81be15a11ee20367895fe,1,5000.0
0xca9bc91252b46b6dc21285a09e4c190ec7e4cd85,1,60000.0
0xa878ed0a15e124b91d49763a36af6b73e368771b,18,30498439.284519352
0x994deb7814b13426f0fb6d90c0e728c12b8eeb51,2,160000.0
0x1f8d26d7e0aa823087612807723b370674fe6bd3,7,4150002.5
0xedf87d4f2f56f9e954797b50402e4c1b0d47054b,20,475935.0
0x6533bc6a7adb52e9eee3f77b5318e9b77aa28535,6,451500.0
0xca85f374583b3e6e98dfcb9d309fd3d0a620267a,1,4700.0
0x90bcd90e37ac56d1e7ad84da01d6995da7be283c,1,7250.0
0x6c81d0e56a992d08e1a05d8802280bd5415a64e5,3,341000.0
0xc4818aac4b28184e654f080de6fd6dfecb407199,5,208744.0
0x3680f770e487d51d50803fa4b785a8771cace07d,6,318000.0
0x5314570e0ae9d479e3e4e96a2a80077981c12c3b,5,325000.0
0xd23c3030352e58da64c0d004e5113f3dc7c3a045,1,10000.0
0x48754ead35eec9b9119dd2d5cf848696b9cc98d7,5,45500.0
0xc0a7969895714e8785d56d99ddaa5e47a6e25b39,1,9352.0
0x81918647e44e6e429d03c936573b3cdb6cc87aa6,2,18500.0
0xf6640a98c727a93ea89e4fc8c81d268d5c74cebb,2,180000.0
0x3d21799b76fd02b857f0a05c96dc7622eaaf57e6,15,4935717.0
0x550dbf9f8b5bce88c185a78108705957c4a3c1ec,2,7000.0
0x73f61d03ac5a2755704486c78c0041c7375858cb,21,6930048.705809284
0x8ae0b78e6fc5d02dafbb4d18a5fe181c21c0799c,1,152000.0
0x45a9869aa84bf688fa26e8f72121141a8be550f3,4,10863.0
0xfbad8c859638c0485a606ba8489468ea70752a39,5,5500000.0
0x3f3c986dbc096c2076336562c8565d2d46003a33,2,16000.0
0x44b2bd06b26694826a538360f06ca8aaebc73b81,2,12800.0
0x5499d8a3b99ef945bba88b30644e78f16293e206,3,16800.0
0x73cf1513ced817451b23aa6fb1a8f985df80fec1,1,2000.0
0x86e25a8c993dc8542b7c47e11ec63f45f7e076c5,4,201421.66
0x6cfa9d8488aa2692a326bbe78a316cf83f857770,3,21536.0
0x541bc0582111e9e2f19bfe4d6bf4f50f5c9a2df4,1,4000.0
0x52f26be6ae97bcfc6d93594552adde49aa66a72c,1,14873.184
0xb839e96f765d5c85a50171b0afd96fa34e884aee,3,134437.50761749205
0x19918726e924f77379b9d56ee31e8493f9592cec,11,4150000.0
0xf575cafacbd08f78118bedc756fe377304d224c5,4,930000.0
0x01b5d5c69678bac5c8e9da515d9997ae0a772af9,5,1010000.0
0x55cbb97730100307506485517dbe9b2c94de58a9,1,15000.0
0xe9c6e7726ede5da4097e42f28ddbd86ac2eedaae,4,119000.0
0x1fe84e80ba3602017c46e87c30e830431ff755ec,4,83650.14934583014
0x898b35dbe20a165c43d8e760e125af9366aec21f,4,64000.0
0x0532c71e63b2dd65e130be765aadf5fe17c330a7,1,2000.0
0x6b7699793e4367b01b8b0eec6d39ef5e0ed5ca17,1,2000.0
0xaef3f7607485a0223a978adedf3ea767f2f99b36,1,5000.0
0x0e74439b66948209ef22de8b8c02b15a88a4e6f1,18,786867.2452457707
0x7bf3935e8f2c3cce93f5f5dbcfe4e92c793b93b6,7,11500.0
0x4fa5acce0772a7ff12c50311eca3a3eb4d4ad05c,1,25000.0
0x6940978b3fd053d39d8ae4751f729291c7244c1b,3,21000.0
0xe89801a1c217ac7fbd19c03d0b88dfb8cfd68b5f,2,5100.0
0x41f855c32e0d4cf929e4b69d793dc0faa1b84200,2,42870.0
0xde880c244c6d0a2f9adda2747074dc90ecb9c571,8,35590.4864522779
0x5d69677d17b8e27864a9a1897f3e2e1b62da420a,3,35000.0
0x97c2c730788534e589e71d704889d3727ce01e43,1,50000.0
0x53feebe7bbc8b15fac15f31e987ca7a711677e23,16,457285.5737987879
0x65e4a6c40d0363574a701cfa927c9953cb4806f4,5,106000.0
0x0c588e6e14fe27e0a24cb4aa13694e5c38dab274,7,1707000.0
0xa791984c76e1420de4d3c84bdbb4f6d4a6d218c7,6,89701.33853496758
0x39902cde0be9685a62670ef0815ef2854d8d0c68,2,5935.0
0x9d4c0bca649c0fe41d0a4947e43cda7d8a6e6045,4,185000.0
0xd0e388cbbb03e71894d06128181bdb65d79dc47c,2,1800000.0
0x1f858237da31934e4a2791ac511efb780a875103,2,19000.0
0x59164542019fc629b8f62820d3086ced0295319f,31,151222.0
0x12570b55e763f925609c510a94949e9ad3651b7c,15,73000.0
0x7e34c6bd7cd8913c010441a46629a7e9e8639ea1,4,92000.0
0xea79b5216619e313625ea43ec29ace01594912f2,3,71000.0
0x2b9412eb57a9808b3d23d0220d092009aac49f1d,3,280000.0
0x819a54fc89224e9ed86d1f692abe5f3189ab6b6a,3,23500.0
0xa5a5153ea15cd31eb064099a2082ed76b664cf12,21,1713231.2187758684
0x2cd0ea0d65faf11ac48b35ffe3f3598d2c226343,52,34031359.5326954
0x83a2ed530fdce59a234a0b73b5d8deefb426ca52,5,75000.0
0xe68b76102a9b7d2101fe5a167648bbfa6716da62,136,17748889.27612361
0x8a4b4bd75ce81991de17c8fba35f14879ae00ee5,8,144500.0
0x921d2666a71ed66e67e02ce225ff2aceac31d339,1,2200.0
0x515ce441e02ffa0147e204e5927149db52956041,6,27452.0
0xe4d84b3af7cd60fb1cf219eb112c58b4411ef6c5,6,460918.70654934045
0xb3f67639886fb4a00ff842e5e18a88e16830bce7,3,20000000.0
0xd49433e823e6810167ff9dde55a1069f04a71d2b,8,51500.0
0x9ca1ac4dfcaf5decdb2e391eec9e281683f7b418,1,2000.0
0xa1c7da66479fce6c8ed33980b439a2c673a22b4a,1,7500.0
0x095db4c82b61e40562ee238e5c11d444cb276875,4,20000.0
0xa59401df9c3ee3f9e28d99048765e1f3f6d59bdd,2,34875.063496
0x540314d38ccb12d647954ebbf4d9d21708f121a7,9,134000.0
0x586296c0180f1529cb153d7fe094a0c486131144,2,60000.0
0x70ae0c081be15f594474b480a2728eea060ce7ba,6,49038.229999999996
0x76c16de553d875f040a6a0d4198628f00e752e67,1,5500.0
0x9bd9aa982ca15572d94ecd3d751e539c481b8bd7,8,3636753.48138161
0x7a85baed55ac85148f5bb64ebbd6bc0e46aa9f94,1,22000.0
0x149bfde774f843cd8fe21fb643e88a2afe558b14,1,2000.0
0xe8b5ebdb4226f8843b1442e7277a9c79ffa310c0,26,599529.7721392796
0xec01bc5c87ee4d905295b0033163ffc3fbd6aa61,5,50084.4859804
0xabe330d51e8557445ec66a73085bdb1dd84a5e11,10,87471.1276926474
0xc447af1e52a3f701f128095cb6823a953d246fe7,2,8200.0
0xebb0beb2079b3386f0aae24474d8b6de53ed7f36,1,3000.0
0xc6a59815387eda4e7c7753b762ba79393ebf8d59,1,10000.0
0xac3c587a70b2999af72982649de05e0f2600202f,26,476346.15464836
0x3efb1bffc42d31477d9f768dbe98a33f55fb70b9,32,385510.3569060466
0x8a4a317eea72f7eba3ed59564dbe0ce2cfcedc9d,3,142000.0
0xf07b536908f05ff0bbf106c4df0a71bbb4943b60,3,119000.0
0x880e4cff9e45698cd388010a3ac26187faddb208,4,1435000.0
0x1037cc309085191e8d07e300824ad746450de232,2,44000.0
0xabab7ba478d46a5d7f2a94e73acfa392bbb361a9,133,4414922.002766421
0x35d3120d1ac09edbad1a095b705d57c7f7685c1c,5,175000.0
0xfdd8224fe1702530bbd807e398c3c8d0a394dbe4,5,6000.0
0xaf3bccc137a38743d3e3389fb0e94383f0a81682,2,6250.0
0xdb4bef5edf5c81ebe4c6ce977f15d9961525ab32,1,9330.96
0x9a98d5d93a91db00e859c3348ea731fb4edb6bdf,3,15300.0
0xca458495dffa61d4fb5ab1359b0011841f971df1,4,89000.0
0x2f68910aad79dd985feb2009bb0e2fbfd7894ba3,1,3000.0
0x7de061ce0567cf8353bab244cdfd576dd764c95f,2,4401.2915826
0x94cd30a0a11da95489ffed7dcce1e9feae1f6fdc,1,22000.0
0x76e25a4ace04d9d9e369ed230a213110a3088530,1,60000.0
0xd75fd2aa12746370ac6ffd882ea03896164b681c,2,30500.0
0x32e52aa2ee57da495e7440aca28382e9b261c048,4,186000.0
0x4b54d04690b9de21d132dff182950b9f0bfd09b8,1,10000.0
0xcddce84963c5bf3a34eedbd59fec2cd92feb88d8,1,15000.0
0xbf42ae8170c8cd9fc082719d7827889d820334a2,2,20000.0
0x44267fd5145746d309f8a40e2233b660b1b7c391,12,621777.0
0x96722e92d8e60e5abfc35d2486ba1c1ab22e3fe7,4,137000.0
0xca342c357eda9ac5bbca27136e17ee21c25574aa,1,1786.24
0xf78df54d3ffd391891dd7611ef810fc51fcbfe65,47,538511.1512140712
0x97faa96868000de73af85cdb37dcf74e7a22f412,2,5750.0
0x433ef58ba1f216cfdc83f307b65e9523926bd72c,2,460000.0
0x8265dcda1e8ddc6e0de4d6cd9fb2e060e9d3478e,65,9094920.221826542
0x1399a4e1e8851931ed39b0512fc677de08f5df5c,1,3500.0
0xcddb08ac55de97d8268f544d391689ac30d591f3,31,948545.7459215145
0x7d76ac449779160a8616a849ceb039a1fe8256d3,1,70000.0
0x479a79d932c89d8371cb3ac6ea424310c9a5d3e4,11,77852.0
0xbc763ddbca4bd166f81ece72682f42578cbf7ac5,4,11500.0
0x584dbbfc61b1b804541be88c97b5fb749b6c5abb,6,59354.66963837048
0x3bb31447c208dc6ea53a34cb88470caf8ea38597,1,150000.0
0x9ce24841ccb03f78404ddf497529ba0418daa37f,1,1625000.0
0x874cb1b13ea79f340cbeaaccf837969fcb43d63f,1,725000.0
0xf7d6b1e708a79d3b4b81201a5c121ea6196d105f,13,984298.78331565
0x216d3f369ce2698b90c7fbb1267e86b5d84cfa14,3,14100.0
0x4fde30c34ce4fd320055d0c0a781f673d69c464c,1,4000.0
0x690e60352bb1f50de8d96f268a06927f57497905,3,450000.0
0x429af317fea9caae775d3c3be6c1afa681ef0b86,1,40000.0
0xba6deb65432be63412e56207ba010d778e4caba3,1,20000.0
0xfe934a77315e5c3f70ca9cea06eb50fac8758c41,5,18000.0
0x8e34faa967b0786a8ab7539fadf5a215f330d3a1,3,10500.0
0x3080e33b6c988b09c2b973e6c049679feaf1262a,5,120000.0
0x979fdf96eff5b6968a618296fffc7b1cb29abd66,9,37500.0
0x9ba006e1fcdb8d668f1ef7a33d1e3dd933ee1216,1,2500.0
0xf24ca5d6d1635cce1f0e78f11fa9bbeff640236d,1,2000.0
0x53f1482b0144bfb806325d59d02a15324b85640c,4,56000.0
0x9e735e6a3947cfe59ec0289c80b950a86adf464d,1,6000.0
0x53263cf9e481a0bf00f75adebfff0332a5786c99,2,360423.3428933334
0xcceef28f26a59d45457fd510ab0a97875f165aba,11,489000.0
0x7eedfb6ba8328dde380170ee65dda44d7e0ed651,2,12000.0
0x4a9754dd23a777a831bb771fdf1f101a6c7e423f,5,96500.0
0xb0ab86a9be44724868935376b4732bb5d450a1fa,6,205000.0
0xb0f73fe226c9c7911d38f02de76d5d222564c124,2,8605.939999999999
0xb7fbb0e0f54ef86805ee1d1cb65013a148180fd2,40,3066451.644764817
0x22f2b74f0b373de9f620ccbfac860d952c2f4c49,1,2000.0
0x7c1423956fad95bc2e7898fbac5f88931532396e,63,532962.6704676982
0x5163662bbeffdca779cb593d50744f3dca5ea411,135,38422674.46413133
0x202e70e786cb4dde960482e685f14d1c491d01f2,11,84050.0
0x12025099153bbd56ea3ae2e46b1606e40f540ba5,1,6000.0
0xeb01f140e5faeac76141ecac08044e5724799fb9,20,2365670.3520676265
0x94d5e1d6685358f9d738c032a2200a60396c0ce6,7,259500.0
0xb86d2cc43cd308199153d2711cec9148bdc9a9b7,43,2170449.194993054
0x84749bdb66fe9edf7c1ed644d393959de6b6eef8,1,6240.96
0xbfe15a6d2e2000a271ab9272c91ae5ed3b3e3fd0,46,10059111.01916632
0x623f5e92532659dea6f9e1654be848d2507cfb40,16,2502205.49438352
0xfe76d294f18a5cdbd3ae5857ae4c20b51f8701d5,1,57000.0
0x644a6e0531dac0bc50abbb214c23696bcc482bf7,6,70000.0
0xba51959470e97f513c9a17df6148028edaf1436d,4,145500.0
0xbdffa4f8a7f2ef1ac40684cb5157c666be10cbe2,1,2000.0
0x37c235de1492279db31705221f13b40493ae0dce,1,4000.0
0x0956f2565a9f0dba24525a85b9164fe46ce7bb05,2,2600.0
0xe9732211f44d4925e1ce235bf301cd767303bdee,1,4559.0836
0x64d5f4801e970c6dfc9a454db7fccbfe7165a41d,6,72000000.0
0xd2a81aa6ab55bbffd8d17585183e30539824bc7b,3,30000.0
0xefb4351442d3b2019697f23acaafa37c0f379f9f,16,242600.0
0x6cb65f9e352fa3f334cd90725c79f2469c3efafe,1,2000.0
0x2f93cfe51bac43bf085019f3b6cc1c9a09e33bc8,2,28000.0
0x87f1ba10bf53f876f744441dd09b2bbfd0f37a58,5,60000.71693647562
0x34f78a83b320ac0f1ad6d1817ed7a469f26dd35f,11,35244.56
0x2470f32cbb144fd1f901db4169c22077b007d9eb,1,2000.0
0x415672d986f6b77f40bca0a2018915dbbb602939,3,9000.0
0xdf4a50c74f046a3b29de1588a5ad4d161ca2003c,6,18000.0
0xe35fcbf3ffacf7fe86fceded2ba158f9c1cc78d6,1,22222.0
0xc6361d94a3c73ff0f26b3ac1b54ca0a94044b4b3,5,11000.0
0x7fdba21093db603de66ad3c6081c991344eb220c,4,13600.0
0x51293d6a96ba66ac3e6ef7589516b76aefbb2f4a,2,2130000.0
0xf1bb7256d30561511bcc1eeffa47e42da1c1adcb,3,116278.65024070333
0x3e6b62b544aeba0d3d8b1b5d7b4ef8d5dcd73862,23,2236628.9915454183
0x91510ba88ca23438684de1782527e798fa40a169,35,544938.3
0xbd9bd31c59e5a6492a1909143d3566cc54511b38,2,19500.0
0x935e06481cea6d66ad76e081eefe998333b73eb6,5,48000.0
0xe6a97cc8413a464b059d756015c3ab1df75358c2,7,209660.0
0xbd15cca29cdf8ae97ebad88ba03271beb2ee7954,3,5000.0
0x168228cc984db3c98c291b29732c372a3fd84f66,1,14000.0
0x8b972eaf4fe1af634126faabb650074eadd11389,4,87000.0
0xb193973824e26936243dc96d09a8cf13b943a8ba,3,5000.0
0x805754b1b7b3ca8aaddd0e51970bb5b2e81822ea,4,36000.0
0xc31970260422688e57ef3a66fbffa2298ac704e4,4,130003.34899026438
0x8cd3fe2dc0aa60182e1655facf29ad99b46e65e1,4,189000.0
0x6b2ed55f812423a5f4369aa719627496295f89b8,1,32000.0
0xa4a3142981995beefca6dc983dfb417c94e67738,1,2500000.0
0x0bda263bc76ccbdc418da6184ae034991b658a3c,3,26000.0
0x5180297db59099077814b5d33347a97a81a4c9e6,1,2000.0
0xe992893a5157075d565a24bc813401eda3d7d469,2,40000.0
0x6345d39e9be4319a555ca88a053ff54ab52e1da2,3,117000.0
0x883916230050c7bcea30bb0a619293dba32c7077,1,2500.0
0x597ce787c913bb0d85d6f81f26aac63fa46cce6a,2,5092.8819
0xf7eff0bab43cfb01a8a43a43cb6f02b73c81511e,5,61000.0
0x2d3101b7bdc4f6a8a4c9be68f491c7a1ea8adbbf,2,2247.0
0x360ae5221eeb68b6c5c5acc0246df6a066373278,1,30000.0
0xeed99521f725055b87145815d06618804ea6afe7,2,14700.0
0xd1994b455cafc0db04a880c2790fc31c69947371,4,27429.281265600002
0x87cd7403dead3d5894b24ce132b82a6ee9be72d2,2,40000.0
0xe45f0e38a7ccb06a422330b97fb497a1f4cf8ede,5,16000.0
0x9836046a60fa1c980cea8abeeee2c407483d86aa,11,79000.0
0xad658347cb5bb59415f8980316bbe1ef9bc03032,1,2000.0
0x6b226a9c97c0a37edce1efa6548f00f95859a790,1,2001.8
0x6cf94ece77ef4655c1b2397a50f02adba872f1a7,1,20000.0
0xfcb3fa95ef41743c52afbda6b4495e23282325d6,5,158000.0
0x294b49fb60ada655b32e83e4530206540c3eb7e0,2,4165.7570240000005
0xe6103e0ffb2a28069bef67e2e351f12409983f5f,1,9500.0
0x2fd5e0f52cf2f671f0e8dfa782224d8e5a8e8de0,2,4500.0
0xd5e263bf60c99201c2b96c68c74233d57cc4d5f4,12,400500.0
0x25592bb60f1befe01d700304ebcadcaaa9787484,1,2300.0
0x8325b019ff946c1cdc145fe353df8ff81ad0e6f6,4,114200.0
0x4c8b360dd37c4cedf1a400bf86c210f034e3b025,3,32000.0
0x9f9c5f77d3b062c23bde5c2d635833b19aa8aefc,4,49000.0
0x8b54eafe95e975f4fcd69efb53e6a8e43803fb29,3,8250.0
0xb9547516f54b728bf9bff0ebe70592676d4c12c6,3,49000.0
0x26aa9a5a75d924434a5358f57c66b6dc81b0cb30,5,95500.0
0xa4471eebe570ec02e0e23d73dd45a5f4b9d59ef5,3,8774.70492564101
0x58d3984b803f47f2733a630530677b3725d109ea,2,20000.0
0x6b09ecd5d093abd313b541e298f24499812e9790,4,32206.669097884685
0x58cf61ded70b5336120eaca30d7a0a74f57dbcc5,4,76000.0
0xf1be37820bbc977dae0420e13be04352666a781a,1,80000.0
0x1fe0917fe53c54ecf48e5f21397f516a272afde6,4,161000.0
0x2cae5ddf551b4142be6704969d14a1dcee6abc44,1,13834.418625221677
0xda940f5cdf8941b5a1e8bec7ab702ec998972d8f,8,745013.3711283731
0xf544d0695cd72b8c3a44ef92f302fb6406887dd7,2,5050.0
0x4a9055854cdb7d23f92a29d092d9c1e7c8951e0d,2,16309.27
0xdcc578f328144c4b4754d1198cba18f78dd0aec8,2,75000.0
0x787d1e4b7d4896d9f84d48c445a40fbf3d840e8a,2,60000.0
0x0c4aebb1ab801b9a00b78f24b1084810c28e4ea7,1,50045.0
0xf40d848b5aa2013ab0eac4da5c0276eb1c67ea3c,1,100090.0
0x5a391268d59ab6e7073f7a6d0881672d73af4c29,1,8000.0
0x033bcfc24ca920201ac28c7535796aca856e4a4e,2,92698.30659271
0xef86836d847e302cd7f56b46e300b3fbf0c7569d,1,14000000.0
0xe2a7ba8ed6c8e0ef7b1bdd9889df99d9ee573222,4,77000.0
0x0d4e83899cadc652375aeaf396eb6025c1d09786,5,60907.57
0x4036c3440769a71cdb57db6a006427a6aa47ee1b,1,200180.0
0x2a7922f950575a381f31be675887359edd19363e,4,66000.0
0x083505ce3184a45e73c8e1efab07b77571263214,2,120000.0
0xf161101c49b7234cc33c770a0935b48a223030da,5,10949.521097635601
0x17ffef693a3173e1ee957d2aedd6239f437b5825,1,3500.0
0x60d9025fc4ddfe42c6d67d2d864d39a225e52f37,1,8000.0
0x2e6d834c58f353aead8d533fcc8b63961cf2f4ea,5,96936.0
0xb9e479c63eeb0203e79748ae89672c53b4fed4b8,1,200180.0
0x3e8f8ce23ca4b0abf086289846e94209aba51129,1,3500.0
0xf10df76a3bccd4ae20de40fb632bea65b506ddca,2,28000.0
0x09344c5f20b2894174c7cc58989356908a83488c,1,100000.0
0x580851e664ca842b9a56265fd0c9a0e9249e1720,1,2100.0
0x47e7f3ee41a01b2e6512a41d4f5306daae9601a9,1,4000.0
0x6ddaf00f9b7fd9a1a95abef88843e85a160d80fe,1,23000.0
0x09edfd6873b6bfcd808e3e5cc9db871e8b6cedcc,23,740004.6865788066
0x848882dd2d04e9b23df97bfc54512742649e9c68,1,1000000.0
0x6d9acbe4067686f5f96d61566b570f258e9acd66,1,500000.0
0x014a78379ac144cf682d8236160246ba7de444cb,3,59861.1452
0x2bbd27e470197060eb57c6024a7a87588d698732,1,2000.0
0xc3e51ff5b6408b7cb2640eb47e5ebaced4e78a8b,20,7926962.888806485
0xfb38d8f95f0921b1b1aa1445d05ef8d5cb7c01c2,5,23100.0
0x14f1e796affd8847c9fa91517d0cb66815fd85b9,1,4000.0
0x1785c0b41e63daa4a93db8596dbcb69a359c9306,3,63000.0
0x63484ee203cc82a5800b5194a937db15589a3e52,4,65000.0
0x905e9aaeda3dafd141de6d6b19e7dca39287ed75,4,76000.0
0xed55269ac1dbfd43ffc329632f66383c8b340325,2,5020.2662
0x8a8f38ad4501ad4a82f0d7d4ae1a941a8eb73d0e,4,15020.0
0x0f719f0530ae581794b2efc93df010fd891ccf34,1,5300.0
0x105ea1096355bb63a2a01299b9048a0f21ffca61,2,11000.0
0xaa957932124ebf7de96bcdc706a965637b6ba4d9,12,28135.0
0x52bff1a38435f0098760152f13543335f5d5ba5d,2,13000.0
0x2e04e2240d8a1449453f1ad11eec0e8ae6d0abf5,5,7300000.0
0x335d4d2f7a971105305aa07bd16c66ac5b037236,9,634006.6875260073
0x0282e33f1216f3a84948deeb796a9e60acfaca0b,1,2500000.0
0xef675b38375a20bd9d255b476cd196d80a019c81,4,56690.0
0xde0ea322b15880d32bae9ab873fcf4965926d72d,3,11493.0
0x0b266a773e3fa0189f87bb9b9162d20e74309538,1,10000.0
0xd876c82a9c9e9e71469099d16d3cbf9261977ef9,1,8000.0
0xe6a05457e03c136f326e6fa0cb1c139eff27ca5b,3,17000.0
0xc398083a266ba8f3c89eca3ee5abbc0ec3fa2950,1,85000.0
0xd51659ceaeabfc88c95773ecbb23ad57a4629b87,6,117002.34419704252
0x31c23ef2dd5b371e4666a19e41076daa30bb13a4,2,94310.0
0xdacce053fe85fbef8435da7ba4c3f7347609acdb,2,31000.0
0xce35085dc2076705809f2d5885909fddb3b8cb6e,1,600000.0
0xc3ebf7fae47a650e2b09200c1a9a33a995176c4c,4,24000.0
0xd435028534ecc67cab658c3b14445b24ee26467a,1,12000.0
0x3ec183fe5c0ccb53d99a2e6c85988fd0dc1b51e2,11,305050.0
0x8dd67f34f4068ec60753f391f59874ea732db81f,1,9170.0
0x50c680f6f2ef79f8cd595a17be6501d043604daa,4,19800.0
0xa1101d350c11de9a10edd8651ac8aed42d1379bc,4,740000.0
0xd3b116d4279e8a6d8d41ce32f3a4e3c88cc46838,2,95000.0
0x6d8a66193f185922095e38bccfde9fcd29203c54,1,1500000.0
0xd010c0e49e213c4df0c29fe9f2d14c8d78e3826e,3,165389.0
0x80f17e0f5fbbf1a30cb0b3e211f031f24ae81222,3,33000000.0
0xde3af0a9e6e35d76d77e19eb4f12ad7d6c41c40c,4,34000.0
0xcb60b3cc7568362e59349ec603f221bce18c4e57,3,650000.0
0xbf2211b1f355f34cf8dbe59ad3c1bd92f5beb10f,1,2000.0
0x478004dcb8affbe7eb21b715d65a200bb36778c3,1,60000.0
0x9fc1b7ee739efb5bb03a9dadf0c1f93cc6a3bc63,3,36000.0
0x618a6a9b2f0e0b17c397b95f24a025f8caa3a1ce,1,10000.0
0xa8e513ea0b0d2cc2f785142d1eb9a0f0a2a1c012,5,1400000.0
0xbc375b980a937d1eeb7fee1c66588cf951d8a921,6,16713.906
0xa6b4cfadcd7b80b42359807412cfa0c93c5a43ee,1,5900.0
0x8e6292409daf904a32f312a2db953f1eae660fcb,1,2000.0
0x84c11f01c332a2001601f0861542a1013c94a9a2,1,35000.0
0x2aed9359c2a29b12fdba19a4564dbcc3e6385f2e,1,10000.0
0x87771ddf79b3a644446c0facb2da069e4fea1936,1,150000.0
0xc68fc88a201377fc13108b8873e7445f351cbab8,4,1420000.0
0x0a73c072eca0dff5af0ea3539a86bf0274bbbaa9,1,78000.0
0x6f4b70de51a0e70f8af89f9829b78cdefc02a70f,6,20950.0
0xe1000ff61b9fd980582b64fb4147683e4fc080fc,8,118311.58503160923
0x46a05fb171196379968a1bf70aed295bc981475d,1,2350.0
0x35e64305ac6feebe940ae189de8f4c465f0f5516,1,50000.0
0x3eaac4debc57384883acb17a7b22e87c376878cf,1,18000.0
0x634e715114f31b1cb6d74f798b5f6acbe6adef6e,1,2100.0
0x5a44c35174f8b6b6609ffa195cb154b75509b042,2,2700.0
0xc9ee039f0f48f0790239095088c7b175d74e2d5b,2,600000.0
0x9201ef9d8210d080e00d5d47371fcffdbb7d104d,1,31000.0
0x5bd13fe95b2f50f2a3310892ffbe59d7d1998f22,5,10005.0
0xda4355d50cc0b95f7e214af75fc1e02818f2dcd4,31,407583.35152239003
0xf083d16d340de4f7f2d1832f199d4abb2d59481b,1,3000.0
0x8153e035989122ab87c4ed7b89c0e5c1b3299245,4,110257.929152
0x721ea9615e6d52d84024d1215a14d3d45c1cbf04,5,48037.29
0x4099e407a50ad170d0acc6ec7bc476264fd9de5d,12,283169.6602737
0xd46f9ce7ac11f978341fa050a9df8cee4a1fca89,3,1080000.0
0x28e8af25908e31f4bd4a04f717809de2a5c3f3aa,1,13253.0
0xa5c364d4408284db91548d41090238dda305c560,1,11253.1187
0x981cf5547ee3650e50f0ca98f537b1a47efebc43,1,7496.0
0x94fe4f2d558926120a079c4e0da50eec76edf440,6,44900.0
0xe13698bb2ebda32cd759780259af92f262d486dd,3,22506.75
0xa90a26413520cbcb3d961554d94d605ff275bb55,1,2500.0
0xa42487d8d25a99793affa6f6aa2164dd2dc59d90,1,4000.0
0x5f74e989977cabb403163e8b44da4d4d64f2b269,1,16000.0
0xfdc008294d1608b7b9f0f14d0a96cadd95e52a18,1,45368.812
0xa318f827c19e148b9adb789690a9893fd2397b7d,1,24000.0
0x3944982bb57e387ed1539b3a63700c5357037a71,1,100000.0
0x9246b3f3dfe612315fe6948d6ea2323bfe5bb6f1,2,35000.0
0xc8ed2db23bf8d3859ebf0bf29484481c16663752,1,12000.0
0xd74711a4296d9c3614400fd247436265c070a345,5,67000.0
0x95dc6d7ed8991facab34159d8231e04247dfaf65,50,158756794.73584187
0xe7548f2ebe8a4f9217790e4ba38393bf8e4c7f83,2,4300.0
0x832f9fae7ea23e4917c773b559ae36c0002567ec,6,174000.0
0xf28101922144ee86d6bdea1c45c7b55247794051,4,13500.0
0x045e6a181fdb2b6418717e69344b4bbc1581d425,2,3000.0
0x80931bb1048bb35da876e3322b08d6dd426d4d02,6,483000.0
0x443fe7e27b1faf5f310c4026c6f5fa48ffbfc152,4,75750.0
0x0af347d8e08d112e34f7b2e8f48b570b458063c8,1,20000.0
0x3301ad9e75c9f8150194d0c8bab044d276e2ecc7,74,1455268.6020440261
0x9b86f89d1eaf00fd429f3f0eaa8b2920c70b4979,48,611113.0134490828
0x194b5ea67ec29635f5c0ab71904c9d16dee9a150,1,80000.0
0x7e4cbc8727873dbcabae6d2fa4fe11c1f2c21c1f,1,25000.0
0x3c290735d62243691c31ed1579d2f1554ce8b630,2,12000.0
0x672c91eebe0edadea6a8fba8ad862b6ced38ea6b,2,24000.0
0x2dbc89678079cb86b1d87185d4f574d155045657,4,420000.0
0x3bd581ebbe7d21c8217583eb03cdbc042601bf8a,3,16000.0
0x104fef8f4f25dc701047b9afb7f3e0ec874de710,1,40000.0
0x2aae7404b7deb8ad5b0620a2e52d82c5dac21291,3,3760.958472710925
0x1dd0c3b2de902cb20ec4af8b279719819cb97232,1,2000.0
0x45aa72c7a36c2d243f31ce182e3c15934507a3f8,3,78000.0
0xdc7de0ffdd4dd8fef5bfd8f20736f4c9d4ad8c9f,1,2000.0
0x58163a1b0b31036cc4e20c9bbe2bffd8bf2636ad,3,28500.0
0xff3cdb76f1489c6d3037b0d17533c56aee3f8f06,1,14057.0
0xb3a51e3666a37b1dea437682ec3486d9feb77e2b,3,195000.0
0x78fc3941d6f9d8afbd1ae14afb27c302063eb89a,4,41000.0
0xd4cc85b3b90ba01fd2ece32c97a7a9124389aeef,4,33100.0
0x28c00c38a66bdcd914aae1de6cf7fd36ef7e83d9,10,87500.0
0xafb72e5a4cef2ec84d286fa7044f34d507a03122,2,16300.0
0x3c497a4c4ffa25bbda56cebc613a31ab22956178,1,20000.0
0x5dbeb3a7d51acf25f54fba6975784e9b08dd0349,1,18496.66
0xda44a577b81148c6366691059b5f334c18e1f0de,6,1160000.0
0x63a20bb47c65e59d250540373a663b2b717c196e,5,2560000.0
0xd7d228fb9548c94ff2941de39936077a712f8e63,1,2000.0
0xfd6730378371a10ff5521fbe14e7229d59104c8a,1,68000.0
0x8ca61cbf5e71d5af62edd35dd8870e0765a9f5e5,1,2500.0
0xfe0a4323469c334473a4ac8c745d4abfb0ed5317,4,244500.0
0x9b83385556cf805928e5ba8c97addd7bfb8012cc,1,3615.2508
0xb53b32c121b8f5989d86330c22326a060fade828,1,4200.0
0x4450be962db11b8d641aed9a50250bdad55d4610,1,6405.76
0xc2cffb94aa21511d71bbc1a3709706cea7d0f5ed,1,3400.0
0x955fe483a14ce0f5a39821fdec467000b2c849cc,5,9218451.537280316
0x0975252f7d63a168bae8f87b0bdd498d1472c8fa,3,138000.0
0x00d24353c252d6e3936a0a7fa1ebf7ebb228cc4b,1,100000.0
0x1094e382102cda2f19b00a6f2ce86fe5b09ab80d,2,90000.0
0x89044ffbdad0433ada8795a2ad01574b31dee946,2,11500.0
0x431de081fbf6e57d23e3c12a07ed24bc3f9f4eef,1,6000.0
0xba830c801fa678e2024451ff7e8ca7c8c3071bb4,3,9920.0
0xcd125cc1db479761f05e3d9708513d7fbac9da44,1,27000.0
0x8a06445bd3ef4daa365601e20798d740ff272062,1,6153.83
0xac8eec06eef11b025ecb075808d91633cbca14a7,6,22050.0
0xd8d42655511996496de19ac5c28703c542ee2a7c,1,2000.0
0x5046c89dd1661bada27112aa0df8e2ca01ecfad8,9,76000.0
0x3af9180eaefa09d3438e0883dd310713c008beac,10,149000.0
0x908fd46f6a2c53fe346dd472a983553f411183a6,1,35000.0
0xe438bff3b1ab08db77a2ddecfd7bf876b0889aa2,12,270600.0
0x189ecf2462e371d4462cca53f59d1d721d1ae3e2,1,18000.0
0x82c207ed229436b90e1e893995faf6827329d1dc,1,2000.0
0x3920353196cbd31433830fb4d3750964053f4284,5,15000.0
0xc33bbf6f96a9e35ba91338b84fc4680f245d153a,1,2000.0
0x633bcc173cc8efa1bf63c97876a74db2dc6d6564,2,6000.0
0x7233809fc3aad21d98c576f828fbb3d3d08b47c0,4,175000.0
0x3745c61aabd800f7676c92da73ab6c8530aabdfe,2,5000.0
0x0cc1d7971fd962d5e931a8f15819e93796dfb057,2,2200000.0
0xb2a68dd7c1f04b91011f6aec7161bfbb8173db3e,1,2100.0
0xea6a97e5030d895d9c5be3d3180b378a6e32173c,58,4761223.557883378
0xe83acf0f150e1b5ded891c31fe8c2c98e0a97da4,4,1750000.0
0xe7aeaecdcf512db5ed378f11a21b37f2ac0a65b6,1,2050.0
0x394d89858e096de1aabd8529bcfe8c0ff19304bc,4,14760.18129769513
0x6e3820ce90c1cae0670de2c2200f8a3744c46fcb,8,290000.0
0x3462efef0ce0f50289ec37963e837508d933bb43,2,163786.0
0x39ef46a9638b28cc38e6386c5e825f4bb97adbe5,6,211723.34258990007
0x62894f8b74b56e4dc7793e4ca0fa77339045a812,3,6000.0
0x055bfaa1fd6e9912ed156eccd447fd728990503a,5,485000.0
0x80a35c91c08056b910a24c41ce974132f6970b0f,3,39000.0
0xc4ee0fab21eece04fe57c81ca70fc3d1590d9d45,2,5500.0
0xa95b4f7d526d95a9f352ccf871f42d966c732a1f,1,200000.0
0xf1c4fc4d9e8f1c8b852b38deb88f54c1ebff6538,1,1874.42
0x29694685d092899fb7c40119fd6559d657598fb5,8,155000.0
0x20111e9b88c4adb398a4b05e2fca1e57097b5aa9,3,170000.0
0xa296a16042d2a4e317231bf028deec9119d36ffc,2,68000.0
0x89894a067561ba0830a27ce09b93d2efcd0bfe36,1,90000.0
0xc249c72b2a76a5f87a3f977122d276c0d4968cb3,2,7500.0
0x05f5159730c080495947b0a6fc0e22f84bec0d9b,1,2000.0
0x7446e104e05dd2c24ccd3aeb5650732333dbb24c,5,300000.0
0x4cf7793a134d74a00cfbd5e4e590161b46f7098c,3,32500.0
0x5bbf6fee537a6e81d5482c6017d317e7afbcadfc,3,80366.83255154031
0x6dc907e6cee57104a6783d2a593aa4da2ece95d4,2,25768.79378805465
0x9a6aae3dd179d8b084ee4472869e3232bd368654,4,33000.0
0x88763549b83ca24808b79eb26154832f0f4cfdd7,1,100000.0
0x11d3c2ab95a9b0d7e20099a60c567801dbf16797,4,4500000.0
0xed0d4dc0f0e3c8f3a87a40e35d7df3e280539aae,1,5000.0
0x5bd41f0baa83d6fabf80139ffc38d0067e5d0fc3,1,10000.0
0xfac332ddbbdea961b2241946446ca60ec54ddab9,1,40000.0
0xc8d7260e11bb6f478ee8e0bd1e1f591d943d40a7,2,621000.0
0x60570931b4e70e2d8b5322abd11b9b318b72cf98,24,357300.0
0x6b5fee90d5ea9dfc6a9092895cac42a341bf634a,1,10000.0
0x57ca698ae9c04ff4663f3a13a8b6abc7ee94e70c,1,40000.0
0xbf229e8d51aefd5e358b542232fedbc5f66cb0ce,33,484774.05496128567
0x0f4de3d1d6145b0aa76192f253c5594784f0b636,4,468351.56
0xb7a3365ce400721ec0c31f29720e010f0e8461ac,1,10000.0
0xa4d1fdab33b3ea5d3bc9a27f4e5509b0d188881b,2,16000.0
0x38ddbae646be5c682280fdc7b628646d8c93a17b,3,17000.0
0xdfc290ee7245ec4ebef8ab6019108253c67cc62f,1,30027.0
0x32c1dbd74df8a3c64e67d501715bf044d5243dae,35,256215.69939700165
0x575069a1febf4facc747f627dab83c8477a702e6,7,13343.0
0x46cd1cdc2ea19bbfd9c7ba6e479d4c5b04e07002,53,4806800.0
0xcbbba357ba6a1fd8c4174060df4ad655811545d9,5,33000.0
0xd64ab10d5bdfa74b9155b81c95d94cf26d13c428,2,15000.0
0x4a950d4326f02f9ab21fe8a76d2b608b4b4b982a,9,166116.0
0xe762ae6eaa226d473d0542631a24f30d11de8bbf,59,49696975.0
0x3d77269b385250f93f586516dc3efe7a950b3adb,8,63253.0
0xd22eefd3ef1c5759c1b7dab959a6cb6ec678d9ac,1,5000.0
0x232c0bc80d3cc04d73437a9a45b97b0517d05ba2,1,12000.0
0x2ddb4bcb7903571c8e3b2f30c764b88b991b2a23,7,446994.1692949836
0x8f596a8805e1d13eef89574482c11e8b8db30d41,1,10000.0
0x371637db5f25d9ee4642bec5d2c247feaffb1232,15,221626.58167281665
0xf7243509379956e22d0ee4fcc310fca8e7815db8,1,500000.0
0xbc8a209811a37bf642658f4a67a0aa73a89985cc,3,1258000.0
0x9d881632452c12cd92d98461dfa99a9162d3fccb,1,5000.0
0x2bdfa612ba9f9513f26d07ad6d8cd0ddbfcade2e,12,963202.4394500167
0x25e8fa5b81847812958228403df0af970d6fc808,18,93145.0
0xda7682b567f13e60ae897087dd082fb66169b36c,14,502257.1051860696
0x668fa008a43640a9ef208ccc2e5de26a8d5e5d16,21,357014.80926239205
0x12afc0c3f6d30fbf7e829a1cbae8df7474cb0727,4,3086619.0
0x6fb8afaffd490f3163b766ef19bd92a7feed4ff1,35,1144223.3145750535
0xb463127a3f4318bd3144b2f807c1f4c073f70936,1,5000.0
0x9c34eea9511724f6469811845a6761fc00c845c4,4,55000.0
0x18dad9b0525b9666bdfcbb9f6aff4115110984ae,4,1250000.0
0xce2b7c8eaaeaab896b33cadf4fa574dac6be3a86,3,17000.0
0x4340ad62772823085102c234c218f93392944d04,8,76656.0
0x7d69726833fdea710a253749e96dd0535fd582d4,5,8998960.0
0xcfe0bcd294d294c4e1ec096704745d124d519303,1,5000.0
0xaeb1ca76bf1f200a6a8fc072d0656e5ee7e96270,1,100000.0
0xb327166dbf1f9efd896a7678a6fdf7be7be4d8e9,4,1380000.0
0x4aca38d04e3087f9ce656dd2318e8b5d930645f9,7,41000.0
0x3b6d8ecd6f5452189e6a5206e71e43575a92505e,7,526000.0
0xaa7d039bdedac477ad09a335564148578250570d,20,637000.0
0x0e806a746dbaeb43038fb6dbd886bbc9e65fcc6d,2,1800000.0
0x5dbca33ff1779648b3c53fa9ca0d255682bd31e0,2,12000.0
0x0cd21cd56ccafcc541ed141d4beec91f52eb8774,1,130000.0
0x0393b0dd4d3fed88124e2e69f4589bfef4c8fdf3,1,5050.0
0x1afc678129586d61271df34f33f93d643c983146,2,9900.0
0x628c06cc015629b36000960e1fac19e003f2c805,9,5213173.368664345
0x4b29431c7a7b8af83cf648c1c7f1c879b7f5ff7f,3,43598.485125455365
0xaee671896c2e507a2fd69d1b7a66bd43798231d4,1,5000.0
0x918da6f610cf26afdff0154659698e1ea52b1183,1,50000.0
0xc9f367a34803a8d17bdb7f33be9ecb678e68e31a,6,18100.0
0x88f711547a82de81e207b88ba94157db884094c1,4,345000.0
0x7c18029ce2216ea3f23c950044c96e6d6ea73e83,2,48500.0
0x56b9daf541a08cede3d37b2e709f3ccb5684f742,3,34000.0
0xf2e9b51e5b2f01a569eed88a9323a414a7568d8b,2,20000.66913587482
0x2a22417e80af6f369081e4b45dd2e8f7bd506c46,5,129000.0
0x24a85d93362092d00e89e166ed393be454c265bc,1,3280000.0
0x9aedcc2bb0bd057da09f7b6435d06a6955687d82,4,144000.0
0x826294c10d2de8207ca1b52b26af801eb7c20381,35,281003.0117080179
0x5760c1aa857a8318d7e670521b0ca862659946a4,3,9000.0
0x66ef8d107226e85f7f37cd3517d888cb066f612f,18,210900.0
0x7e57b426037f40f90369289cd6dbd5c3b9f0ca46,3,181289.518828
0x7e541ddee4cd970f283191e0d035940efa0b874d,24,271658.0
0xcf3c8cd82da72aaf92b0da44e37471e67dc0fee9,1,10000.0
0xd4a625b0cf61eea3601c6203050d0ad982dd0d1f,2,190000.0
0xaecd17b39d40ac74684dccdf05fc871dfa3555f8,3,12690.0
0x33d8eab29ab738bc952e2e0ca8f001f7b5421c81,2,6800.0
0x2913d2b82e6400f1ad14025054b32059aa88a4f4,2,10669.0
0x94d2538fcec94a2a43a6b439979d85a69f7b298f,1,7500.0
0xb9d35cc8137a7b2127c27bfcbb8c692b395b4a60,1,15000.0
0x1d284b4aa69e736a0266932d37c40387163217bc,3,15000.0
0x477f7eba75b754115e1887f5ea7064ba2e19021a,1,8000.0
0xac1752fd1fa95c61411520c6997fe352847a5eb6,3,7000.0
0xb9edfe62fb51c8d365bc7c6b55918ded6738aa10,2,350000.0
0xadc70715d2f428d16f29d70d34d22a1e06681973,8,490000.0
0xf0f5a1e03569dd02b890d8da1bb1126114412319,3,25200.0
0x38731d293443f96a9da50cccf74a9a9b52d9fbea,5,11200.0
0x4b63e9fe516bc248b81aa861c588d2c914d0a737,3,106000.0
0x86ba25ca5a21564cd8ceebb585175120aa7db3fc,2,46000.0
0xbe3bbc3491b15c01aa620f5e4b50fbc1181d9388,7,28409.0
0xb5d6f76ec1b981f030a05d8eb1e6be305d55d8ba,155,91885428.96118434
0x9fdbb9891461343530a773469a89c933f1e037a6,1,50000.0
0xe64213cbab54bbe834e32a552b80bdb2ea7abba2,4,27501.0
0x3776262008203fa1370067cb90bc5015b7c388b7,1,5000.0
0x9d04a916e339b5e562d4e9701273a308f969cc13,4,17200.0
0xaec7a00b2d0f1ddf0d5c3cd2bfb3f0f563c16aa6,15,430142.64827723027
0x8677f56b78066a3d2260611052fc3895d03ef963,2,134174.08856
0xd682e35f2218bba0c384ef83466f3a6ac2156d3e,24,3638000.0
0x7eac4340082e369985cae253733e86206d6484ce,2,52500.0
0xf3086132f96787fd1bd3916bc921e0df9a6414cc,5,94790.0
0x747d9013f2be78dbfad8b0858a7d77feb89eb72c,7,39003.924028445195
0xd1357491a08836f2a8c1ba9afcf9f1800f4577ec,15,152290.10946604
0x3f2d587622ac2d00645c1bf4dba666380f6ebd09,6,52000.0
0x7a6097e873e00896d04e7a5a6bfb2299301d672d,4,20007.2
0x64f799466d3f5a5dcbd07aeae6bfa358467a5ae8,3,150000.0
0xb5ebfaf6f191a282b2d92e27c6e00f533d6942f9,32,7140976.3593666395
0xad26f032a1b4e83f3e2bca17b0e72adce79c5331,28,653337.9322084668
0xf5859de058f314191f16bc0b685552540c7e3980,3,97401.00326539061
0xc5a7aa06da77219c48269dc6dc6c3d988e6e66e5,1,24700.0
0x0b133595d94be25a0e24bbb5bfcb2754c72eb229,3,37207.38
0x2c539d09d3303062812555aed46c35de199917c5,37,66366670.5080806
0xd998c8f8a0a7e8d47e6cae7390b4878fcf69f672,1,16000.0
0x49557ca2bbb5ea5d5932f632482bdfb10ec93f33,26,5675296.04
0x05a28ef82917105b3803dae24b22c7219318da1e,7,29250.0
0x902f9c68ace3355ece76aeedf87f54191407e665,1,350000.0
0x16e9e66d0fb632c86213c7299d7f277468ab2b6b,1,25000.0
0xb0ac7c2e1fd92c21b7a28ef92997bf674844e77a,4,450000.0
0x8827cd7f452cae4f8769f099e8554d308b0d8e12,128,637623.3014175724
0xa84f52528ba082cb5fc879d78231607a258b5872,2,496700.0
0x3ec7bcef3f6d0435e31296ea264ba5a09eca2238,1,25000.0
0x51f656538e3c03bf1c5891f43263d57b8361f10f,5,4074150.0
0xd4ab39cf1216bae83cd971ad21e0d726ed593dc3,3,11550.0
0xe0780ba613de6a70576cae62174543ea7ff14990,2,181598.0
0x791826d52a881241120170dee46df7ebbec75be7,3,135042.45545961463
0x13027f812dea4912e6ab2db2015a1199af15a3b2,2,13000.0
0x039ce5c3313005a37f32a8d8bf06788ede22c68e,4,75000.0
0xf974a8bd8a24e80c3f87c9479c0fc387d8866dac,7,35500.0
0xc6cde4c46e1357a597a0d734acc2f7e149632715,1,56000.0
0xe769e6f47d2205657a41ed04ee5b698670d4f675,1,100000.0
0xeb105d3b7af131be54dfec90036957977de4e8b1,7,878750.0
0xb38b50d81723224728c93c60bcc3d4d8421c9b01,2,7700.0
0xea688d1664d6022745e6f37724ddede431d96956,4,6100000.0
0x6413346db0469e491dfbdc861bbec1fe9cf0e428,1,20000.0
0x741eee757803cfe96000cf15a33c71b44fb98d40,6,22500.0
0xa27f437e5113607505892b4690ea67567721f679,10,1071869.4606174163
0x2e00bc97f48e0c74a50e923002ab0a242d9e9bc0,14,374075.8471531358
0xe62afaac40384beab3d5975b92045ec3eec1b500,1,400000.0
0x5bf1fc72e85432aeb60ef7eec2e815983fcac56b,19,1386497.92
0x1d2196d3e1c941ceb048670457e2af8fe8e5dc73,7,17450.0
0x7eb81f2d6dc6a69c5099ab5161d75d1ff3d7a21e,1,21400.0
0xdaf6c91cb5849df458a3b91a7c076b3d7c2e6c1b,2,15000.0
0x805f3658ed857e38ee3e2d84fe457b1b62d0f704,15,131100.0
0x1da8f1b4301b1e1e06af8268dbee4b873b2e74de,2,8000.0
0x12c3843740bde74ea1be9145139867e6bebb5616,2,240000.0
0xebf1e2902548f6f57ac907c83e304c38f8be428d,2,30000.0
0xbfb2d02947b6b36e5a945ab660c1b924edbcc3c8,2,7000.0
0xa48824c5b62cd3cb2a51befffbd742c11ff21da6,11,108931.0
0x1046a9fddb3e118a1bdb88c7883c9e9df216f7f0,1,50000.0
0xf06e71fc113dddc69d49f0df8e3504b71121fe84,5,27500.0
0xe9fd50337312da200cb3d29193d9e9f224000f22,1,5000.0
0x1b7ed4fda0c76242d96e435b42e8f1a2cb9fa84b,6,715000.0
0xa83959baa27767a85520231664ad4a85605b878b,25,532589.2060939748
0x47bac75d7577defe834b39692428b549635a14e0,3,40000.0
0x1244c56550687a00d5ad07b5229296f173d5403b,14,649952.30664747
0x3fe79701fc3326df7c9570c41372e83b48f89817,7,475000.0
0x35a9638e06e4815e4dff71df2f6fc4c4369b4f8e,5,14900.0
0x1b7f2e48e97819717027045ad26cb377b5071f72,1,5000.0
0x1785f64add19a9f4405e79a6a7325ff84b398d95,124,4196948.07628506
0x4df279124aba76639776df87f02bfd799bb434bd,55,3378300.2274130876
0x8255e81e7caa3f2617865464a0f8d0171d9242df,1,5000.0
0xc0e8460e954e68cfd67f651cc1c78d06d836a744,9,4000000.0
0x2f009b18e2d60cb8159fec0831b52f70d8a83f9f,1,9500.0
0xa8fad98fb04d466d27e05cd9d3cddfbcf3ab5eab,4,192350.0
0x00aa1ba176d2534181481438e539124dbcf357a6,3,90000.0
0x292bd68fe04daabca8f85104a120d00ea5aceee1,49,317812.9339234856
0x0b920be5cfbb73a272aae45933e38e992c139021,1,160144.0
0x96cf337d1896607bef8b7579c44da6db164bf40b,2,12000.0
0x1c15576bfc5629fc9d9e95266e6da2c4377b4312,1,30000.0
0x1039510a65931b365905c3e9f087d3c41261ad29,1,5000.0
0xefa29fcbe843f42bf98e65b8d0f976d0440c1d3d,3,27000.0
0x2ca2ce7ad941cb8cb87fc3107748947c66bce019,2,13000.0
0x4e3ea9a15edbe2c9d15595ff5d5771a0b7191d1a,1,2700000.0
0xcaca2a72c2947adb31de4ac717d6b6b1983dcb0b,1,21382.0
0x02e9f377cd3ad33d8a8ff0787590b2a131463711,1,50000.0
0xffe890ac00c246aa980616f2d0bcb2909ba1837b,5,57000.0
0xe9011db84d05ff1dd81966a7c48cc088f81ce196,2,150000.0
0xaabb77c2f34243ffbcf117b91448262347447c75,2,165000.0
0xc2ca41c9b03018b08f3e575c8deee47524091452,1,6000.0
0x4de24aeaab46a9cf9cf1ca2c15a1dcbab8d4eaa1,1,50000.0
0xc749a976d1625f5f7392b19929da7ce9a4da0b84,1,40000.0
0x4fc0dff286937900d4d5ebc1e02d12f68eda9eae,1,800000.0
0x5745ee92e80b87adb0f237d869be817c33914896,1,18000.0
0x46fe58ca45b682f62c76ee72514414426a8c09a9,1,550000.0
0x861a14bff27a0fdb778f9851f7cd2fad9822d044,21,1246651.3805495535
0x855e68db870785133903279437851b51a57d6839,6,116000.0
0x3473a024de951135e075aaae390e3796d61f6a22,3,5500000.0
0x765e310b4b4b089b5020090f14e68162fdbc83a8,3,40400.0
0x0b3c02b82c37ee92447c1907c6f915854d19d7d0,1,5000.0
0x09dea5f1ce67745aac41882defda1e677c475a03,2,4500000.0
0x6c06a456918fdcdd16dcc7acd9a76862cd32abb7,1,16500.0
0x387a20dcc01262b811a2a2319a7e6335ab18202b,2,17029.0
0xcd5c87a0b54aa6fb11629ac1308d91d6c93e3f67,1,39035.1
0x56269fb850fd8ebf46c923ce576c418e732efec5,2,22500.0
0xf59af7812290d27173f30a6f97d08190ad9756d9,1,10009.0
0xc92da42c32c565b90a21466cfafdc030a3b34e54,5,255792.6561
0xb328ae4e60d93e4481f200dc994c948eaeafb798,15,83500.0
0xe04b8117bb4348f8b6ea659b34fad7b896990d16,15,82630.0
0x451c36a5f8e641bd0c801eff3d9bf84fbd993eaf,1,6500.0
0x1faa4c3f624f66f4012193494c9c7adfe6e50bee,3,24000.0
0x71b58ee4bf5b0f617b789aa522fb1e2c14f243b3,5,60252.82797619446
0xa7b842d684516620f86c1dedeb90a2223bf5a53e,1,21000.0
0xed0618885378947f948e8ab640fcdbdd11ee066c,2,8500.0
0xb15cc72ffecd0a9582a58aa6cbc9747894889d81,2,16000.0
0xe43d99f74f63a90234dd74ffe3ac0628a34a619a,5,1700000.0
0x51e6711dbeb266fae893a442f62a55d02b798fd1,10,145200.0
0x4c107ea7742c3065dfb972b20f99e7aaa304af85,1,20000.0
0x2d9cf4fda14d8c5e060a9e625bbbaf515ed7f278,16,345900.0
0x5fb5c047ee2b4d914059baaa730a7c0134167f59,4,108000.0
0xb9b9cb209b26c0ae5d54a46b5895ce49eb07a245,2,9500.0
0xa0bdc9c6e69087d70de30cc0c3e5935bc6dfbea5,3,70000.0
0x726e9cb0bfb967c77e6e91b2971d961acf023756,9,72657.0
0x1e523a778e267154b35069d5e0424115e69c627a,1,40000.0
0xdab3e01f8606c275fb8d1000a571288f602d5124,2,39000.0
0xf02718578c3c07d19d948af98f47a9c0dffd1728,1,5000.0
0x263ad7106941237462708fa2e793c204eed24929,6,19300.0
0x0a678b2ca9932b57168af30728e4737b80ec5140,19,329257.20342744
0xed4aa87bc63f227ed25a2c52f993291528586bad,1,12000.0
0x2cbf15df22b060d80271a094e893c639c31a0d91,2,33000.0
0xadb2af9bb8aa09028d073b90616bb42fc3396280,1,36518.0
0x39ed9a552faa92c461d113a3221ea03b4a623428,1,45000.0
0xd34a5f47496f401ff07bffc6bf87da38757d18c2,3,23285.0
0xad878faa3f58841c6cd7df84397f83f2e7fec00e,4,68005.5009
0xc6e1a1cff021557363999a2b053a661dd785b8e7,1,14900.0
0x43665579ead127a2b2ef5ab2678a3970b5696106,11,239000.0
0xfa4b9b4d946d66239b3526ec6b247f2c287f134f,1,8500.0
0x8e97e73273d4822189544e8693069f4e46fb3518,2,39919.35
0x58f25a21236712812806610c3602647e2082d1e1,1,150000.0
0x13d80a06f6fe3f9a29e4cd7ba86255534e2fd612,2,31000.0
0xd62d9e41f73b3b3c3ef92a447f1e08dd941eeb20,2,984124.03449486
0x2785bffac28a77c35ea5ec72de7eee151e0f2aff,4,280000.0
0xaa364235f1109d97987112a900641545caf36a66,3,19710.53
0x579b5eef3fec2ec53896c70db9d4e9b8139c211b,1,120000.0
0x9ac3e077c220ec8afd8b107ba81d0a0c8698c6ad,3,379600.0
0x69a1896c90b573bce79fa1e3ab98a3e799c15eac,4,17800.0
0xec2ec6bb1d36ab4d3dc142e116a012b42550e577,5,48000.0
0xe7e80a88b1c8dadaece33feb7e490f2b3505a58d,4,162100.0
0xc2b954df67d41a188895b31e6d3259555c5dd225,3,39000.0
0x7bf4544a738e44b552da5bc727c4d9f42a15a6e7,11,702000.0
0xd7f355f1b00d1171d6fc1ee9568374f16523f730,9,200756.3599554274
0x3ceafcc3ecc5f00a863b490f90ce4600e7a54aa6,3,396000.0
0xe2c0fa2dc168a026f0e3c40bffddc5c163564201,2,40000.0
0xcba588d37979a5b08a038db2b5c6f9f85950d2ef,1,15000.0
0x1a591959cb06c812e18bd09dd92cd49cefb1048f,24,194945.4241661445
0xa9fb4c8227b55a32fde3ac39d19f98cc895bfa98,6,1709000.0
0x530f2a6bd9cdd5345ffe8339fb3b8e30c6796d8a,1,5000.0
0x145203157915498d2a3e557622bbac8fb5b465e9,21,895994.9441124158
0xfd9c65f923029debdc6613873c77c930aaa13ac1,15,112755.46950967
0x3c1a87fb09fd94fae0a8e61c141561273126609c,11,574869.9055999999
0x9680f6191b5c6da3105ceb7e75010ea35af006b6,1,10000.0
0x694ac6fe1380abe589173f6f5775f692fbdc734b,2,150000.0
0x34e490b1e01a5acc2039f23bf25c88864e64e8e5,70,564036.542298891
0x6c4f4dcd9ea76585134a114f97105146de906bd3,2,15500.0
0xfc9618705233b6531981cb6e4032f6d33b302fc8,1,12000.0
0x8db4665f41b8b9afe482b255a465cb7c5b6bd728,35,594146.95596899
0x99bbe3c53879a4bcaba3b59dbbf4cafa8fc2c41b,7,192940.70162528002
0x9548b8cbdac068b39c5704204dc5ce8f0f30be86,6,25994.87524595939
0x5bc5b3c74893f79ce855d08743627dc9b298c8ee,3,11300.0
0x26acda35d0d7911c5d8de5d2182219cbe3da5485,4,71593.20870066
0xd5a64d87fa2dfd712767bdd6e8ebe1888949a8d9,2,72750.0
0xe36fb4603851f17b3a474596c10ccb880edf7118,2,35000.0
0x7c58f5cabd94f4767dd235bce0330a57ad01e88d,2,348411.81578622
0xc310024495194b16a3f4d52d35ce915209e740f3,4,75289.78423397864
0x9bffc23e8ba6ce2026146e10fa6e85299c34c8bd,3,20000.0
0xf102d4615b667c0e8ef5ccdbdebef9bd615c27cd,45,816356.7537734511
0xef97a317c0eb2d343aa0300573200a8c36678475,2,30025.0
0x29e2c9ef9c0c0d2e4645cb9755ea120cb7d00624,1,17043.3252
0x539d799a5dc7bcdda53084a8943e6998c8e4b61f,3,9500000.0
0x2e825ac55b2edf9a0456e21b297cdc3df2bf02a6,3,153304.43201528
0x212c7ef2844b92b3ca6453178cd3255ba2b4af8b,28,617683.7929475681
0xe456f3586604247e14841c507c930bacc51c481c,33,942229.9633835198
0x53e029ac6f4f8a0e4c6bec68752ee3302e2602fd,1,5000.0
0x78ebb37f812f1d17635ecb183805ca3e84c0e57c,1,5000.0
0x9ea4e2ad7fe7ecb4f6ec6c77ff000f01fc83a366,2,32014.4
0xf32d7e81f2e7a834b50ee27d19503f30dd824de6,9,300000.0
0xc7d1314d3e6617761af240a63b4a43394047c0ef,3,46127.977788155615
0xcdd006a443dfa56e9aa8459a60c08e83aef52791,5,603000.0
0x3cd8f72f3901fc22a5776645370cb07e2820e96e,1,5000.0
0x0aa7280799a18b73bd97627410f781a5baba6cc5,4,15000000.0
0xea75b066118fe8e04217879a7632d523c988fa8b,4,16000.0
0x2df5fe377df91bd81fc60accd5d39b71fbbf3211,6,3100000.0
0x9ee378aeef05a91dde552d09c7a4ab56ef2a4b89,4,114648.59
0xf7ba3923a1371eadc2bf6573ce454101fd4555a0,1,5000.0
0xdf7bee7752d06c2118548d0ffe609ee85b4cdf29,5,147062.46169701
0x828f465bd389461f6e878585f8a0c1fc39c1288d,1,60000.0
0x03273977c8f4ad928d81f591a785c7a4f7f0dc7b,2,75000.0
0x33e54961d13ab72c64571b64c8f8a8ced631ec76,1,32500.0
0x109d4b93bfeff0694d794bd4f9fb5a4c17eb84d8,2,15000.0
0x6f632396fd0657eb00d94b4c6fed96f532d9adc8,2,20000.0
0x5000be05899ec2fda2106e6bfa5c14c18595f0eb,1,155000.0
0xc248f7b8be4741d2cb036920031d4d0500984780,2,9950.0
0x9bf5ee6d614dbb91ddfab9ea997fea3d8923edcd,2,10000.0
0xda51d995c80303a5b199747ecbb4b22cf94c23c2,3,906749.0
0xf74662abcdc4277fe9c1e078d7b39a0e05f8d1ea,4,100000.0
0xf19d862087cf3e04e92b836d1f3b11b4f740e23c,51,3297259.0300000003
0xf6a3763bfdeebfe11b5734c2de1fb8c9c47540c8,19,490439.30856284435
0xc80804df1e236bbbfbe5662f84bc4fd6464d365e,14,1547400.0
0x051b8d59e43c419d7a402c242f9bca234f8caa60,6,29002.09379319279
0x2034206d76901c662d90fce29a1e751522c60881,1,13000.0
0x2c834a501274a5098becea2b930867d636601a26,3,47001.19859972514
0xa5b8e45d51b5d82cd24a59d66e891dfd44bca7cc,2,1290739.99
0xb5cb96ab04a70dec534e5474472ff4c43cca30ea,15,890398.5738530203
0x711e780679867c1d27bf39293117d810a2496b8f,2,20012.6
0x58081d6e041985fc00024efa8250296047c98d57,4,85000.0
0xfc79eff44ede1960a9efab628cec5b8362b83eb4,9,85468.27785931484
0x1822b92def073cda59261f2eff85a3069185c05c,33,702879.1647394963
0x24c899bb226e7950abf737039ee52dd43f056783,1,60000.0
0x8bce40e23ba82ba44bb0d44c85f8558393db040f,6,36300.0
0x6a5724b2b49dbc533b86a29b308bbc5016d59cac,42,1705966.5082155732
0xdbcf5a8cb0ba5117d32b7efe27c6dedeef88f801,11,242497.0
0xe10d2874851af1344d8ae4bfe68fbb20eb70db8d,2,12800.0
0x2c0804a42804cecbd9da10692edb0240260278bf,10,111159.72640538376
0x886036cfe53b83297afd74964a86b5e11e0e0af4,1,5200.0
0x1ae6b90041cb468f244a19e45e99c4e94baa5e05,1,5000.0
0x6d017e9367166a0166dfbb13f82efdec8430a748,9,305692.78644065
0xc2fd7dfa4775d5cde25328a1fb81c7b06dcee065,1,18133.0
0xa298f61d9774e9f8ea991bd4fe0a8dfb98aeaec0,1,183292.0
0x4fb7f9f9b62e4af5cc164f16735c4829e5f6e16d,1,8541.0
0xaa4682ebda711751fae7eea6d34ab813996f5660,2,280000.0
0x9b36720eb603c2ac8c5704b603b0d9a09f11fc88,22,379000.0
0x29826195340e7213bf8fa1b9ac868334a7f8db9b,3,12250.0
0x3835408485b22c460fc3fcd04a9a3aca076108a1,10,1007200.0
0x087647f5e0a1e1bb3708f08dd262778e1a97d830,5,6350000.0
0x513a3ef8a4ad9769a304cbbb28fbac2e054edd68,3,22000.0
0x326e4b3059142b7927662c2addd2e5d77a1bdd58,1,25000.0
0x20d28a1e08e778db08e6e734427bd9d03cc36887,16,132761.81453672526
0xab96382a49b02dfd86c0f382bfeb365e258179c3,3,350000.0
0xdbd9e72de26ad25e6fa6d0ac5e314f81eee2bd57,2,80000.0
0xa958e3dc8b9db47a32968a1aa79ab6abc20474fb,6,205000.0
0xab4f32578db827f2007de1b6911c410dfaf7857a,2,73000.0
0x5611fed7ac3745844d77832e446bb6321e8c51f5,1,50000.0
0x843849180c52fcd6649cf4b2a2cf090520b412bf,2,16005.4
0xcae61769b12cf4c6a310b955aef876949212d5b1,4,16515.05504
0x03839bac17df01415e0868a02f75d4a9cf604803,2,61500.0
0x078cfdf375f09948e4fc705876f3c6cc8a4ecdf4,2,16500.0
0xfe49db32ec05f8bbf1b49bfd154f86f171cb19e5,2,33000.0
0xc2eb6f101de741a97e2e6668cabb88c0d8ec2acd,5,506000.0
0xe4ac45b4a0eb20143f654a6766cfea64e51b4058,10,332000.0
0x179bc409fd5ac7beed5110b75bbd51cd65d734eb,6,45110.0
0xa5965762304172c72a8ad09b44059e0ce379d64f,14,637033.81587286
0x67251af60bc0cf228b03ba07608e9d761a0aa243,1,5000.0
0x991ad557f0b5c01c6bab26a04e900f8e4f0cf6e7,12,33161.179406039606
0x0497b396cfcdcf212b7950ca80889b7195ef5da2,4,500000.0
0xe5527e67364011d23b6fd8a647dbd13456b200cd,5,198000.0
0xe2192dc5433cb34b3deac999318f7ca6fb0a657e,10,1499976.93330212
0xb55e37a9e04b7ddaaab349a971437846adac3abb,9,41200.0
0x095c10b4b54d2357f51082ad296d2685442137cc,1,5000.0
0x49888d68e430ea94f0d2960583c5a1f9effd5ca2,1,5000.0
0xb57535e680c335dac3904c45d3974d0a3d957d35,3,37096.30368914881
0x5faef9ed22de3f677de0823caf1e16d142415088,4,20020.0
0xc32217bbba5cced2d961b41a2d0198279dbdd9e3,1,22230.0
0xf33ac143d7d456f8e3e7d9dc6741fb3717179fe0,7,164382.76660745
0xa7b9d21fabe225731a7e1707eefdc764a4cdee56,2,48000.0
0xe9bcb6827f2358806586daf2422ca9b76571f77f,1,44500.0
0x066aa8c274ace10868c5cb2f1710119ef463525a,1,13000.0
0x6b448718380a7dea7dbd5c58a8bdb839ddb999ca,3,82000.0
0x97cf00a4d0fba798991836bfb80ee04900de8e03,3,340000.0
0xfbaf543af4eea04157ae8beb7916c8e1ea624097,11,879100.1542739437
0x598482f10b85b89941199bdb0eb9e001bd13bff0,4,30600.0
0xf14d6c1789b5269e09be6fab4bf0d55d806dcf8b,10,172903.47907812466
0x9dc1353b574224b8d05c8299099c3b9cee576b29,4,18591.157208457887
0x8f556740f983170a012b63d351d54d350c60b883,1,5000.0
0x2498146b76b0f9aa6b08949480f513be3915c186,2,300000.0
0x993605a485f210f4994741602a9ce72d1e97b8c0,1,5000000.0
0x33c4d21ff715a7c7eb46d568eb424f5407d6b60a,1,5000.0
0x05f3a793e133cf706a7e7e2fdadfdb2f7cb06c5b,1,22000.0
0x11652d0848d0a35748408df4d2fabd9a5b03ab1f,1,25000.0
0xfd22a6277dae0b5939073d0f0824edcdbf587a54,5,335100.0
0x76d42f1c4cc2352f62d04a88acb787afa92b7b10,3,7030.359779600941
0x430e7c49fbfdf8103b1cac540ecb76b4f0586b28,1,150000.0
0x8d4bd4a9e156b9025729fa2bf6239c80f4124533,1,62000.0
0xa52c208c9a4077ad3778630b8b1478f000b0b92c,1,5034.0
0x5da76dc15d4884678fbfeace3725c6d3df36115d,1,12500.0
0xcc4606ae38e535f3fd63986a67c62697a077719c,12,26000.0
0x00f12641ab4a9ea5fc8512eff7431e54adcc9779,1,5000.0
0xb61316365bde405596b732b4d68af79139b9b9ca,7,81000.0
0x252b71cc854cb41d4b83939cdb1371af5246d3ee,4,2280000.0
0x001a50268fb7090feb1c7ae24294cc98ba2bf199,1,1200000.0
0x2bc1e72f192b1410b2078e1be1514513bf597801,23,393295.79645463
0x956827d320981c4accc491aeebcd3edb647768d8,2,64101.0
0x06145c6a07d0159a7f4e6c73bfc730ffd46706c4,3,57000.0
0xaa10624296d1e8c0ae43493b64e51b17c6c8895b,2,55000.0
0x7a14bba0274f16c6d9930ecd0525d57e57462bcd,1,5000.0
0x5af0d3cbc6d3454c3659d7d0093e7624b20f5309,1,5050.0
0xa9ab307d507cbe1f553b1ac740217231eb433db3,1,12900.0
0xd13463e7d989f987ed48c6a61c8daa7ebd17131f,1,5000.0
0x70f889b44552ed8aec5eb48a1a3b1296362ada96,1,16000.0
0xb2f0311d4cb91f7aa950ba3fd94d1f0c7ff4747d,8,65300.0
0x2ba8e318e394a24930481fb4e6a54c316c544abc,3,11700.0
0x2d44971d722f2588921ad8fc112180b6288206e0,3,200000.0
0xa7b17b26c2b9d5062fd75519f1295348a50ad495,40,3413197.0827417644
0xe21d94cd67a2f9748ec0ab4c427fa32977213f28,1,5000.0
0x9d830e7612dead5c75240f70cef3b671abb37a9a,2,150000.0
0x25ec4fa0fbff9c22dbe202485be1dc50a4735475,2,40050.0
0x477654a06fe5a9394b13b98e81558b05731c925c,4,13000.9999201218
0xdaa2b503cd0640a9c354c14add07d019ba17c13c,3,40000.0
0x000a61af7a642709fa215d3d6b874979b859885f,2,6800.0
0x426f33b13ba268363af9e2f60b611bad57a89789,1,120000.0
0x1e9a7c984fd7922f919cbe8090b2b741765b03c1,7,48662.3460374229
0xf8f01cbe96ab08573145841fa77bfca92614baec,2,1069783.0
0x6005f86ade2d94350c3c8bf41a05712147611986,1,40000.0
0x0f4936a59ba70d233e30a1b9ddc639c8c4031e09,1,5000.0
0x57ab8cf9d90ec8f173913ea8a7cd9345c3c77570,1,20000.0
0xa5874481ed316e7d40bbe1f33c9cd8e1be62e47b,6,29500.0
0xdf5e58efe94d46fa0cc37c1d81c1c7d1deb99306,1,5000.0
0x93e6b0b0ad37a60762686ee7a898467d69533e66,1,15000.0
0x30349e0597296ff1ba73a223ee2ec95729cd6afa,5,110785.15623441
0xfc3d8024edda724edd126f05ff50f53a19613cb1,4,168000.0
0xce429753ff8b2c62d63619a5ae896db175ccf2c1,1,5000.0
0x7df0da70430f38911aa754193040420255c8d3f1,3,25161.0
0xf57f3488bb004a6f11d707dc5211460429c3df5e,1,19100.0
0xca9e570c99966a01b19624e375185edb7317c742,9,129151.15342778
0x39d3da6dcf44ab26854d192fa9efa059662a43dd,26,93031.68444569777
0x620e973d0b42c261dfdea49250046ceb74e7ea60,2,79500.0
0x7a6460c46a51583eb00f8bc5fa520aef302bf8ed,2,13500.0
0x077ae0df598ad4f109a6acfaacce2bd2d9b1c26e,3,92000.0
0xe3b9bb4158174ae0285d8998678f02f61518baf0,1,9000.0
0x2a2a43f61c959cec3a1f3bed9bce20f46908ca13,36,1613300.0
0x618668eb222c608c3899efcd9051cc2884e39db7,3,12879.0
0x1fe2f224bff099e8bba688c97996348b0df32a17,4,365000.0
0x82955fee8b79840eacb395822ed94d15e4eed0f2,1,7500.0
0xd7f789c2d64dd887f11c1f64e1da6e622a1d4877,1,18000000.0
0xe418eb7bed833d4d3caf4e41554f125b84f3b07a,1,5000.0
0xabcfce95ccc3f5861c440e518854c5d65ff4f30f,1,9000.0
0xd680038d01a0a4f3c5293a036566d78fe33b5e10,1,200000.0
0xb1ed8e80e9887620b4d689cad49477ef45e9ef02,23,11855339.31943353
0xd474985510ff428b713c19597a3825abfd15141a,1,10000.0
0x903c874a86bc123ce1f5e63c429a4bfbf59efa5c,1,5000.0
0xdea3af7df315a2027aee3327bb50d185d66f3355,2,30000.0
0x22a5c38bb0ea37f6a69523702dca007576a5762a,2,15500.0
0x5d28e50c01a3c3f5ae123f59123da5bdbe83e076,1,15900.0
0x0d23930996f086629dd8e91749547c217cd46eb1,1,5000.0
0xe32c8bb0d71b18e16265ff80272281d46793c776,2,550000.0
0x67d3e958c2f6f63a6d7c5acc05b94b69d28cf66b,22,152166.00433813242
0x1a83723663320f89efdc109ab6c2b9dc79ab803e,1,5000.0
0x93add6069a8dc1f49d12becfbc0e0f39cb20de4b,1,12500.0
0x35dc9553e06a9f299231d3f906f19627195336ae,2,9950.0
0x3662c30898197f78039519937444c53c4b1ca95f,2,55000.0
0xb67fe925623ea5034b1c38d1dc4cf6303a3d55af,10,101000.0
0xf43eecf2acb69fa9129303d37da8ce196a015f46,1,20723.374266
0x7bccc9689fb3023b49046d81154b4e7c3685abc4,1,6165.0
0x9a487a8137df79bf03b4ec2a99f81454b423eed6,8,73976.70156898651
0x36436e49bbbed97cf70a9711c6715932a77c27c4,1,5004.5
0x353cc60424b97d5acffd5c3a2aa8c7d627bf998b,10,1375000.0
0x521608ffc5ed3ce6aa55aada16363af5b0cf8b07,6,640000.0
0x099376dde8478cadd4a7db924d5aeda9dd844d71,2,7000.0
0x1710f9f9671ff8f1350385a58dee24e47724430f,5,310000.0
0x6d0bd078a5285af5d5534134c481ece105a2f20f,4,13000.0
0xef0ac73f6aa0741d822b7f6d199969218ede7c4f,2,10600.0
0xe654028ae25481b4891bf1a4e9eb69d06eedbcf7,1,5000.0
0x6f5cbf0dfe4f83ed523bb6a8fda8093876984590,1,5000.0
0x1a07aee746505be35ec0da0792033b3a923d0a0e,1,10000.0
0x281bbcfd448652ae1ef0a27a4984d1c07b601860,6,129815.21268932127
0x1376964f72a7e02896795e0eaf0527d6d5529478,2,1944200.0
0xf7124d6441bee153decd519f810086193674d46b,2,11775.0
0xf27aad8abd022ea3fecd0fd688215555e6429924,1,7000.0
0x550b0cd9a08156a1737a6cc5d96324fca2989978,7,147500.0
0xb4bb41c97462cf96b454451d4519ff3aa057c83d,2,6050.0
0x7f0b318a286f0d4549532aa0eb9d3a97e24804c2,2,105000.0
0xabef625b7c4f8eed1491f35a305b8324faf30fb4,6,28000.0
0x227078115754b0c6ec4616e4ef655b689c836238,14,95466.7
0x171c8f3230582579891c8182bd086bfcd8ea1958,1,20000.0
0x5f7a323ae7625395cdbbe88a05e6a5d1ef1843b7,4,445000.0
0xaf69f8e3ce3050a0ddddd8dc356a6f14e7a9c022,1,5000.0
0x518f82428ff89458659ac2febbeebe79529cab77,1,12000.61
0x532223a6fe23d9ce53f77e7a1f229ac32707486d,1,150000.0
0xef648c99af1257dfa785813cd2abf7d63b0e3e23,3,12500.0
0x022ff406b361a76e51b012fb4b98a71babc767ca,1,5322.69
0x704978d837c17c1ac9d14aa9c7d26890dedc53fe,1,13500.0
0x9b9af546bf6b5e630d16f3ca6cede4d0d8d4a4e8,6,98913.57567906
0x526066be25d7d64540ede2148ac3b93ef0dc5dc6,8,4296048.828412953
0xf7b03522bfd22dd23ef86abd1710b944652053be,1,5000.0
0xfefc9bb441da663ed49d9c8ff59e3b0566ae21ee,1,19200.0
0x31693c6f4f61c6a6ebf8900c4be95b0fbb083289,4,76000.0
0x2b1f8da706cef5210a4d75dd4f21f7b3a98d1248,1,10000.0
0xf6c43fb608d3334af2108fda27010bbd5c2c745a,3,7500000.0
0xf0856e5ee25d81d49cb2a156ca1e3d5ba67dfee9,1,500000.0
0xab598c4496dc3eb8c4919d80b472dae32285e812,4,380574.0
0x542a38b4196ec93a85e311d10a1e87c4b78e35c9,8,308695.72
0xe9d7bda4f337f2a3c174031f83fd1ad05ede8385,2,19200.0
0xf3db59579fc5eff2ed1cc2a10986ec82c81fbb4f,1,10000.0
0x80b5065661254be7ea899a15cce91d6be2cdbbb6,1,5000.0
0x3539ccff045b83f6859492e4c5ffe872f32c1f5e,1,5053.92
0x7b645e2ed854422053207135e870b7dc342e59ff,1,10000.0
0x55fe6238c8b555b33dfac8ca1673b1c45806ff97,5,171000.0
0x0cd9e8569de905a94f331738363c8eb5e246ab22,6,170000.0
0xae3aeb13c610db37c2dbc10ae6983c61bdb67a3e,1,6000.0
0x28a4442b0b9db73cf45f83a8f9b3c7a6f7f5c410,1,7500.0
0x2f49ebe9ead893841f12ffa44acc4dda1b57258f,8,587000.0
0xa570adf6e0001c45f42b007adda6d93e8573201a,1,6029.66
0x189fcc58f8969942f0c30a374c4cbcc1ec430ec6,11,13160153.953775562
0xa226a14e8bf29d5be28c279eaaef5a9c46bb835d,4,24490.0
0xa115ece0aaec30d542b3880e0b454ee7842560dc,2,167777.8566992047
0xf933e4bd08327f9570e9ba34c52bbaad1d0a85e0,2,10500.0
0xe65d5f6bc79489803600a39359c1a37ba5a448e6,3,95838.91846993999
0x5d9529afde1d26a781f681272c59b8cad04e72f5,1,7000.0
0x2de9ba1cefb94e0872b3be570d9af64c97546547,1,8000.0
0x8399c7596c5bab0e50dec284f9f00669fff600e0,2,8000.0
0x4e66635214a119c3374d1f3c9e6d79a250c218db,1,20000.0
0x2bd58b962313a3cdb91c5ae2ea5bd24ad911d791,9,62000.66876955016
0x976f54281ef06452f236b6f150229a828248b73e,5,63190.0
0x1ffd5e49d150334942a100b6f31f573bae83b823,1,12500.0
0x20d8f792c2a2a9b7c20c447a38066511047e1b15,27,1908211.4624455431
0x7febd0ee56fa4fb6201e766cd0fbdd371430aef2,2,770000.0
0xb7b52c7fa5f5afb06123e7bf5b51294a2cfd6052,21,205046.22337447
0xc3893034378c45432f0177eb97b5b3d55fcef120,1,35000.0
0x866b7f843858c0ef721c7eb8f05651a27ba64e98,1,18000.0
0x121b15e9c9737c34266ff2738f0db05f87b1dddc,2,6000.0
0x8a114cfbc2d7e04929657621afeba0dec317563c,2,32812.29553333334
0x06565a796b22bdee65c5f3c1c134c766cb36a859,4,667847.26
0x1aca5cccae6090d691d0f39ff6cf3deb240e82dc,1,5000.0
0x9df9d4492addcee94f530b8c8f0f85e8eebffa56,6,179603.47667367
0x89f25a6fb73011ffccce8c438ddb4a11f5cf26b9,2,5001.0
0x2da64a7f84a32e41b90fb4accf7da33c2f12dc50,4,90045.0
0xefaddad73bff7ef6e87082a2af7acbb00c38c12f,2,364410.28992197
0xf3a879d0a6c67f6981114cbddefb9b008141cbf1,22,262260.0
0x3865665bfd467c9252b707ad4a20997f6a1d7c09,2,100500.0
0x35e5e835dc92621b9d2fd2c5cecb8f45dbe0c7d8,1,5900.0
0xf024521f7ca9e1326065a80827dff780f0bf3702,1,25022.5
0x6b3f80b494e7cbdc19a312ccac380986da45596a,1,12000.0
0xf6a21d714a09b5b2ac4fb3b41a20d8654e74d7b5,1,75000.0
0x3b4dfd60d6b1654015bb887833979ceb389bc928,3,39805.89939010007
0x70797c683b0d171ab1ab94928b11a47676c8cafe,1,20000.0
0xc37dd5e8327c2f3d2b277ea77f69128e05ea47a7,1,60000.0
0x31f6deeccf27e95ba620396cdc98823d90a35794,1,5000.0
0xe49b9da4510d3a3849bfb09ffc8399a6e798c6d4,1,25000.0
0x6fafae708bd035883a0a2284ddd7e2521ca096ec,1,22000.0
0x922b7354e5e00d1285315c4b875e7032edf288fd,1,25000.0
0x3e9a02491337ddf83e3bbf4e28c67cb8f1838d87,3,250000.0
0xdbe8b1f07c5bf3a607e63610ca0bb9b6a45b59e1,2,510000.0
0x33ba6948f12fd82240415ba895916bbe03c79404,1,100000.0
0xdc455342373132edd200bd71d3cc241850864ba2,3,100000.0
0xa2bd7fdc0c2f7d5c73f6e56830ce956ba8bd03ba,1,23450.0
0x3c799e5dc369fa344c95813b3a2ee933fa2874de,1,5000.0
0xdd56b2e1b627f1c3bd4d5f07c70c7a853845fb80,1,20018.0
0x3b43b52fcd42744cad5a532452f6834ed9b80963,15,1014526.0
0xf30ede86c904503960a24b398229a80bf4ef026e,40,220134.0
0x859bfea9ac04e51cc661a8ba03e7e43ecc57e748,8,232000.0
0x4699335c679241546804a61584a5bde2cd9ba856,36,753595.18931354
0xc59e18ca535d11275e0d70a3d077e4d09c295a07,2,20109.394535510804
0x037030cd4616d9db588dc861d1bdd46c0ffbd532,2,1978242.18904848
0xa2bfdb92ae6a18887ff47234a668a845a8c3cdf0,1,180000.0
0x5c50070da6f3076fd608033e42c74513ba296204,2,303250.59505555
0x9fe9553318e86b7693a226ea1495ca0b4f2b931e,1,32000.0
0xee08adc5bdc1ea16227de5124fc9176354716f3c,1,75500.0
0xef0588acf3d02308b0986ba48aa7839de24a9c93,2,18000.0
0xac9977fb13fc0559bf04003666b791fbeda912c4,1,341508.0
0x3e86cbbee3b15fbd0282df1fd84b2089ee31b382,60,4278049.855223569
0x45a161b326b45b850f41686282b5e858773c8043,39,904192.5
0xc4c4dc7dc69680f04de232fab08cec0344df3a79,3,109500.0
0x5a839ca04946db8e1dc767f6d620e0f7d6dfcf87,2,250135.0
0x2ed2b28b1af7194aa52397684d409ca62e9b8dd5,3,750000.0
0xbc9a597301a71e283cb5d57de6843f757dac8695,21,5901881.8715452
0x9db2e6ca6f05e556dbfbf47bf2c71084919cdea5,1,5000.0
0xecc26b127fe23998068f1f9b7dc4d8c2fd9e0865,1,13000.0
0x7268447282b3c65d7e00d8d8d022490178e86048,130,21113358.94749674
0x4df507b264cc52973636f242d63ca86e3d43481c,4,205000.0
0x5d089f1d7eef1389b2d7ef4b5cfac9987bccaf30,1,140000.0
0xf15a89d38a56ef422d3c193b7559434acf13556c,1,11000.0
0x4c08cf96b9614b35662efe5394997688aaa20aa5,1,5000.0
0xac3528c7cd7ec0f7e4b74ea6560cf5f480d01ba1,1,400000.0
0x2ce23e2b0ecfd1a44d4fc6598da02e145490b76e,1,152865.0
0xda6f984265641b7e72de486df67c2bcbcd3d2862,2,250000.0
0x3604b50e4f879856570533f9698d6608a87c2d09,10,2613632.668810963
0x64cfae552372ef2870d84d6b4c53288e6d48a50c,2,14500.0
0x6a0bec7f7faab7ff1734a6925ee439414b514d4d,1,12000.0
0xbbaae77974ecbec6e7ec1b7e977bc4f64cfb5a05,1,28000.0
0x6282bd4dd88b0c015c641bf7e90402094c6a3058,1,7000.0
0x34ba6a3f05cb5034b272d10a67b9ab5a2d75c72e,10,793000.0
0xa25c428bc1c2505989fd68ea937a603c0eb941c0,1,15000.0
0xa5beed6e4111971f3dc4d008b5ebedea00585b0e,1,75000.0
0x48898201d998b013bb2f00c10b3ef2b2cc2b7d6f,1,6363.0
0xcc4fc205af4d1b8c03cca4fa03ccb32415891064,1,10000.0
0xf1940c7a6d63f453ce316981fd8d8fb61c847102,8,26468.277859314832
0xcb252b39642e9a1588a46cb392cfbd2f1a77d29c,4,49584.69
0xdc10a09407f0defaedb8d8b82768ab1adf17ceee,1,452976.3121
0xa6a8bda15ef85ec708031a9a17b3d7a0a08e0749,1,50000.0
0xda12ca19ece1d1eddd17e29b92608f2e1b2f6621,1,9008.1
0xe75ed1776eb5db37cef9bb6f77851a35254a2a32,1,10990.8829
0x692efc99eacd76cf4c01d829c3da2a9cd645fff8,2,8000.0
0xdc96078009e422b9c6db916ffa6b8c8be5ae3f09,1,275000.0
0x027656b4ea90a504c1eb920e15174267bf02e176,1,30000.0
0x8e63883fafd41feb2124e945c29037d5f1d1beaa,1,6600.0
0xeb248d095823649953f2138447b8eb6a5462ed71,1,5000.0
0x514d35fe4ff7f8dc8be6f9b9aeff031a2acc852f,1,7000.0
0xdfeda1497207668f754a7ceadf2c554deeaad376,1,5000.0
0xc5ef3a6f0594822f5d03cf11cb71e4bc5ad795fa,16,174500.0
0x23aa0f463178bcbcb2a9bd0792422670fbb07569,1,1100000.0
0x41589a540473ec19867747e25fbf80f10a4694bc,4,168000.0
0xf6fa7d85980f6bacedbe5c8ac2c74cf6aa67f833,3,37350.0
0xcf8009300486d3ee6f245592ed29ff53b9ef6770,1,13215.0
0x05189234f467c4f2010049cb96baae829c0e6c47,11,400100.0
0xd9ed37b60a74e830d4187f6fc7e07441fe73c80f,2,14000.0
0xe2e5d6c3306c92921191640fea7fc82770c2b9e2,1,6000.0
0xa15055c2ea1246a36db6f2c3325a9a1603570bd4,1,5000.0
0x9fde8a8e4c1abaf87dfa447d21bcee39a5c1af81,24,199979.91020988053
0xb5e6aa89075b31e3b7d4d16d481dbb46de8055e0,2,11500.0
0x3c53a3c04018a3da9c912b633294418dfd724804,3,27000.0
0x93591c18f64617dc3e2c112b392b3826e280ce6c,1,5000.0
0x5244b022bb435a844687679e1a1f53f01b1693f5,1,5000.0
0xf02fdcf8898c27e64dec3555838e373e9169bbb3,1,14408.0
0x52195ca1224446306bba359ab6bc6bf2b45ab68e,3,23066.0
0xea6e72db0648af437b59e4cb8ea801fdc97fcad9,14,99550.0
0xa3b0a1a0fc1523d0db473ebc552e53eaa2346251,3,40500.0
0x5c85be73f6ff36f7f168393c8d2f892aa4176230,1,20000.0
0x20ec628f75f1d29c3657424882849ebd6b3ba67e,1,15000.0
0x08e2a1ececfedde076d7989ea9d8fafb4c6c94c6,1,65000.0
0xf71e01e0283d515d1a8f069a5c8d6674988886f6,1,150000.0
0x698933d76e731d13e2ec127a01df83f95d8d8ac7,1,5000.0
0x8756c429fc25145465e00cf23c5e7e73ef385b46,2,220000.0
0xb2710c9608e58f723151b12e526001e1c9269dc0,4,54877.604824931754
0xd296f090e898a407cdad570d65b10d6a1cb1b866,1,10000.0
0xcb49a302fadb044e77e576e24ab15c994dc05f3b,3,21010.0
0x22367d258ed490268b38e67aa0a8e67eda05f9e6,1,300000.0
0xc91b80fcf14303cb8cbbca348be47569f699989b,2,34123.4
0xa083c8564205bb756061f4a0466506c1564bccff,4,185700.0
0x4967e9b6760628119c98c5bf168eeef307c9c466,2,329134.81561316
0xe45f2b2e14c47407d22934a7fba0103203580609,18,82074.4332
0x507c8a115b24c0be2d48e70598d9b63f073af412,2,7000.0
0xa579951c8f2dc7ffb868a5e555f37bf22a591365,5,137257.51
0x559519cd302a504d4f043af4a32fbadb558506b6,1,5000.0
0x1e62f26a96431c9dc6fc4b2c3ad4ae00ab4ac588,1,5000.0
0xc0d30a65860bd77e77c614fafea3b5c7af97019d,2,14000.0
0xb2fdac5166312c869c6816904247eeefbd013d14,1,5000.0
0x671830dd9c0d979e52fa27b58e6df3c1c09c6e63,1,18000.0
0xe977e21db66e4fd5412537b2ee4e7714aa2bb27b,19,390002.9199370335
0xa56f2077bdc486226e13dc2020af53bd788b0c4f,1,160000.0
0xa18d6a9a1ed1d99c4bc83f379d8bbb1df3106396,1,33000.0
0xa77c9fa5bbfa8195f3b574b7bec28c664cac455b,1,97580.0
0x4a3f652377454436cb47cc6d66e78d60dc26d818,1,80000.0
0x89ac96884a7f39d455059dc950f6ee8d61a1149f,1,50000.0
0x84c820cdc3e3829e1ca8113e8411c9673d2907db,3,15000.334324340407
0x02ce8bd2b3b39e86c588dbddc0a01362bc60d295,1,5000.0
0x9302ef1457fe504901b9ff448316287bfacafe90,1,5200.0
0xf2d3358b8b50daf694ff72f0d9f839df2b564983,262,9044411.339391354
0xf7e7b45080ead4b8ce97683c48805cc5872c1d23,1,5000.0
0x08f4b7a158b4075c1249344308d3d72d95d8c522,10,37350.0
0xe1a928c591bf54c411fce45f01a3190e9584478b,1,80000.0
0xc683ea8d59901f78650daeb0c7ba3fa2f40b7f11,2,57258.8
0xb9870669a9b374c29a676515ba8d16518c0ce2e5,3,220000.0
0xdc9d5599188849f39da27d4375c1a73b5613a8a0,13,222600.0
0xbfdb59e1e91287714b65d06134e4a62634e73d2d,1,5100.0
0xe1e57ff1f003fe5f8888e95ab21c34842a802ef0,6,65333.33
0x8b353fb7f972fb4f57c3ea75ba91edbae1ff86a8,1,25000.0
0x644a021d77c993f986b8fd63594fd0d9e9bd6fec,1,8764.506666666666
0x7ac7925a6aeffa4a5196b7ead9a5c72c5bfaffa1,1,21000.0
0x3bbfe6ca2505d2ba3112e550ff13af81bb895d7f,3,39000.0
0x1b891a95c236da1123d619b01cc320c6d4c4d6fe,8,53450.0
0x527d4180f917bb1f8a46c260bbdc420c58fc7e5b,1,50000.0
0xd568317f86c49cd458984baa5be1299c81f06cec,1,5000.0
0xd22f9cb57478b0ae6b40b5631cecf89854986441,12,3738193.4013033044
0x90a88c20ef60ba87dbfcc9a237162a8380b45789,1,21712.0
0x725c84e5f7df52435a616d5804b6d24253c535ae,1,150000.0
0xe72c86d1269acdace26f0824abe49b627fdae108,1,60054.0
0x63ab2cab1b0f83c2af0d8893fdc12b94f195d30e,14,388033.3474896397
0x10dd8c1068d5d4cf1cb4f7656d31e22da81d13ce,7,60500.0
0x2eaabe6ccd7bb9652b28441de054ec168435892d,9,739860.2388118057
0x3c58b3c326df8fa354ea153bf55a0ead4e9a2f73,7,1018000.0
0x103865a3b5df8f571aa701c99c8f103d5595d069,2,16060.0
0x0493a2987eb2d6d05c476613266f060f2d219f45,9,23600000.0
0xbed2ec282c831dcda049d8d6ff0bdcb74a28c890,7,525044.9139686034
0x113a86b1b9d45d267412c19cb48fa17cd594c3eb,2,60000.0
0xdbc23965637ae4013a835770587674bd156d9f84,1,20000.0
0x3937701cbbd6a51fe21e204a4d99778a08283b4c,1,120108.0
0x0e87bb55f47b655c46072cff8e1123bfb8fe57f2,3,115000.0
0xe94e1ce9b92155d6d902323d672fc226edb8f1eb,2,65000.0
0xff4104e3cd04d680ad426d7daf89be693c13c72d,1,50000.0
0x2dbb1124c32328c9691ee4482839630f76818cfa,13,284617.29083199
0x369064d01c75a86ce1a9b33504781d586b43111a,12,545500.0
0x8ae5f4b96b600981798b605d880d987994a57c3f,10,8100900.0
0x0a48579663d813517f0ca80c43680ef69b7930a7,1,5000.0
0x8933246379be24dfef7ae2c04d1f6c46bdb6f6c4,2,31500.0
0xfa7718ba41ba76d8fc9ee7b8d4ded7171d2a51d0,7,71498.0851922249
0xe03828c7c88a5a541951b51c1119c241f2b29743,3,23500.0
0xc8209ecf1303f260a58cc6ba795eb870ae518c9a,4,200000.0
0x44ef0589eff7f2d7e908fe87dfbee532204ce79e,67,1713755.2085774215
0x206de35ab5c971161cf439c7c24276cc948fae57,3,42100.0
0xc54654f3218a7ca39d58f6b7e1da1e00a342529b,3,14900.0
0xb1c6f8d67dfee492bbc07254fdbd89487dc9ed60,5,31000.0
0x285e5a6dd10c6c1e54e69b93d3b65eca91cf89df,8,106900.0
0x03f4a3736e8c56da15b9238b2fc871ef71aae6aa,10,88000.0
0xb74c3442610663e9de581fa1056102be71e1f37c,4,401769.6543359899
0x4d89f6b7c08f755eeb60145fd6abaa2a085b9b95,1,600000.0
0x6a78e8ff977165c2967adefca5aa8a4eb93fd207,9,599128.0606636308
0xfe5ab374bc7b1f0f011090440dd177dac151b5e8,2,30533.0599
0x4a66b202dbd7382bec220e7da077a3910504197f,6,538599.02973225
0x51c7620a4d407c5f79325f448e551025bef371a7,1,9000.0
0xfda009ae9e95c72462a9bedd3c55837e5cedf5c6,3,88500.0
0xbbfc6cafbdca4498cfc4a0abf09f22b970f39495,2,735035.2991760001
0x1c77f986de4d733c9eb63a0d9e148fb3aa84576e,1,5000.0
0xd30529664b447cade76ab6bf9aa95155cb5d2c06,5,340000.0
0x6346e5886946268266148a7c3a2dab3b571dad5f,5,165000.0
0xd64353bc76aa9808dd931f597092532221a27877,1,5000.0
0x81fc7e9784c8c05f0e107b41a08c18ffafcbe20a,1,100090.0
0x4a7d3320509ed8b301b4c729ffd2a1cd32b8db85,7,58000000.0
0xd3b994df2c7443189e7c8f1fb051d86fb6add178,28,8350272.4645341
0x5a4cf30ac09fcabd9dd2f06e24d6ac183d0c1e7c,1,5000.0
0x100e57ee2987e32b2a06e52c2c606ca821badfeb,9,375027.137304
0xec77a3022b11a8a4e482eff5177b185233887411,1,25000.0
0xb06bfca9090a038f649f9f95485eb9665cb9f675,1,38100.0
0x159d352a64c90e043a4d2933bdac3b7cc4d783f7,2,9500.0
0x676b7e1f9c6854967c0a34c46e10f9e461a085dc,3,1420004.6869450961
0x957ceec4a95f3f179f80a1dca72a4c9738ff321e,3,36000.0
0x95f421dd6f6f7c4c9dc6ed9bd19305dfe2bdd18e,3,80000.0
0xb206577f1413431408fd68d31dbd2e28954d653c,6,275081.0
0x0b300b727ef452acb458e2498db4bfe79eb91be7,1,2500.0
0x7a8f92ac8510baacca56b3d4c230e4b8baaec2d8,7,392221.0
0x34913a7812e7b8c21355c5e1798204b10cf0cf9c,4,1220000.0
0x8e2d870ec0c979e23df84139c2d65e3ad75eb42b,4,27304.5
0xd9f32cdf2c05d23a9480e65ef3bb076aedfc69f8,10,100941.99998383
0xf037ac0add4c79244d31f1170dc16e326fe44d4c,1,10000.0
0x5cc0190caaaea8e86cef1d8723484a1a544985d7,4,120054.23576870895
0x522f49c82436bb3ac7d45666671598ea9bcfac92,10,406558.46544214
0x5607a0b8e535ff9392fd8c571fb3f7effd90e9c9,2,16350.0
0x1bb5f19df3fd74c584296c15625ad233e23e2df3,2,10500.0
0x2de512a8299fe563e46ae5e04613956c180669a8,7,383850.0847442
0xa3ae26016229e4fdd37146a2756baea395821814,1,5000.0
0x29ac1efcb419538fc9d2c6d6ffac451a45e2cfde,3,10107.026568417676
0x15c267fddd32e3e42f4f65979330f232077d17e0,1,5000.0
0x3de5d2ad7c1624e07726083a6e1472b52cf57d82,34,386000.4347537606
0xbac42a3c3900d48a089e520bf05a0f9ce34085bd,2,7004.5
0x168e73f047c7a632b15415f8bd4076716f73fd7d,4,15500.0
0xb359efb91adf4c2fe1c8ffe4b78b5cb44d0b781c,15,4103345.075641515
0xa5cae5fadefec6269eb90450889c4d2eef58f7d1,1,6589.0
0x305aea1b7521a95cd695e9149b4ef005b29c3d29,6,66713.61029547232
0xc1e67ff1e7eee0995db15e45a1b49a639d27b615,6,224000.0
0x5350259be80c890ccdd91258e90e88d9eb2d5c93,1,16014.4
0x4b99ecd23374af0f16a892593af74cb0ff37df1a,1,5000.0
0x801f79a660bd384810849253f78070f8934d5968,1,50000.0
0xc6c46710db9b8a4e0772927dfefde02c78a6df78,7,358000.0
0x2dc452884192c326e7063bd1f3a3a2c9e76e6a6e,3,465000.0
0xb420b001a0d92062d2ad49078eb3ffff79ca90ea,1,100090.0
0x036e1391f20e89b576a591797995feacbdf8105d,1,10000.0
0x8b25750e117d04dbbec5124e6bf6413ab41e09b6,4,1000000.0
0x15abe19d85594239d7ae585cf9760375cac661d2,1,5000.0
0xcf54bcb945176055bc61e9d7e458fe9ec3823c85,3,915525.49
0x9a53bbe95806a1363f99df93eccfd71b155abf72,12,1920000.0
0x2cde69b07a7a91ef788149718a00b3a85aad2179,1,12500.0
0x8e40fcc9586ab5d6ee686eb20b95cfbe6b6a0d41,1,20879.99
0xeef90241fa79e780337a58dfab98096b1866e0c1,3,8520.0
0x5565e679364b681b122589740060893a4eb4f385,7,1500023.4085032702
0x48918dd71a4220d735f651ad31af29b1609a934f,1,10000.0
0xec204b3fe16d72c2841598cbe8dd34069f4a0338,2,6000.0
0xed75603d154e4ef771ffc79578f2b7fb697358b3,3,57500.0
0x8685120474f057c58d1457df5d30fd8f56ac160d,1,5001.00304
0xa3c9719f3bf173330ed41fc147bbfd600ed15849,1,5808.2227
0xbef6cade0082b3b6548c6e8bc68707893626efed,1,7400.0
0xf1929964d72a3782cac501096f53e8c48f4410dc,7,2389421.0
0x3fb52e75bcbc7691ad003c5879f5372b735d7eab,9,282716.12031495
0xc1ba07a4e8f4e343463e9393136ee2594457af45,15,115600.0
0x7bccd481980892031ab01a788b4c31fe48b06604,25,2163000.0
0x90d3439f1b4af9a6502b24b8f4afef5bf10db8d9,22,748500.0
0xd9d4baaae7896604331b0a046f297dd986422e0a,1,65000.0
0x02057dd031a307bcc1016a4e96f71e6e7bc3d505,22,7094000.0
0x40be7ead2f55aadaf8fbbfece4fc69fb68985299,1,135121.5
0x35c4e917a25e70244d7dfbddcef80f07602b7a27,8,51800.0
0xca0e00d1e243a4737acfec7b16c738aa9940a19a,2,15000.0
0x2875752f1e1a5aac2acdb7afc287826769c2560f,2,15500.334573007513
0x42861227ca02b43d3e51378d3be085026a6eeba2,2,580414.6699999999
0xce0eb8ec2effdcb8205ae7cc447619da4bd01b4a,2,195986.63415161
0xc0e6042a29d88e045e1865a4247b73cb7cbe3535,1,12000.0
0xc1d26838f16b52bb2d766dee46ed90187ffa6b7a,3,34950.0
0x45246d1611df7b7bfc70a155dc4dc2d2fe3a92c9,4,2020000.0
0xb967978f0f5633bb0e4854814ff58a86b78e5ed9,9,41000.0
0x7700ff3076a4f30fed5ff1e497d9465ceb812c47,3,43021.0
0x7eceba21e0da2f3500949536d8e6dd9989400862,9,1445453.4913587547
0xa14a8041797b89b56fd1fcab431fa5d72c427646,11,80127.97778815561
0x0d37492a3d280298b291a4705e76c2e01b93805f,2,30960.0
0xda7eed126c6d1dd1c93707873813b1718f0c5fe0,14,211827.0
0x6de001fc2545303df2530ea7615fe5c594860832,1,5000.0
0xdb5d8df06c902a662451b6f613c151b1f377b145,1,9000.0
0x6e8c6526ce938a3f70e0d0ad7e462a8927338d7f,3,25004.5
0x0ce9cdf6a7ed58c0f57a783aac15abe491bc8800,28,578234.21483572
0x2e8e9818a429ce685c33b7d8e22f73c7f635b5ab,1,5000.0
0x175c34c88c95ed1b3d3dd07f813ec7f3a08b1982,25,2801913.7003042484
0x49e4428222ff2386a7f0740ed546f64b3e8f96d9,5,116000.0
0x4d350c1fe06e949c05358857e368dd7936586317,2,6700.0
0xfde5fda3551c76c6b1da8fabe174c2adc7ce7c26,2,19000.0
0xca9f93284817c7e90052a3c559015a98c630a71e,1,50000.0
0x93f2577f34cf574786350e9ad813130c1f5da2db,4,26200.0
0x3e6a39779dfb70f3de360a3c9b2c1231bbf65847,1,23000.0
0xd92eadcb652c7791b82f5ced89471206da585a96,6,45000.0
0xcc1d8c2abe6106e1ca1fc913d34e738b6d388fae,1,5000.0
0x458e146d71426248fd454fc976c31de991dc5d97,3,10500.0
0x58278d883f98eb0985bdb06bd8011e9fdb19a0cc,1,5500.0
0x2482cb864cf472f5aed8037824cdf135d4e30f3f,3,9500.0
0x38e30cfe745fb8e4e5fb9609bbd57df62663e78c,1,8000.0
0xcd2624ef15b3b932b0ca7925a32f4f6f4d1d06d9,37,6126104.029762084
0x2ad7e1b7c451ae6a3d007da8e101a3017222a734,5,53000.0
0x66a13a03bd3abe9240832d88145317744f848645,2,5100.0
0x03705c4d181fff148450a825e0bc07106ec2272c,4,45030.67900329038
0xeef9c39898eff59fae0ca9a4b3d74f102795a9ee,2,141524.01416243002
0xe6d1e9f28d8aa00cb872bc62622dfa4ff7c3de75,1,5000.0
0x007402f702407ce87a8d1d56a591ccfe6fa1004d,2,700000.0
0xf14666561e6c07263e784cc4bd5b8d59e62b6bef,1,5000.0
0x43afcb2675a97f76255bec0646568977d8b78a19,38,84137.500249178
0x08c2a7a152bbc593cb9896b4915a181c350459ea,1,5100.0
0x6ee970f494f28e54ae7027e879ecaae638882ae9,3,20400.0
0x9c631f0e452ebd07023f86b62f02eba9f8c67285,1,5000.0
0xd01474722fbd37ea1b65e9b550a7001609578dd1,35,23608392.0
0xb7ff301c047d4f455f1cae17fb6fde3caa7f2ac5,1,6798.0
0x89e253d53142ba206a41914f2ccb53fd8a1621ff,1,10009.0
0x4d8a4e969951a5304852e6a7bef5db9559c18ee2,1,133815.3255
0x10d502e805df9b446030c1c8e951397b564b6511,2,8918.0
0xcf0b19c38c792e8ce45522ff639cb5939e8ddf36,2,11500.0
0x709f1903d62c417fc58face46573c5ba96907217,2,14500.0
0xbb7343f20f9ec2af6fa73a8ac1554abea9cd967b,1,5000.0
0x7da2d148cbc06706dde27d9d6fd03aba667ac5f9,1,97000.0
0x0ff128018815e8c72edf10123a2e1fe25c30f6f5,1,20000.0
0x44d56185e5f242a3e2afbe63b2557b0be7e4dc4e,1,6250.0
0x28e98d3f87716296b52963bffc8a6900a91a6a7c,2,6700.0
0x5a1bb1adf6185fb93fc1f03f8371d2b4bb25bdd6,1,5000.0
0xa1ab3522b9eced433e5cdcbaec11259ed10e5dce,13,72900.0
0xdffbd2dd590327dc3cbe52d596256a3136f05680,1,17000.0
0x1e457a4f51a308549e815f9a2ff4de4f38fae9ee,7,15877.0
0x511fc0d8236fddad07484a3c0009b4dfa2130e1b,5,82000.0
0x36288d4e9551804516d1840d6edd7fcf44bc3184,1,45000.0
0xe3760191f08b675295ddae37e9988f0c744a5d69,6,53373.89081542
0x552f646fd05d20e0005388346816653f9a9c0433,1,10000.0
0x987eae97d87c3c8f36551253499ed57d487e3160,27,3007798.3112106845
0x863f19200b10b82e39e1307d5dcbb877104d4933,2,56000.0
0xef7c62e86baae6a6fd6bf7b404f357ee28ba9222,2,10000.0
0x74aabcbba00084134850c688c4d8e0c681b75ffc,5,113035.20413748361
0xda7af7393ed20239bc3716d56abb335413814032,25,166371.8961254186
0x8a32d2026e23f7c0253d833863b29217c9b40c73,5,34000.0
0x72ef3fbed0c34813d8eeab18ba878c98ea2f7d6f,2,15000.0
0xe2e34f75f15bd6508013cdf51e316bd590f1b219,1,52079.02898
0x986d88c46964b7505307a874eb6057e209a5ec5e,4,17500.0
0xaf9cdfd97a90d0becd9ecb8e14114184e0502e0f,1,19500.0
0xe5b62e7ed5a64cb704a107753269b5941951f036,2,42000.0
0xc032f9c1872be6cac96d4f63737b5e3605edeebb,1,700630.0
0x4a112a174e683d35255e71dc216a22508446be6f,2,110000.0
0xf8151ee7be1b92bcac276007dfbc432489fe8a4a,2,120000.0
0x8646f846d8aa8b2af41bd6f131dbfd924acb2168,1,51000.0
0xac7d62a251cbfa2441dae3c6ff77f3cfacb9270f,1,20000.0
0xa475bb461ab3475a552497c401730f4eebba930d,7,62700.0
0xeb5a641893f43187e5e93f6f4298ae72a3c8f05e,3,18000.0
0xf1ef89806144e2000b435fa045405c46ea5ef430,1,30000.0
0x05761bd8d0adef8f0ed4b869f5400b9d5fc2de5b,1,18634.700300893248
0x515cb21b574edd6eff097649642c95495cc8b91c,2,5001.0
0xde299451c1abba63b20772cd9d40aba08623f1db,1,2000.0
0xf88cf628846e545850c15b0cb048cad459401376,1,5000.0
0xbd6b76389a698d93b96aeb584e91b51a855a01f7,2,185112.5
0xf6a7d282eb361e310efe8979f69f52468d41633e,1,5000.0
0xae332f6f81bac8969ce9076d5f21f7bbb47208d9,3,17000.0
0x146a0c721def5f4648c6f7bd8bc73c2ce4e18780,2,2593000.0
0x79ea81e750f7d967b6a51f519a15acc197f34b3c,3,300000.0
0xc12b74afe28b4ff99ec271b6236bf4c28a08f605,1,25000.0
0x1936e1dee6697c8feeebcb4db3629481290c1fb6,2,12006.3
0x95df061065b9199f1107a0eaa5feeb5f9707e71e,42,24349166.01871361
0xdb1b14867ded46ad879629d6c787b240a962d62e,1,600540.0
0x441aeebf429aa6ce0a64aacee271b60fabb4fd24,2,8000.0
0xc65b3f35dc0f0c77ac0fb8620bfafffb018f1441,23,3770000.0
0x75fd6a8edf6b1129e271f776c57519e61800b4b8,3,32031.03149568341
0x8f662c5a27c0e80675290120e18af65ec094af79,2,14755.0
0x204839e361c1ac902a67bf5722db80d8a9a46a0d,50,1066964.9899369825
0x809bf8cd10f1de92c44f795f0046334f65a7c5c7,14,2127122.4394406616
0x2ada416ea6e70974e1441f3d3979efd480d8e31f,2,20009.0
0x5c2bfa7445eebb506ad1de6e19fce621b48e6dd5,4,36750.0
0x360bacb96939dd37282bb55efe76b56d5c5271c4,11,494935.66000000003
0x69e0d3f7f052ff609ba4f116eb97e210b0045cb2,4,103000.0
0xe505c71dca3adea8e51456411aca56e8c078e4b4,2,1555555.0
0x716928d1f44847019ba980bb103cf5b1d35b54c9,1,300000.0
0x63419b43325f0defb13b1087b3f779eecf31bb1b,1,8000.0
0xe8096e88203ce0739b5e6c3791f161bec09e1be5,2,10500.0
0x2894c6dd44d9c2f4bfcc0ddf51543a4fbd57474d,5,138500.0
0x9f5739e019f63d5764f78b3c67c17e59c5c49c25,2,100000.0
0x06bc5112045e3a230d0915db93c239a69f9c1cb1,7,73000.0
0xe54ce83ef51cf61656901bad472ac2d56834932c,4,15900.0
0x387f99291c8255517f59f8456b67a442f8fc7fdb,1,50000.0
0x5727baf393fa2a1859d88588c31b07b7355e5be6,8,30650.0
0x241d59586704555bc7771d95fae4556cd181f7a8,1,22000.0
0xffa7d07d9b47612e8675074be85900555fac85f2,1,23800.0
0x843c1cff5937c6d4b263b1892795913199d158b6,5,70120.68592950226
0x71d19e1ebde32b4ad780465ee543f4f2f30bdaf5,4,21001.321337585556
0x8fb1ffe7f4d2ad2abfe78281166a546cfa4a743e,1,5000.0
0x68753c9177c4669711171c2f8a21f8b44bed1ecc,3,10000.0
0x71af55a48d060848ab4f54642db04dfaff30002c,3,35000.0
0xabf81158eaef0ec60dc18be00e4407e7c7a81c7c,2,7500.0
0xc65237b4343983a86adbf26ce8941e8825276e4f,9,174500.0
0xb0e33e51645db93163403d5aca0ff3658d75850b,3,6500000.0
0xd460282935850c6d743a6fecd66ccbd4707563cc,1,7000.0
0x941983b5b80975f90e52d263910a94eb2ee3e789,2,63500.0
0x5f6576e0a0bf0de079198e003937d80ef01cad6a,1,20000.0
0x0492da0a5e7ad96c4173f261f9e54c8bd55fcf97,2,23000.0
0xee75f7e528abdd12a80838caf7f24e87653259da,4,130872.29
0xe3d425ad0cf3893ac39c51bddff9cd9a25ba97eb,1,30000.0
0xd6564527fc5e402d0731b13540a121978df7df30,17,318630.2546343438
0x407886e6b3085f50985d5032123f2d1a56a41e2f,8,108732.9615842879
0xbf8dba3db6cb55594bd5658fb7cae5d23cb069bc,36,232353.02151075064
0x7582c55be3b26941029e16f1e69dc1ae7b15e20d,1,5004.5
0x174aa2d98f2d061c18d1bb4d35b2ef83783be98a,1,5000.0
0x8b1e202d2c01590ce95c29961e6459be8c1903e4,3,16150.0
0x0a9e34ca824a0ac9bd09c61fe42beed6ada18553,10,175501.84136220047
0x23c2469c51a2f2fe98e58222882a031802b7d470,1,5000.0
0x444a22c3230803a015591baa5c0c7c23f20a276c,1,14000.0
0x5f15bfc412c46fabef2f285e4fd15c295327eb8d,1,12400.0
0xb697771e07ba9d4aa8d7e6537ece3070db2ce077,28,523194.90022586
0x6d92ab9bc3d0a1897bcd2f6a343ea467441c5c7b,1,17000.0
0x8f620c5e79fc3f09f345a1d2d208f62bc6a1656c,1,7000.0
0x767a6ecb83b24d0ff986b155f2af12f114ffcf94,6,511308.9584686244
0x3a293ce8c4e3c3a18865f68e8bf40db10ad33452,9,85000.0
0xc8687dcd368ee22ac73e988cace04246abc1b519,4,24555.0
0x9f82d0bd893d4d7e3e11b4926e566766a8953408,1,1700000.0
0x07ec90e8d13c43db58f4806a78d8dc8ddecbdc9d,1,5000.0
0xd5f60fbd3390af474df971f6de9f780732e7b17f,2,10000.0
0x9b6fdde49ef65e2054f2ec4df5a2f6f81d61bf03,1,214000.0
0xef59b49a6020876f51619d88c6d1ea1d1ef36d0d,9,32900.0
0xb3bdad6ff607352f0b7ad848a553df79c8ecf70c,19,598238.2240006159
0x67e0247c02594c5a741744d153ff2208ca7ca760,14,96364.95795886
0x00709d8732e3860df4a07ca2edd0a7a8eaa28edc,1,5000.0
0x1eca6be29a242f017e15f50f3edf0a621437deab,1,7010.0
0xa452cbf25b55aca1d73125ea4dba39ddd8c38b89,1,5000.0
0x29c6b23d0afdfdac1f2a73c8c95fe34cb4ae7611,3,954400.0
0xff6148a2e24c90350f4eef478bb3329b7e7a5bfe,3,19750.0
0xe3fb4497940cabb30e0c30e3b60a165e6281cd20,14,630150.0
0x009f92fbd9658e6c94ddee57f3ab5790252ca986,2,10010.0
0x2531b3998a6ef5445fa5d1a7ce83e8de181b1bd1,2,14000000.0
0x59f8829625770b07e0c71ab70a43d62ba14c0ab0,2,26760.0
0x21e9850c21e6381c0ee8aa2576cef06cde9277eb,13,478696.12058192
0x152f5b51f285f379252b855f0afa7dbe03b4b30f,49,402105.46076192474
0xa4a1479620c368bbcc2cdaac5f128ddfe11eb1d4,1,5000.0
0xfb470b60df07cc834ffe5f4e6d094dc8bfebc341,4,22222.84
0x47ad532331123995d7fe7ae18d967c5b7c843e94,1,360000.0
0x0826d6fe312c38385e18b8383842b05c1632e80f,1,5000.0
0x5015de0f564735120fd401f82f3e54edb196c84e,3,15000.334504910612
0xfb34e6fb31e92237383998ac1083d921da5a1508,1,5000.0
0x2db443aa62010d0e5c8ef91a3775aa2fe2970508,2,550000.0
0x1c0faa3c44d2d8c84850bfc391ef89fe6cc1638e,1,6000.0
0x545f7a61fcfd93c132a03f924e24de020b3ca1b7,5,1376957.26
0xb6c9e082a67c2dfec52208c88fc7f491edb96ebf,8,43829.82664445923
0x6fc5802b220776344d171026198a1fa28beb72a5,26,167819.68399718177
0xdc52093d62f6ccd4cca71856917c799e9d35dcc9,13,182000.0
0xbf3a1b685dab083e11395f71a8d7cec29271587f,2,77500.0
0x96ffca5228baed2399015df55bdc5d0365deb8b0,4,16250.0
0x48e8e4ff70e7999d73a74c695fde3d1bae81a399,4,36000.0
0x051cd03a7d6e5f4937a7e24e2570a7897ea43dfe,2,25100.0
0x2ea2d205e38c5d08a507bc5dd7279719cfd72a22,7,286000.0
0x78cf4b6190839dedc80c4036bcb4b005eff4624d,4,266000.0
0x60240195739d723fe5420648d393072265fab51b,5,41215.75
0xbb499d8dbb64e40e44ad46979ceffd48130ca51c,2,707127.09
0x59eabf067579d3862eea0788607a10dc3f58e42f,1,79773.33435391469
0x961d38e8ca09d6f3cef645e6714a3991bee7a3d7,3,42000.0
0x7aff1c29d849ce7570344ad777e4704906ef3ff2,3,137331.647413
0x79482832acd030b926e95e6c2b656a826dd54941,9,42455.0
0x7a0340941562e9dfac467ae66b73edbb8c49a944,1,5000.0
0x91c8ef64d8ee279f1f4eefeda016a6cc2b6e88c3,4,16500.0
0x9304d7af315f374ae3134020099597f48abf3691,28,537305.9427537498
0x52eae99c527d3a333fe3b645238fc8c3dd5d7ab3,1,5004.5
0xfebbe9bfc6ac59f005d766544f4364abcfd2c99d,7,215000.0
0x374520f9b7533e7f6ac6e81eb60f4bf44b94efee,24,1373193.0
0x48ead138993d3dbd0df37ce968ceb42038b7d642,8,2304040.118679127
0x2e7fb19cc100834b36e44e0696eeec856590fecd,34,1165220.0
0x2829224eef5db6eacfd03d8d7256d115714d5d3f,27,6679541.81483568
0x5f5e34b30f724d5c3ce6075af75eb26b222f09bf,26,53350.0
0xe7635d9c0a6570aaff527bc93b25a85760ec4ead,1,6000.0
0xe156b0422b2283db6c4e3a8384648bceca65baeb,11,1009070.9924760131
0x833f2412cefc0eca10452d2fdfaac156fae2e887,4,60044.0315
0xaddf8fbe766824b79cb1a03d8220ddd9eba37282,3,14861.258204763648
0xa7ba11413e47f000cf5e2edb86e5b92271d06b38,3,44862.325146931566
0xe64cd1b2fdfae9e9a59e5513e7a7174167a08d1f,2,5900.0
0x78a66fdffe42051a030c3c1570c15b63ba2dceb1,3,94000.0
0x558e9e97efb4c20ea32bc4e573ead184d94dc920,4,38998.991
0x7d65aaf9fa562e420a9582e17d13b6165d04833e,2,15500.0
0xdb5829d443c84b82546a1fca8be7ad8001af5dd4,6,18200.0
0xb8b0315e039a4876f9241ad5c117f130ad243a3d,1,10009.0
0x071d8b4dc3ea2283ccdaef9f99584e7e0269d0b1,2,10000.0
0x86fba4b0d466e0fea83812bed57e5d6ed4f95688,2,40022.5
0x72d25092a96184fc49928e9d36f7901d2c999fea,1,27500.0
0x3efe26bd73b2cc67e0f76017fad9cdccad245c42,9,249775.0
0x357f8c2b66a01ba3f1359de5a13a1930ccc272e8,1,5000.0
0x2c0ba0becbf906f8209467ccddcb59fc13e70882,2,46601.54701815
0xa7fbaf708bb7efaa2201fedeac0247f9d5a5d357,4,52060.0
0x11131cb79e8938d53a71e4b253c69426e01d94ae,21,3685778.3259928077
0x088d38b470b1667e38ef11ec883808d65e204b79,11,67687.65
0xd1e6f4c5e78be62dacb3f2cbe641d001f4c9f4af,17,420238.2476456383
0x53a6348a61628955ecf1b8e70d3f491ba530a5d0,2,225000.0
0xb2723095acf47eb34631d061820088132c2d5e77,15,2116362.66516723
0xa17ea6d092d79a4b1dcb920d499f14d0e819442b,1,6000.0
0x6855838b2aba71be8476fe009a4812dac05c430b,1,5004.5
0x6931522d98bac729ba1cdd88f76a888837e20c0d,9,362912.4850855508
0x96e8aa94555213f9d5b5a32b1c9e0c2c0b6311f6,2,222500.0
0x86a14c5beeec14ff2bdc461ae6710f7e17532ecc,1,5000.0
0x5d2bb793e463f2bc98fa322a70059f5bd5b1b13b,6,24000.0
0x705954e88dc4c1b73d49c0653d27fe54a922082d,18,251001.53949120708
0x783370125b25d01ab696755fe15628656b5aead0,6,355687.73132694
0xd14cb2a0b309d724b381d8049e36b08047039f15,36,15473849.286382986
0xaebc58c279691924ce39d0890f9d52892482b2fe,1,5000.0
0x2a341b185ad65d4afff1710e60f97a3b1308bf96,2,12506.3
0x598a0e049bd4d60f87076ae67481b472e43986ec,10,374353.61036829
0x31624d5af41e84ffc509d8bacec52d8b7ea204fc,2,11000.0
0x9c5326be5cc278e6d161e5d20b11fcefc14fbb3c,1,8991.0847
0xc69c3802d2094fe67a6f08a6523c0295b74d9cd5,3,260000.0
0xc87f11baabdcb8a5acc26b78cbd88d8b76458519,2,10000.0
0x595b3a15341db1eb1201ad237ff378e35de09465,1,5000.0
0x8570d0a2c0d915e6857faaddad9a151eeab830b1,4,15004.0
0x9bbcd36457d1e676789e90d6e614bfd66c449edb,1,15000.0
0x1c7fd5484c297c96d1f27c6fd30da93c5d36ab86,1,5000.0
0x938f28ee424776c5fa936028764791b3a6e5db06,2,9960.0
0x39632f435a91fc14cf250adc3aae331ab6f6a1bf,21,79509.0
0xdec039a0d743fd6512d1f36376026cea6a9e7ea0,4,89000.0
0xf82e2ae4728577ffff4062ef2e9f75753b858df4,1,5012.0
0x46cb74a0270a799bc45fb808479a2ca4a2acee50,1,13000.0
0x7d6629ee00f766b83360210670f648836e271226,3,2000000.0
0x63f48c5da210bf5095cc9a05d0ef00e76503124d,1,150000.0
0xe1993ad75581665d84b1b3451d21d0af8add66e3,5,1550000.0
0x3aaa8c57f12a5cbdf72f5204f846cdb2f8e6e76b,1,41036.9
0xfacf2dcc9b51240c60689279f562de8f3443ede9,1,2045357.0
0x2e5b0197f30c8d37d53fe7d424996ee923f1fe9c,1,41036.9
0x4bcf6aaace51fc66ce62bdb3df0a122e6d6a2d90,6,130000.0
0xb8372f985cabf56774fae7f0c3f7caed86a61c4d,2,46357.38987146
0x40e09514955027cf09ccc2d0dfb62cac21cc64f4,24,10932000.0
0x91776654e5fcfca1387f8ae8ae97e4110dbb1734,1,700000.0
0xe71c83092436be8510267b51d7d1b0b9ab676deb,4,18500.0
0xccf6ceac4365a4226622b7303750671fb38145cf,174,897632.2837727105
0x8b61afe6c214a07223ba64fced8e2cecc85190fa,4,449300.5219746745
0xf317bd5eb15ac310ef9c7bf0f4293dd9b17698b1,12,99631.66365801445
0xda94517b4c5db50e4f69494c0cc2f377fb9bccf6,1,10009.0
0x66dbf3d28eae0a75891e313cc2eafeaecf54d587,7,56712.0
0xef8867c2b47e69f9c421adaa45de9bc0be5d9392,1,210000.0
0x98d7c814bcd543c121c0891d584cb77227f64b2b,7,102800.0
0x8653801bccd87df06cbdedbbe9dc999f3b64d2a0,6,70010.8
0xe981e86a2c47f9c91e489cf0706adb76ade94f53,15,88805.29213000945
0x2277ad83d4dbd1f1c6d38b380397b0c1647c5726,21,220751.3458370636
0x4ef7900b16a3369807641d84e1919db00abac506,10,1345900.0
0x48ab914fdea324618d6c1e46cc18cc6ddada02a3,3,18000.0
0x5e9d30a7ef6f5dab37c94c431dd10a69b06e9346,8,23400.0
0x9b97231c8f5ba920b61f5efbc6a401aba290271b,1,30000.0
0x5b57200aed58d7671e1eaaafaaf0a97997cf8d86,3,74850.0
0x1b5aab502b267ff6588354827723cc24b66397e7,2,19500.0
0xd12d71fee87fca05b2c594e27a8a98f031f3a5dd,9,186536.0
0x9c3d4423bd5be811c1e1486f93f38b1ca5e33d15,1,70000.0
0xc57f6dc33ea01b7cb4b77502d845c0865de23b53,1,552000.0
0xe20cc6a0e34a35fc1d41a23d02e50bf972360d01,2,60000.0
0xf735c37400796a3dfb5e5b65852d555be0af2cb2,6,120000.0
0xc9479eae04d8532cd3b85c9b536c7ba48c2f73bf,1,60054.0
0xcdbe0c0ddb04692d9c650aa0d5bec5372b495873,7,143000.0
0x06d69e8055d169a5efa237dc2f4ba24e3ed25d14,18,199044.04223168502
0x3cc05d0fad125c3f1540673847f837d89e1b7f95,2,38000.0
0x60160700b94bca022c4ca88982e553225fb97e72,1,14513.05
0xf2dfd777d50bbf108cb7e977bc063e4a6baf7ba3,4,25001.366638390045
0x04220f547518925eb51ca6d3221eb6ad830a15e5,6,80743.84017211571
0xb203b2fafe21e2d651c900d47bd46b5c785dad8e,8,264500.0
0xc0fa4deea3d6dfabc63f0638691562142edf8ac7,5,76000.0
0x737cfb6be55d18d18c6ad1ae52c3f3ac859572ca,1,80000.0
0x04e56b94dfe167dab7dbd0e955ed1d2ef5a89320,1,12000.0
0xc8b9aac6ebc37ff5b7569e7ea9d1c9d94e7b147b,2,24000.0
0x905e4b393c621bfdeb469e77a31726ff43377142,2,36000.0
0x35251ea70f183425f3824386986945e981d6a85b,3,15500.0
0xccc64fd7eaa75d682139ee3f50e783d9648f1f6e,10,162433.22695145482
0x7595fd45f750d5fa2be44ad00e71ce0e126efc72,1,40000.0
0x1397c4dd0ac652eecf1945deae42473532e83c25,5,99400.0
0x9978396284edc7f51e3472f808b67f752ee074cb,1,50000.0
0x844d3185ad75caed295bec247164b0f280d18299,2,40000.0
0x010b0d3441313f6e9dab576cf889fb4dd243b3d8,2,11000.0
0x3fdb5a4ab1bee33196f97210649f9dc78883eed8,4,442585.4017750338
0x33bc521c479a8708f44363bf0b1d6246a2b9d89e,6,55200.0
0x7d80d248105c0e923d6c92fcf287cf5b1758b0e8,10,453000.0
0x5921ecaeb7e1cc334b9cd270a863f3597a568c25,8,252000.0
0xa6c644ad2d0c403271bc09b20ac8da5537963f5d,9,75200.0
0x54e583b1207415a2e20386d81d78687dbaa6d44e,1,18016.2
0x398795625397451380e4bce0154a611907883ee8,24,95464.37945062401
0x1406fac48f9d1046c8b0c148ba71c034f3641856,14,5273115.660945546
0x70035a8a345815d70fe1eb10905a281fca93bf3a,1,10500.0
0xb48fc8f76cf2cd20c3bf64a9c08f85eefb989ad9,18,208500.0
0xe02d41c78b3b91d2d9c10ba37809e82b3463e719,1,13500.0
0x5a4e23a2382757fc106a43a9e831fd6cc84be4c7,4,251000.0
0x76d1f88abf1a91e267cdc1ee0131639a15093b42,1,25022.5
0x2ae8ad7a625be0defdc65f33a1d2a76e4787281a,1,18000.0
0x9bff2e6f73900ad3631448ccfb5fbb444e45879b,12,282241.5514557451
0x0647c402d1b595e12cd098663acc7b19bac662c2,4,39000.0
0x8034bfa88cf5a0fe3d463b1fac7f3dc2eca620ba,3,202182.96106843685
0xe734d8a15861a73ce7e867003228b9d1799305e1,4,25000.0
0x95d2b73053fbea5d22ed8e67a4f364f533e5e26a,6,42000.0
0x68fa63edfc8207cadd644cab5006c9eeee61f1c3,3,54156.53261999
0x59f83641005ace69bd0304670005a7c32e7d7cbe,1,70000.0
0xdffd7da2d8a9b57f149f123687830f279293210a,2,200000.0
0x1746e196e3e45d92ab61db41df3b493739a1819c,1,30027.0
0xab1443bd73bf1611801ab448ac213550f2fd574c,1,12010.8
0x4f056d9f1ec63eeeda6547a669d6dceb877936bf,1,22000.0
0x9143f9d45752a50f2c4190ee80a6b21ecbaf4455,15,259000.0
0xe56999f2b9ae44acc4d17ab2be24b377f43c432f,3,18000.0
0xbade37602e67530fd7e80dfee4130b3375001404,2,32400.0
0x54f63e8fa5fe9780ffecc6192e8b50d39ba960d6,3,2300000.0
0xe61740ee522475e6e3292b7ba1ed9464d0f18cdf,2,75000.0
0xbccae3d8663c14778c616c908a684c193cf3b5ab,14,1221988.8932900846
0x208221dd1735d9b9c809b6e763ccf94f12efa494,12,217500.0
0x5633dd5a10a3f6f9fb3c8c92a15cb1cb190b5478,10,183611.5
0x1a01d87419d53a7d6f50782a62849b4ba0773649,2,16000.0
0xdd48d7a0c88aa53d1f8649215a457f4e0f99c982,3,140839.44327934264
0xbed9162e72ab820edf829ff05394eb399a008dd5,5,693487.4933538202
0x9a2efb93742806c897cda77788424f7dbf58210f,4,310000.0
0xfa4cba235a0e0a9c4b66dabeb49624314ca15ff0,3,80000.0
0xfc83ceac07013a7d7fb0a8fce4220f42305180e5,3,40000.669278566755
0xde1458551836f8371dcb8656efe6a0d3374fabe2,15,2828202.0
0x192284626e5e4f959e67db58f5b72b4ecd4675e9,2,1200900.0
0x07622aec6e620d283db246f763cdbebb7c3f05f7,1,100000.0
0x9bc6bf6425eee2009a680bb5e77beaac4cc1927c,3,22100.0
0x6414d06f5c41203c4cf378723d4ea8475a82ff70,34,268163.362182803
0x4f73fe65b5a3f7fca4b4817aec9e57c6789fa238,3,95000.0
0x102f2eebde9905fad2f1c3675be717f9cbf7e201,1,10000.0
0xf88d5da6e1a44c2da65c96bd2bf54881bfcb1b91,4,20028.0
0xae6b81b6076d9a876286d6d0b4ad048256c74152,3,57000.0
0xf1de228ead3a70cdfa542e282f9cfcdd037b0cba,1,10000.0
0xcdcea0b0bc8ac86c741eeeb401bf760c35c9050b,1,10000.0
0xaad0b2165c6f1499ed3f443860049d483f1947b4,3,1073662.42886548
0x370a83d1d2c13686471a1910e141415aaf2cff19,7,100720.49615912366
0x50762e88e3d444fbdf231910c33a12c174ea47a6,10,40000.0
0xb25890d2894bf3b5252c53bc7199d0633e65a5be,7,196875.36952091556
0x25f27076849395d40585c455cea24b2237ad471e,7,857755.0
0x74c90201f4a1e4f765bc4824fe7112e32155baef,6,29600.0
0x06dafd30d6a04da958fb3edbebc7247c2ea11026,4,4152250.0
0xf3e72a998cf621a4c4b7d9b6d2a47194ea3c54c6,19,1789006.6981823712
0x020f296dc04dab37eaaa7f38108d1abc37489528,2,55000.0
0xe299270d288f7a6b179433a05ecf5ce883450ed6,1,21451.2888
0x817d57258e71f45b3909e1273d5e136038e905fa,1,900000.0
0x5a6acf62b3d39124f7fcf62c65f6e8213e44d476,9,2850000.0
0x13285e788ce6b1e9d2287f8b317b05f04c131341,2,11500.0
0x40d423f3a618907a6e402bb9b647e4e61b752bf0,1,285259.5027
0x59f0fcc9666d05e2571622d0b6100b3132e6a381,1,25722.1291
0x957c9befdddc3d585342ac46544d98ec068b033f,13,516802.23105835
0x357a6ae63ab0b2a3875b30aafe70f50cee8ac392,2,70000.0
0x9bb04b9c02855f43e3137bd2662a243702621f7e,2,20069.0
0xfbdcf1feab35f9c803a8422f36b1c82eaa85342a,2,43242.55541941
0x737ea126668bd2c02fc85817a0647471e14d9433,1,47613.0
0x5d2aabd3debb940bc322126e76cb569fe9f7b80e,2,15300.0
0xc43bbca89b4e30144dd1c3121b84854a5882e0fb,3,64500.0
0xa825bd88aa59f02f91bef9aa8395541a03e580c6,4,51639.22097803
0x03682cb142e175bdc11a7c54d9fa3666a58cd240,8,488000.0
0xa772f3d4d6228031ad0a14395a380464df06382e,3,1845512.02
0x1f9f206535e4803cfdc6232f2614a5cc47f974d6,2,1885682.01793885
0x13eacb48dcf1a752e2a7ea2e481af4cfcef04809,1,3500000.0
0x3e16c35442f08cee6be91919fb85fc69127632cc,1,10000.0
0xbbd41379dee436c70b7c9630a8e934873aa7e794,3,200000.0
0x6fe21f5c5db0dcfee0e7866e159d0fe4648059b4,2,24200.0
0x2576a6a636e5b57d8d1c88363dc2c2f2d7822421,1,10000.0
0xfb8ea3da463516f6f69c7ae8d783d5c2c2814029,2,28027.010668543244
0x7b5c0d7547091d675e67cea31ad92e39d15f83d1,1,100000.0
0x9dce83de7491c4bcbbdcbf2d8ab6b2b39c00bd17,1,4103690.0
0x0aac197ddb70ca38184ae07762a1848a4b398c53,18,138100.0
0x92a231d2f64ab51573bcf0c91ebb91f50145c43e,2,13500.0
0xcc6e28ff28e031c770d8735d2b622bd1b82de52d,12,68202.0
0x4f4aee3e9464cb79c116d89c52c910e8651a7fcd,6,55900.0
0x9941d3245d0c15f4cc62403c71143d7026ceeda1,3,48019.8
0xb10f2c7aac020fb97b0e0bb76d58e103ef172c84,5,159962.0
0xe0bd4a7acd138d0166a8bef4f12b31baf6f938d1,4,140061.0
0x33d6dc755df0261c5a640449a5c345c014b3e63b,14,450679.83620554
0x9057befbd23b943aaddf4b51e9b378073b0e9f00,14,89657.32370741
0x130ef20d413865951d8cadb957a65c19be696bd9,2,20000.0
0x9767edf67aebb8efebf59bde910b979e90f8d765,3,150000.0
0x834369088637fb495e5633434e899a875c26e1ff,4,15525.0
0x8ffb4d7a2126d9a5e533ca1425f9dbe103f2e168,14,658562364.7438757
0xb141717d6c4858a31b2dbcb04e2df37aa19d5e5d,11,252500.0
0x4f2098e8fdb4d2af000361bd54f31101680482dd,1,4003600.0
0x3ae77e9b1715b2001b0790d07e83bdb7c7c94a85,2,21000.0
0x56bf23b5eb4aea2cd7220d2134b57fd4def3c92e,1,10000.0
0x8f6cbe95934644878b5e183622f056a423ac824b,4,24150.0
0xb116f79cafc3949fe363ac91fc938f47699c8bea,23,32909.0
0x5e296051bd2e12036aa38f0ac36c181f47c4ad00,1,420000.0
0xf4cc81125232cd8c4295fef9c9aafc0b5347c01d,1,30000.0
0x970b9e5ef83fb7dca414c7297ff3d64f50f618c7,2,60000.0
0x8a42a358bbb039ba6df2981427a8fd854d051c68,3,62888.0
0x42c0abcabb9734d9086518481278a746d273aa98,5,39513.5
0xb16e437a8e866c90d0834ba7586732a0345f61d3,2,1800000.0
0x9c23d4dad41317972c91af21a0053f6957311f08,4,65000.0
0x560c355ff7e52c932e829a9d66c4c1334de54f35,21,1613520.745759361
0x233d730d4ec152cd3254802db0b60d0a520a0d76,2,17060.0
0xc1e134720e7520d1910498a1e7b7d800a954da16,14,214796.48320761998
0xd959cb392c11169c4dc53204b37e0fb148706ccf,3,60000.0
0xf711336d41da73e5f792699cf317d06edb8aa8a6,2,5003600.0
0xf07f4c5af8a79b3cdb9013b3cfb5cc49580c4979,11,487039.59031826
0x06f26cc54cbe25c7fd7ce812874ec2b3b73dce83,4,135000.0
0xcfc321b6bf1a3647110b483c576dabc1af9308c4,1,10000.0
0x535406c7e67bf82ad32cfc8b53eb19db5a5634b1,8,112000.0
0xdeea19f69951610b41f6943dd9e5bc181a8bf848,18,1130000.0
0xeeeb8785876bb0b1c91c2def9c6a20e93eeacad8,1,11000.0
0x59084dae1b939aba561dd248e2b76574b4b8d33f,3,32000.0
0x134c0bac053fa3e406ab89131a259c10c51ce5ab,2,166000.0
0x08a6b884ad289aa69bc843091a01a2784fadf34e,12,768275.8889212899
0x73d5d52615f96a412372e4a443c4af65c383a060,2,75000.0
0x4a2d0524aa7a3429ca03049bd1ede050e8931149,1,59153.19
0xb3c550273a0b0cc6ee8ec31ceb5c2447f491a4a8,6,52300.0
0x8ff336f37ed145b9bd96fd713b8fe08a91031339,9,570002.0
0x67d40306d92089dfe379334d0e323dd15f1aa17f,3,117000.0
0x5246cb342f4d3686e46c58175a4356bf4a1c1d64,14,6007608.0
0x4430ed4b3c85962e461b1d6523e6d2862952ba8d,1,10000.0
0xe9695992313c6eb2ffb8db33abe9bb1d1b99834f,2,22000.0
0x1c25fc304c853e4c756b4ce40b98212558049c00,1,10000.0
0x15b544ccf0137f0049bc3f8074451dac8c156f52,1,10000.0
0xb5daf4ebdf9f4d22e4c0ec89a27fd9931fce47a6,16,1590888.82579385
0x28cfcda7a0843f11da31209bda64432a409a29c7,1,240000.0
0xd9caa895d7e4fe942efbec7f55667af9d334770e,2,349200.0
0x6f535fcba84705f589faafe0c45c92b877871d45,6,47735.0
0xac98cf7b76c912a97b21e400e8a2a8c8c7a67c0d,9,299200.0
0x4b48f22cdb04dca96e2880459081d9a0d3e553d9,3,71833.3
0xc0746d9f5eeaaf96287e39bdd15b55640ecf8435,3,67786.36
0xacc4123d28d8857a0467833c962b57cd2ba64ce7,1,10000.0
0xd50aca28db26ff959c3cd954617cab1f97884530,1,10000.0
0x195775fc2fae376652ead36fd0325d22e66c5d19,4,38028.1441163904
0xc8c9434762ee8950d8fb49e25ffd3c08635bf74c,1,10000.0
0xe2fedb77af78f5544120d9aebc8b01a34764aa2e,5,265186.8416917188
0xdfccf2a35047e936389e5bde76a727f7c5605e02,4,82000.0
0xba1485a5a5e8dc7411b9ee2cb303ecb8dd0f8d70,1,34000.0
0x2a516db201762d9bb836bce4909ab1997c941a33,2,1266500.0
0xb214d4123c346efe3630b1bb4ec69e09f07dbf66,2,32000.0
0x5779e392e749270ffb9d6af3267dfa968fdc68b1,4,138408.66954966538
0x4a65be4ea08651e1a1fc358f90cd2e23310461a2,10,167368.75863502515
0xd5438227685a2295f8d7b22ff4cb8fbd568f421c,1,10000.0
0x753da4c34653f813d9c62612cdc196016bda8b0a,1,70000.0
0x6257edd40a5b265a6d0fb816a5e92a07350bcf1a,6,8450000.0
0xbc7728f54ea51957ac8d3a3012695046345e7bd0,1,10000.0
0x8d71ba8d713d6643d4619b775c46dc023a55c5e4,1,34000.0
0xe126cd7ba89fce77bacb3aa7d7c93cf545699a1d,1,16000.0
0x0ce12f4722bb133561e168f566b86af838401e50,4,9504500.0
0x17b21ab0d2d9b43a395ec931b510dccc3d667106,2,41000.0
0xa8fba70d918db8f34ef6f72cc0b370d83ba3f7e9,1,10266.0
0x8a6347deb6a8c70d82ac482b1bf53cbdde832004,2,144200.0
0x2dd2599cbb9b5c44d8fb4c4b11b35f836b8254eb,16,194017.53670285543
0x9a5f7a7f2ee303110465dbb4867fbef04e9e4bd0,1,18000.0
0xfb282bdeb5c4c37f21223a4fcbc8be0b8ae3453d,7,202003.01389514148
0xb9dbe6cd4d9ebfe58562ba7cded94aff6365efe2,2,419000.0
0xcd6d1e5bbbc19cdcca9db4279aa2f4a5e789ed11,3,849384.9395309399
0x467edf1773f118499e42c5448bd1a22f64bcde0f,1,350000.0
0x96ba7cc2acd67697d45202c4cdb23cc3577869b9,5,84000.0
0xb6c22e6f75cfb29ba8fa126f07c90deca8431a71,6,66000.0
0x729e56fb07a2baabd5bdfdc66cacefd353c5cc21,1,316145.0015270116
0xbf7ff9735d417481b902b81b2d175f96fc1f26cf,1,10128.0
0xffc758fb2f7fe10307b6f2fec3b2c4ce2ff430a1,2,75000.0
0x2000150a9a99b8ec63de78fc632cac7ddb14d2b3,4,256519.71936197998
0x8ac32500786875faafec0660acae7ac1fd5ab41a,2,8100000.0
0xe21fee37df8ae01ef9388a9c7cada69168a2555d,1,39402.0
0x4361bab702c0c7be2a447405bfee2e8587ffe53a,3,102000.0
0xc625b8a761f80c45c7c1804151955a777cbbd79f,1,12000.0
0x31c660994bdfdd672603a0c3d8b1a77112fedcbe,1,15519.0
0xde6b2fe37cb4b523ba89ba51e612852a6f7b17b7,1,10000.0
0x17dd2b89dd0f3743cbfc5aeb4b5f7a188adfb0d9,11,11195271.25
0x0a1aee1d12c960bde277cf691ed41aad81e944b0,5,49106.893467252914
0x4ef64bb3a301432c72b943c970afaf7670ae6bfa,2,90002.67923130051
0x353f697141f3f5a58d8b0b78664c3ea7c61c767a,3,140000.0
0xe5953ed424767223f4262090cff691ad1c35e27a,2,1950000.0
0x623a311952e4b4c820b7f080bc1948a713df10db,4,120799.1483754514
0x3e09d3f817d4d9f985587db7d89b5058926b6ba6,1,15000.0
0x3e5b2c0f6f86eaf51ed139e19aa6cff42c76f8ce,3,25000.0
0x5728c2515c925a1fd1b52533636109a052766e2c,2,27000.0
0xb9d6dac500d6bfb436c0b35475c934e2b09599a9,3,15500000.0
0x6b59243154e73a5d465c0822ca3caea7dec24eec,11,134880.44120318873
0x7811c082ec3c801c48685061e52f0daa16671fbf,3,31000.0
0xe64ebc6e46d26431be356860dad3b690941373be,1,50000.0
0xd3415c977d649e73083efda8acf6cabdd3530e65,1,12000.0
0x0d6ccb48d43a9452b17107c41871f80fdd1a506b,1,10000.0
0x68eb5f238c0ebf1e2aeedc162d871fd5a82bc6da,2,230000.0
0xfdd3c93b4d67014681fe95b874bc3647a93b3295,1,19537.87754650813
0x82242c6fb04b75adcc022b4df0b634744d48bc18,3,39453.88568873285
0x3b34666fec6184daeb89cbdb4884bfedbee8f167,3,326000.0
0x73ef6134dc662caa5d649b43d74d0a3e8ed7f117,10,7226548.0
0x9ddc8fae1971b3a2ce4a39f3f8b0a0d7babdea87,2,11000.0
0xd23ee4ac0f6aef48795b57c9eb9fc0b274d7752c,3,89252.83598043173
0x3fc32dbd06d1f2fc14dba39d4a6e30eff7ad3d9b,3,29738.367363242967
0x1dd138b0ca98739e45cba94838129be89bef0092,3,8500000.0
0x21121f2b7bb48679699b0d467f042a3378b0a0fc,4,9005400.0
0x15c7bfe7ed7b5915039c67adc89397d496c467e4,2,14930.803228425226
0x88976ba0d8c43674165a71b3e9e1573de7920e1b,2,696493.8850717862
0xfc2890bf810cb431aba7fa803aa0184714db50fc,27,4011117.473763458
0x54e5755a78f442dabbb3df3d947c4b53531f04dd,1,40000.0
0x05140e2bb30cd90c5a0b5aade14fc422b6231f66,1,150000.0
0x32f7a574095786b7631035ebe65d1ab7e2cfcb98,2,200932.0344827586
0x9cf583fa3f6c8f52d12e45fcca0fb2e5b28fb85b,8,850000.0
0xde833a029fce641e11ce2604da83dea71afa5af1,3,158000.0
0x916be34d366946c29e0fb16d7742134552280f60,1,30000.0
0x356f09148e008d96d65e431cd14f7f15d79bbbad,7,81000.0
0xf874a3e705f2a580ecbcfb3a62f711acb46ee1af,6,48500.0
0xae231a72291e909e76707facfc4fe22b06cd32bd,4,140000.0
0xd4900361ccf03328f8ed57ce4a04e23ec5a1c68e,1,100000.0
0xf7ca6c003d7379c42e8f8dadee35a360438bdd11,1,50000.0
0x1ebca10b882d5fc10b9eddd7745b3ffa67be6b68,8,170125.15
0xc2abe7155ca86dac3a2cea5e9f0d3c279333611f,1,11000.0
0x3e4e49d107928f4d912ada840e349fafcdc04887,1,17000.0
0xaff303e8b696cb3c22ba5a6f389646b60952cf32,3,290000.0
0x266df78aa83fc57be39348035b243db29837eefb,1,15000.0
0xd6717a12b57eda0c4fe0901567ebde7d8e8b3556,16,86899.2247724437
0x9282a66c7f57cd79a14d6be6a45513ba4ecfcc23,1,10000.0
0x285a368e7a26ceb049ca08e0c508287f3c1832ad,1,42000.0
0x96665c82cb0c405af968fd327de89258fe3ab354,1,3002700.0
0xfe329309d43ff3426119f72a94ea0c42ebf96f48,1,11000.0
0xa2a9ac49dfb4a87081f976be241bb069e3039ad6,3,200000.0
0x13b0eb6f711aec304ec7544a975c7198f9cf4cb0,2,85000.0
0x37919b5c016516e3e5fd9a78ec32ea002706cc3e,2,72472.0
0xc39adaed0e2c62e0672607b0f0a5e1747e62a048,1,10500.0
0x99705e033d7b086e4c9df98ee3496b7013c74a27,2,23000.0
0x27dbe591d5f23dc6285e29fbfc446238edf7e990,2,25869.908552204583
0x6e251a8a9e9ef409949878c49e48207bade27288,4,54950.92116232114
0xee272c39c9dcc1bf8ff9949a070550aa15538c70,2,300000.0
0x44306d2d6580d591ae01cc2bf2adf3eadb31a8c3,2,95000.0
0xaeb86a802f4c2912a1d2756336b68472a8398f9e,2,12324.065447296643
0x2d83fa7c81a1b6ecdae4ac9ae575eb93170f096b,2,26827.637955036338
0xb29468886ce7be7f632e04ad2e75fef174041f71,2,14900.0
0xbdfe3719995cf69ce591138861423f276f5a3466,1,47490.979310344825
0x99b67fbaca707a0d734b6d6f8b82dd852f1525ea,5,258061.89272448
0x63c1bc86f1ea55ebcb8232f6f417f17f26c9fe2c,2,25158.947494003965
0x5e965fbba82231783dc3aa29e260459fd089c9fb,1,18471.048193696108
0xa03d94ed5847168d170cc7e61828b016ffbca8cc,3,725000.0
0xd04ed498179acc78b995090e16ab97044bc6fd7d,2,1020000.0
0x9a0c09ab4846e6dc8ddc53b3f964dc86da1cf541,7,3900000.0
0x6fc85d2eeb7abacf5ddcc4d8237cd7be12d789c1,2,225000.0
0x115379950d6ea8ccf1b662f8f6b94d4f1fd35536,2,190000.0
0x3098332c868f4a153860b1db00cfa305c659dd03,6,435000.0
0x4b392566bbd143710ae6fe1acba72415a2f8d47f,74,23427840.566806648
0x6650774852f371baccb07d2a29ebf40c6dcf44c1,9,2466000.0
0xd8446da0f405b74e7b6ad48e021e4a327196989c,1,1210000.0
0xd8b54bdec4ce9dfa76ab164862bf507d5cf22f30,1,10000.0
0x0491912bf946d4b0b99c88f9eb405cf91e1c27a0,1,14539.51351716939
0x6b82fdf8542d2d45854bfe23ac479296190be74e,2,43000.0
0x3fc75204c2b4fc661daf9d57b50ffcd9f4775c90,1,10000.0
0x42776a1fedb3d34b2912d1e53a3cd078c690d55b,1,10000.0
0xfd9390aced9f6742d48a0d2cad099048133afc48,1,10000.0
0x6043036af8e49a806d101ec65ccb5bbb43db8ab7,3,103000.0
0x43b40d016d7697c0a2513bd1f40c5da78e3ecc2b,2,358000.0
0xa24bbf6e344f9703f93ad8bc8a3b1a2280caf44c,1,10000.0
0xd0033144ac68a8bb13d716c06c1c3db4edf31eba,34,152702.75543988225
0x04c6273fb07f5c184600dc00ebfff2697481b155,1,13067.76771352776
0xa68fb05fcdddb40ac3e8a67178391d993c3cb4cf,3,94850.0
0xffb9d7f6609a97cb9fd8728dae9de4730d18e5c8,8,162000.0
0xe9400f8bdbd6989e95f72b930724ad0887e9507b,2,95000.0
0x642c547a57b5aa70770bcb04ea458687f5c614c1,26,2805743.6285034507
0x75fad86bd34abec8b4b15326f63ab8db15d2d93e,2,25000.0
0xbc50f09991a12549ca348c433fd5baf6159f8830,1,400000.0
0x390acaedc32e0b7ade7265ed7034b114d6801c4c,7,98501.74092714235
0xf6b10fcbd847f69bd34a50fdf41e177d41b7bdb6,2,135869.5166983902
0x86567e019af753ad2ff1f9a2b54b401984bc2b50,1,89798.9440346715
0xd5f38fe99850bb48d8bcac501d8c40b9d1ecba03,1,102091.8
0x22bb8a58b2b41e0bb9e64f6bdf58652dd8717e7d,12,474873.4110741621
0x0e5ab5698565dca32cad046a8def58da60617ebf,1,50000.0
0xd3a76bb59770e7fc83b4b06a07f5c05ba5acddc2,2,126449.45496922555
0x2891a67d13b6501511cf1b551de82dc6099d0e56,3,18745.250448989333
0xb4e04fb336c87bd895799eea1b03aa5f8fdc32c5,1,25000.0
0xd6ba1631585386f8278c7e34184580d84e1dd601,29,964529.2965515801
0x0ce9088342bebb6e5947637039d3219c1455561c,5,1683515.6818878888
0x5deccf75b93f2f00586ea80f12d1381ee6573100,1,1880000.0
0x5d6dff575bb854e2e3b63284b3fd1333ecb3e09b,2,13800.0
0x155932bc6ff7f5f797d4ba060c6371480c1ecac4,1,15315.363725956928
0xed2f3c93ed6c10e824e4fd18cd39449389f3c48b,3,566450.743627451
0x935f268d05de6df974d6760440cbd2962ee79e9b,1,33000.0
0xb1db96278418e32bd501fbdf4882d09468275c61,2,13750.0
0x36b04bf9af2bc72b4f50d701aefe3dffc61d5883,2,30000.0
0x4425db928b6e7daa01341ff9eb4514c01e2d2185,45,2207484.695860986
0x61ba3b37dc640ba9b6f61e5f6004012c71fb95f8,1,29800.0
0x1fe665bf73cded3512d0350ddd1efce5532b0ee7,3,56012.6
0xd7ae98094555a60baae85683f55d95950bf88a4a,2,44000.0
0x77e05e9a9c8dc4ca929d83940efeb5a608d821c8,4,3435080.0
0x2794a9687cbe450404d31ac46e519e93a3c3b2af,28,437546.1271668297
0x9e0d9de050fe1bf7992d620827176c99e9228ac3,2,27000.0
0x123297dbbef183e2b95025792707b135d0675cec,1,11000.0
0x857b1ce7d11b62b4eec6a1da977f5662a7c99d4c,1,29000.0
0x9b6d596e6f1fce263f727ce1d799d558f0c6e2fd,1,16500.0
0xb95570d0c956820e82cf8b59c5f27908196cd4b1,2,59000.0
0xa4686437756ca6d6ce6b0dfb94c55c3ca1019295,3,20900.0
0xdf7316a4d2cee66432528f21103eb9b3a9e10460,5,217907.10807177314
0xbf5f6656a4f570e6eea202d4c497335e72e6c0ae,2,75000.0
0xd085e610a60b9b5d0265a7d55fb885f6a40ef20b,1,36413.17372955103
0x3893fc2672d85e25416c718d1f7ed132b21ad600,7,117140.0
0xe74554276abb234741428d2b43a25f3fbe5a8292,3,259566.57662373869
0xe7af3d6070c1aaf558333e2b0d66525d6626c978,1,20977.8631
0x4d492b3a2f2ab66e169e1fc1680a8e0d1a28d273,9,237963.64563005
0xdc40ca4c497e0fb5a7885003c9c4b1e14dc3797a,1,10000.0
0x154c0376848dcb4c0af3a652e2fe2377a5321a56,5,429686.0
0x21db4806436c363957ab04531ef6f053bc0604f8,6,95000.0
0x6593b1a8e0c44c1e5919ab78b940089a5a7d942b,24,1355645.2387556038
0x8cd8d497f63b43305ff78a1000264b43820f2c9c,12,215501.00371721535
0x5e1293bb34376cae5284336017c930a0d5df58a6,1,38000.0
0xde7dc0bfb8ff1a6127e4c88888a67ff42c98a621,6,12637400.0
0x5a494d74c18fa5932cef273e2c6d3f8f281cde5f,18,570606.4949007807
0x5b8663979353376a55f730b85abc84ccea42d5c8,6,93792.902198566
0x783e782c4eaea92ad728b068b489ff63cd092983,1,14000.0
0x10232fdbed397cd82c6bb232c63970cab4f6e648,3,292484.9544979161
0xbf5ab508c27e3894622a690c1d643b00d2641b22,1,18100.0
0x70b18497cca111e200cb96939a67f1dfafa6a160,3,16881.87
0x31225194655cf4a61f2e88f6bda316d258d16599,3,2750000.0
0x27cf02e7b013725ae3f273417f1b143278a1b248,2,45000.0
0xfa1f93ef1751b840b40e97cb4334a31552c2dea0,2,276757.3958997559
0x42021fde87c482a703189938983cfa2d2709ac59,2,220000.0
0x13a29a6665b665c4bd815fd64552644a8167ff47,1,25282.153562267697
0x6304f69cf3696a4664bb166250af47e9fe21082d,18,7552963.439357357
0x2b35ff952631d8d6bd0191358a0412400ce966ac,2,73029.30716063101
0xcc69600cf8f7a1a9da2769db5e7b84840708fc21,1,25000.0
0x4fb4c16497c962b3727b36aa5a36425db066c6de,3,62449.0
0x134baae2866c0be5e86caa44e87f559f588aa60d,4,132986.0
0x925fd6c2121b0cfcadfa8883807f47ecb247ad8b,2,71706.67044165576
0x5740d8722388519804cd09d4df6cfc7fe788af35,1,136842.9879777556
0x6b385388bc4e30c06e87b5f356d5821659a53b80,1,10000.0
0xe2241260fe0191809ee0d7e972ef421384d69615,2,128000.0
0x6932aeb0ab0b49a1d9031fdb19f87973c12fee6c,7,180649.2195213191
0xb60103f00471968051875349682bfd2291adc398,2,21308.274623309706
0xdc54b48f9be1dfed6c28bbf0e218b3402c5420eb,1,10095172.0
0x01044cc5552cc83e13d08e6a160bc87f7f1d634e,7,304460.2139862591
0x60a580b949719be57ae363198b252d2ad030c0f8,1,10000.0
0x0924c5eb888d1320e2620bc837be6cd5ef7a5308,1,30000.0
0x6192edb76fa36726478a394025ef0edfc85e8ec0,6,260470.2785820636
0xef72cf19d48af55107b2215b7d08e63e1daa80cb,2,15000.33438766226
0xfdf5e0229d586d590103f3d991fb68e0c62856b2,2,30000.0
0x550afb6ae416284eb346f7f91281be3460d6379d,1,10022.045213416532
0xd61bb3ed6a884da56118c26700f455fbee684b66,3,1507175.6953585004
0x9fbd8564e74d355f7c92d7cdc3c72521e926ed60,2,145400.0
0xcf6be1819bdeb8b9af3bccc726808d962ee1f71d,4,83000.0
0xdec648b7f60cd6b61a0d7d2c16de717c6d907b27,1,15000.0
0xc9b607faaba2d93d3c91374eabcfdde079eb8db2,1,75000.0
0xdcb391bbec6ad9140077c1917a49603de0ccf070,6,37000.601720377475
0xb17d952660ad98c1dc2bfa5ce8038fa8356639f0,2,141290.0
0xcdae2645a605282515f93d6691491a29fd6c084b,1,56000.0
0xb3006ba788ced79187707f169db67b82588c7691,4,66400.0
0xe0fed7cdbd6fc01a563acce05f42e3ef3e45fc3b,3,65000.0
0x703dfafdbcdf1eb394af73152361bed5a64b5044,2,50000.0
0x31e283f5c10a55bd2b49877761061d9717d0538a,2,130108.0
0xfb1a2dbe3bb6027158a7004900e0a0accc14faca,1,80000.0
0x62c439e679e3a824b6f45699f0084d07ca4ca515,3,49585.31157937139
0x83bf29ac4a7156fdcfbb14728f316c12a497668c,2,31000.0
0x7f633a1dc88a2b83078a2d1a93a28faa9cc65256,4,17350.0
0x52d760e5e9b169451b87c6c6a09f31f7f11b61f1,2,24400.0
0xc0979259c1b09b35f492932f5272e9963dd719c2,45,1425007.024547272
0xb798fcc7e8b2af0b57a09d86acfda044c7fe670d,6,230654.60026082
0xd9ba44b4e7f0182023d583699f01d6a99bd4bc7f,6,150180.01719637
0xcfc70e600719a552df794c02a9a03685ae7cfc53,1,99995.0
0xf3564013c6cc02d2740a5a374094af02db2f6423,3,95000.0
0x0d7ae34307b42a58975010565177dcde5a2b5291,12,897518.2510971176
0x69cdeb9e58900bed859bb691b631a19b7d77deec,1,50000.0
0x4523becf01b4a23d1cfbf12518748d4b6e5bccef,18,171729.61486814
0xa71a6a380c5f62e12fb2b47e6e6d99ef08b4be24,2,14038.91345266594
0x20ae549a54f6724dcb6dfece7c3e589889b79276,16,147928.89105677
0x24027cac085539c09bb986189d3e24c12c488e2c,3,12682.890264807425
0x2f97cc8029018f5e6b9b130ac23b86e224237b9e,1,200000.0
0xa24fe0999510c43e6c412af543e3e2629c42ce77,2,21740.847125690343
0x874e4125dedf8d63fa0d8ff713200aa6dfc580f0,19,155967.58152073
0xbd50a25c30cd74c31d55f41ab02625786e859d0b,1,25000.0
0x9b1453bf1c1d11e6d16fc87dbb12cb7d77ba57c7,5,68361.95286847094
0xc8f0f73871aa3599972057182a2a00c33cdabecc,2,37000.0
0xdaf4f018f2aba35fa6f24ce716ae2d082b3ebcbf,6,23400.0
0xf353ec40afd2f14edebe152a19d80dac2199730d,11,313606.3074140174
0x174b6a6720302da7c049f227ae65a7ab4128420e,1,11642.627480466432
0x949beea362340ad535dc8d21c62f03c012fe27ef,2,276454.7731841153
0x8eabb6f004cf7b64eaaaec434f8e1b57ccc0f1d2,1,11077.449454740732
0x71179c959b1feda274579fe265d96706bbfb2c17,1,10000.0
0x11f4b2bf9413f557933679cbcb5de78a219dfbc4,3,33009.61027161352
0x78ea96c0a89fe8f237bb5e559c444c4f53ea9761,5,60797.74704637
0x3a8ad93cfd3affc142f0e3ad0e4197a0be3a7a56,2,16050.0
0x5637d0a5999b6b07b3f5a5c82b6f5af649cc2282,1,120000.0
0x85c6b50c13104276b0963342c0517ffba7cb1fef,1,15000.0
0xc2d4f7aac48978b31bd12d92a6f1b15c4caa2cfd,4,83500.0
0x130fdce6d0465c1389c098406c446c430b6f5e39,2,944330.0522343981
0xca3ec430596f031b11b3235e9285f4a1a676a738,6,973500.0
0x269f5f89884eebeb39a8f09aa945ed15e4780607,1,13500.0
0x2534cb62aca92c7b666bc817ac2a3ab434cf45cb,1,40000.0
0x6725f7e7370dc656ad81f7ae5cf321fc162c20f8,1,43000.0
0xf7b325273c683ac91e2b2c83a64a1497fae87825,2,30157.241643691046
0x4925508729471091c0adb2942d0aad0639a0b283,2,15000.334376314746
0xc497cf77dd007a4103cc33d58b64b396bb768915,1,15499.875783627636
0x549eaff0439538ba336348ee87c7dfc9a0222a5e,2,75599.82462413402
0xcfb8c0ac6b1542223973ef0fad6e51c8f62e2c01,4,22622.2494947428
0xa4a77c16e38b1f9c74b9d6297cceb5159285ab0d,2,650000.0
0x64fba9c5399c3eca6e84ea93d4a96c1c6fba98f3,1,688888.0
0x14fd227c55b40f9de2f229583c28277c915698ba,1,19500.0
0x0283f86e690893cea683d03098a191ede7176e90,5,177000.0
0x694800bb91a5ff217fb045bab2386f14c65974af,2,12400.0
0x57daa7c5dd92deb9a85ec1a61c8029309789acea,1,10000.0
0xb26d784be32be1d18a33a9d3919ed3702cf9af28,2,18000.0
0x9854548600ffc4521e78599378ded4a293d37c81,1,17500.0
0xa87fc79cc4720d0883a44a50f344270aa66bbefd,1,10000.0
0x1565e53e72637f16b548e90136abe0740101c4da,2,300000.0
0xeb408a6abcd03794218054b5861195cf6825422b,2,327649.10660305864
0xef2c5389bcffcd8c5afe13c3d0063e6c004a8df7,4,22000.0
0x092c7db4315d59ee75a21d4f16126937c31ef7c5,3,60009.0
0x6e38cbe1b0b59ebf648eaaae9bcc5114fc7d22e2,1,20769.392289641197
0xfdf7230311bdffafd1ffbf12ab588e7aa04b6ed8,1,90000.0
0x548548d4751c04e7382955f82fa30c5c89578dba,2,21769.979933800292
0x6957b7f5979da3c122bf1236bc8acbd02a0ab782,1,30000.0
0x0eaea1157c27391959a1be62ed4e8015653cb723,1,31923.019719853688
0x181f398f9824a9a0dc6ba2acf3a88b02f875f9a5,4,54413.662141536
0xf2e2ce695df1899bb9cfebf0bb0b4ea856b06b50,2,17000.0
0x262c9be8ef8fd55bb03d3130fc78952eaeda0119,1,10500.0
0xdd3d08472bf0b651b52ab7e719a1d2b5ae23fce5,13,186237.9729454896
0x8225e24252a3894877a3a400189eddae6e12046f,1,10000.0
0xc4d4eef2c2d937c9a29d04c8c039f5ba147f3951,15,142515.77644925678
0xd2fc37452cacc0793f0891dcb9ae955e120a0125,1,2000000.0
0x7adea5a2d63d10a0b669d4920dbaacc2005f530b,1,10000.0
0x64a4f76cf685fc8b314bec8178dcc5aaa1fd3fdf,3,938888.0
0x9e264f5450fa1d439789ac4e6aaec1cef1fba8e5,1,21150.83172413793
0xbe43d8cee4939332784c57fcf97aa9810d6b1fd4,2,19000.0
0x9633ddd86e8875fe857f2ba7d102c429ff051a2b,1,400000.0
0xa307d10b0cee8946210da06c599853791707243f,1,50000.0
0x218859a7f4e147f71f2b974ebcc4c7eb9d1c871d,1,36000.0
0xce9e972bf0870d14d4dececab8468f3c9b49fd6e,1,15570.188592881892
0x200f3e02ff648e1be67a064e1f76dca80f30faee,1,15200.0
0x12577a84d8a0adbd4da02510aa42b470295667fe,2,38900.26091398403
0x3f9b5339665ede47c42938c80dca44688f5bdd01,2,115076.5
0x06da731deb07044221398ddc87bab981c54f825f,1,23811.98842920124
0x333fc1f9f72bdeb77389df8b26a75591df41ac39,1,15013.5
0x0e63b3c5a7b230e3c4e5abe71a129f38b483dc6a,1,20018.0
0x9ce509ce2c4f0bb743442b1e536bfb1912528c9f,3,36000.0
0x3eee46660b962192b143ed2739b3347142dd5e20,3,455000.0
0xc93231f6fd28cf3d80e5e220e329b1660eacd3cd,5,7150000.0
0xb034eb2eba3c29d5b579366b916c2e2749d64d92,1,352025.5756867243
0x0136351ea81f471d7caec9bdf08a76f18c8308ef,4,430000.0
0x419021f96b98bf7521ba4b4e14aae6174b138a1b,47,992036.4407749374
0xaadaf513e6f69315a166baac7433fc4c6a1bf5ed,1,21018.9
0x4fae0ae32e2bb7825aaaec8c13d764929f22ea95,1,1300000.0
0x7a9edc2d4e501ac9e89d046579a387d4fed61419,1,15000.0
0x46f1a13cad392a794e112fd47aa4168d6e2de1f8,9,37117.154154086085
0xa57cb3e51e8939adc7ea97a71b933118d1adc730,1,11072.131364727178
0x1cb688db6b0f41cd8e50f8c90dac63d5c2b4fe97,3,18000.53541006816
0xa008773b6dbe6098d258bc1c30eee091db91c974,8,92000.66924232701
0xbdec78656b7889a4240f2607116ddbb9fab6b285,1,150000.0
0x3ce620787a455e3a64d284a04238544116ef0997,7,88500.0
0x66b3f14ff83ce565ae762ec295cdf65eceebf5e2,1,16000.0
0x8fb5eef3159617bcdf232342ad3923c2aef778fd,1,11934.67114593514
0x26c4c4e9277af85ca0db92d1a76477289bc5d3ac,11,120201.67179845349
0xf94962ffc6796c2d2f5a7602a1cb57bc7e5d7f64,7,55700.0
0x26d7cbf389084aeb12541ae369162ae2e9751372,1,30029.96282763778
0x158cd69058cd086cd8e43265f678b50217f3199e,3,287362.59770868
0x58a75aab55a0886207b96a5df6f1519915c4cfe1,3,54850.0
0x31dc7ec700d5ea3066a5acaa613002c63b7bf123,5,255829.8350936629
0x0479e84bf541f6f5af30b37382712acc9b7c126f,1,97823.00758678326
0x48a46c45f164edc83249ef4a49dafa6bfb8b76e8,2,17132.933012456037
0x99ea64ef22ee39a46c8a72710bd0f785d111bd4d,1,10399.036703784404
0x6d7c5cabcf1b4b26d9e176fa8e6c5e3f3afedcc1,9,438469.65346859203
0xb08dd7425b1470e21c530dd2623b8c3c3441ca5c,2,70556.5520623375
0xc7dfb534e18e861a7d4e8d5175a928bffffba41c,4,28500.0
0x30297707fa8911ba9c88ebdb56972e8f1fa087ed,1,48025.0
0x3a936d94b0a9b81f1cbcd71cc1e172c31438d3d7,2,19000.0
0x379e658c79aee32b4ac5b575d9c8994728cd6c91,2,50415.39693238771
0x236af62e8a744c56a20e2df002f51146b509e9f6,4,414000.0
0x77ce943daf60f3501acfd660de3ffb7125c9ee69,1,70000.0
0xfb203f8a99116af4dd77c9962619aed805595d80,1,10000.0
0x78341919c3525702f13a47275acf88ad681677a2,1,1200000.0
0xb62cbbb38256203c645bc617bccd693d1d8554a5,5,71463.56616451
0x53f03352426da430e51d67a5fa9b863a2cac561d,1,29500.0
0x5d0d9987d694d9de4bd62019970fa356b09e04d1,11,7026961.288660053
0xd391a3a1b6a18319a27115041ef218747cd4e25a,1,2000000.0
0xe05bff467b682624e92ba9c83acb3e84b37736d2,1,3600000.0
0x64b41d306f6c863475a69c0a24bef8e6821b1a65,2,100000.0
0x0000485d124ca18832ebc0e0e3d1947ee4db8427,2,225000.0
0x51dacf51bcfdc2cb2c44c9a9b070665800f12e23,1,30000.0
0x1b7c3ef17de37cc1658de0843d9809885c89108f,1,13512.15
0x4bd945112ba9e9d4166ee5476aa2d11138b12b89,2,110000.0
0x4bff8aa5d4f4592d402a6db42ea782a3349869c4,2,136897.39744378062
0xaaec1016bd4b494099709692e3498d43acde57b1,1,100000.0
0xf5b818f07eb2e82279635b0fcb7f67360cab4803,14,1096874.0262808115
0xf85b86e780e93880ec0d2ec49047c8d3d76e9202,7,650000.0
0x4ec1df16251371186e4607e11fb517e6022a803a,1,10250.0
0xc420eeeea73fcf602a0183bbcb7cd3a9ff5fac76,1,450000.0
0xffbe34cb6ba652bc82373f219167a8954c41b7bc,9,399392.92734943
0xfd5aaf80ec2c58505e7a76da120a11c04a0b832e,5,15900000.0
0x231662b87bdfa60cddaf75967cd4c9ac95e69f74,2,53645.00180038612
0x5492100ca4f4a40d9eb278abe92709824806ac35,4,254000.0
0x907599052f492aee712f7e4b576122a71f3001d7,2,56900.0
0xd4aa8b73c38509a79297e3da67b5d58443aa9c51,2,775000.0
0x2e912d05651eddb491f6c4e4a05e1b8743ded76b,1,10543.93009201314
0x98d0c14f4c83e3f04d178f4d556a88499be888ff,3,614591.6855905511
0x5e8306c13cefd8b6e411769f064cb8aaa0572955,1,23942.55949186526
0x06d391bef34c67061879ec388e868b5c319149e5,12,1395982.9115552208
0x75a8520b039fd0d5ba3ab6a31c645a1c337045cd,1,70000.0
0x8ffbd0365449d034f99f5d047e2689da11099c01,1,25000.0
0x8d34ff5c5610d8f868f739dae828d40619ef8baf,5,17000.0
0xa273a520f042f39259741e47456d2769cb598805,4,138447.66855310797
0x71dcb21cf9a494c4399efb8db4d0beb33f4d0357,1,10250.0
0xe12415646e931ab8458c1ae4db890b63d9a72944,2,707515.4281827928
0x8c2bcc5b3af047145287d18c54ac753c30be0447,6,1297969.5854010002
0x7ec9c21d1c3989db30da7a454ce7ae7304bec6cf,1,19223.144005088223
0x321be64de398b338790a337749c0c73842492370,8,4059886.689782597
0x838b4dbd6fa30b00a022ba6e8141bb483c5d4295,1,1200000.0
0xa14c3e3e7b0d6b004522fa3037e8cb4fb547c9f4,7,4126323.1404619934
0xe94d78da138016fc21689999e5ca9f031db1fda6,8,607004.4860992903
0xedcc267f7e825c91ac5a48d166871b28e96c6c99,3,456000.0
0xcf8588229cdf9d2799c3779c54c76fabe0bd2835,6,6998159.54969307
0xefc8714face36c4b6298f9f2150d59c0cb8f7bd0,1,10000.0
0x0bf0ba0c7b13c122f943fb61d97e9f43196bc94d,1,450000.0
0xb2f2c2d587df71a871fcb5fd78e81b49b0d8bc76,27,323967.84177230974
0x2b91dd24deff01ba1fe5e3320947539d08df40d3,2,15000.0
0x3707d42c46a4a18a05a3c38a9822cfdbca23b44e,1,25000.0
0x8b1c2cb2af917f70eb36f67620a7fcbb766bfbe3,1,250000.0
0x3fe636ddf359805deda9b4488e586bb8fdbc352e,1,250225.0
0x846fc8d004ea3df97f041893772b231f41602799,1,212500.0
0x1ff5a053c74a294b77665ea80cef0e6ef7006190,23,578501.9404815577
0xe4ff4ae4c5421dfcd395cbbf4d6fe9a31812d25b,19,332701.89393695176
0xa22b2c220d294373804761063c0803b2c799279d,10,163200.0
0xb364b7119c6eb1d2bb2a682b05496a06b129aa56,2,106000.0
0x2bd1e1c85007b78c2b4d4ced5cf2772c89d151e3,1,10000.0
0x6705b5c9aa2b6fb6183ecce7eefb971fb21ff184,2,17800.187467572083
0x701b3fbfe86df4f5c8e02a1e0b20191c70d56edf,7,68763.51891957001
0x5f82ecdd17acc1baea9277063f239d367b1678c2,2,33000.53470737072
0xb00c89068e640b72b296ddf82a9e88d550aac550,1,14450.680989068924
0x748efadb4fef5cbde1c8c6e83d2e99e2687527a1,1,50000.0
0xdc4ab79ab58c5f511447e02bfc670da3fffd9bd8,1,120000.0
0x6346228d65f78b17f2811baefd542cbd4999ca1d,1,22000000.0
0x6c0beb44049dbf8c58ffa26722ce2f5a802f8fb8,1,110000.0
0xd42ec2abe14483ed6bcbedbbb5635d95a1cccd97,96,3480225.1044514193
0x4174692b24def2c67fc3c34cd89b5c64ee4e8e1a,8,103181.17373886719
0x56294f74f12ec297c164f5b20df511b080c705db,1,12132.77306068397
0xd54d00fed2d45aaf4fb859e31453fbdd08afd40f,2,25000.0
0xc22da3529215861dd9a09c24217f818396160732,1,28000.0
0x2ae4bcdf9de1a54ba014e4c6bf769e849eeb242b,1,290000.0
0x9d666d53b26ab2efdeead039499895152574d968,1,12791.0
0x3018b4b05ab284c1d6b68a44c22264e33faf35cd,2,15000.334743626314
0xabb858d930248312d8e066ac353c1ecc01a24868,1,20000.0
0x28cfc2c7a8beaecfd661c81bfde49cffa9eb7c8a,1,55953.71
0x49d504fa406e1d4e76cb29b31ed7c530bf437c78,3,340000.0
0xf898a62b186c7df407e6cfeb354943074771049a,3,3130025.4279568945
0xf09794c689c26f3471908013c57c031bda6a7a5b,3,427309.85150067555
0xbe46b3fd7b4bf89d91b3a9dd24cfb4154e98e447,1,40000.0
0x585d743f8f7dcd90a89a3688e55ba1783a60adc4,3,22000.0
0x2f393c8b04ebe74ecc80578c0f877a4084053040,1,10000.0
0x44c2460850a4200ea25fe33bbf1a271468058571,1,110000.0
0x5e6766b7bb495d9a30a34f2922624846fd304a72,1,13001.019895471372
0xbe71adc6e78055f7f56da931fff6d05ef784ec76,1,47454.14576178283
0xb087b88cc0f3c14add8c5787cd5e928766634113,1,29151.68272682533
0x235ef9437c12a8db85c11e00373a777067656aea,1,47730.80959872048
0x7f7a7a88c6402442768c97a4391e6b7d7ec6824c,1,293292.5077599084
0x28af42af8724f7cf57dac847bef5edd2c50e8c27,1,52000.0
0xe6a502daf198a6b7552016f40c9ad13d808383e8,4,1448748.3720703167
0x87bebf7451ba96dc12b950c86e967255d71b38f8,2,17154.81037060915
0x958ec576c6705567ca91494d7a55e35dd213cc3b,1,20000.0
0xfc8f84cb055705ba669de24e174d22a76c175163,2,175000.0
0x4c76fc0fd0f63d838ad2e16b51bd7ac3c3f40645,1,47062.13427411326
0x2f06d8fa4351a98f97d24378d24ba4665cf14637,8,156659.17260484883
0x100a78ce8a3b15a6e0dff3801142ef249a5a9427,8,466000.0
0x512760e4b07c926d142ab4a39757d98f930b9d37,2,306000.0
0x543c850e0f70fcc27d6f9fa286caab1561cfbf6f,3,45000.0
0xb99f7587cf8f865f41f50200d36f1744c9d12d00,2,21000.0
0xe4628d33830b28e24f37db7428990ebad0108d88,1,16369.65063823726
0x1ec24013473d71326328d8949b8df517b4ea544c,3,87792.60894327122
0xb1187f944f302664f1c2e2f52ae88b9707ff9ac6,1,19000.0
0xfa3298df875a274733970a04b7937720da5afc3d,1,19066.908378806973
0x767893bd932e8dab27693b50820df9b0a25647cc,7,466506.1
0x0974a5ee9982768efdd99ab4c8740303473f4b2f,2,200000.0
0xa44215a1930debdeca39969e0e532bd4d3e31027,1,201000.0
0x70b9de23df2348659a66155916ec86254a1c5c00,6,264000.0
0xa73584443e5bceafedeaedcdc6eb136b37d5c88f,1,10000.0
0x9e29b013687321e116aa142450cf77e7c0e00db5,3,172500.0
0x4a5fd6174edcc02600661ba35afd2b7e8e91a3ec,1,21355.700048677463
0x07c309ac0cd829b85142cb84d2e0eac2f08179f9,1,60000.0
0x55ff7a81e90c7c4aafd59216b0b053bd87c95ab5,1,45000.0
0xf312b8b38a3c64b339422a835ffcda46ef243be9,3,119713.76595755827
0x050e4e33eb7bd7ba62498d2d7a6ac3f052678d0c,3,935645.2441401813
0x4285d6418af2fa152d244bb458d65825fea425da,3,47200.0
0x8da77f889dc5e254a90abe6bec38ad2e56d54278,2,920883.8666240772
0x30fac611924431ce8082346d89d546cc684de465,2,21500.0
0x5ba601276d6a0c832d8fd6afd5787bd369743946,1,10801.82750181515
0x67ab36b60cb7a2d552d5ef8f5d760e5856e95f31,1,20018.0
0x263ba1c2ddf94926c29075134fe98e4893b7833b,2,37000.33458088797
0x8e7ae545b8387283487d26809f4ea0409c16927e,9,519752.73470705
0x47ab011ab0e7d52b10611ff3fede1850f97a9bcf,2,100000.0
0xa3030e49dc91b39fcd3559789b6f8c71772bc242,6,1854226.0
0x55227ef8fff14fbb8aa7fefa79c736fa10e53de7,1,474928.64698850433
0xc6a8333e298795ebe6a7e522fc1ec601b1200d47,1,15225.0
0x2f44732d93d7b309e43f81113e2946da6f53ec65,1,300000.0
0x6a4911abb71fdedabef098fb7ce6a5eb065bdd9d,27,23973872.726109203
0x86309a0b29ffa9d893bb5c078acadf14d292dae4,2,45002.34298130628
0x57c9dde08aa934399669b3c4525d24fc7b6b1181,1,180000.0
0x56bce988e2ae77fe85a054676eb33f700aab938b,2,26058.651193688645
0xb2cb5aea2705d1ad0e30d181b609388b4dd42d98,1,100000.0
0x3b4d7a180279a0f637fb77c9fba90788d0c49024,1,10000.0
0x55efa7ff109783875b068296e330d38b23dc48aa,1,17381.079182022986
0x89041aac6205da1fa8216afa839a48bca50c7101,1,45000.0
0x1721bd093379865732ee9fb1261176cc70a1501a,1,10073.522264921372
0x705e6eec42a4ff66183643d59242143b4899d0c2,3,185824.90095599229
0xc7b2a570aca4523319937d149ba34d6589786ec0,1,10000.0
0xac802e84540197fc4fd1a0717247e1cd490ac4d3,1,60000.0
0x52760c7b62154fcde34c36add9d46fb850ca5b8e,1,10009.0
0x8908af7bed824b2447fe1795b0982e55fc99daec,1,31500.0
0xa31335780d1ae9c831c97916929b04aa9dc9db2d,5,570000.0
0xdfc2e46c76ddcb921fd672c5a3a9b1338ca9d2ed,1,75000.0
0xc4df42d7349fe953f8c4dad58f7a78347ee9f2a2,11,16050407.804993002
0x345da1726c40bcb87ee2f3a8b4c4c1e0811ac3a4,10,220792.21366833677
0x1cebfe5b48b4672657ce9fe062ae3993e639fd8b,1,38500.0
0x4448661e7d0bf33173d8b3d83ad6ca5ea7ea97a7,3,35000.0
0xd8aa93862ed67a9ae722b80924fbe1989ca2c4df,1,20000.0
0xfb5adb2ac519bae0d5f13c0b75a1544bc1268354,1,60000.0
0xc6b9998b4649af526ed039c4b5972b2b00c8faf0,19,5950629.396400188
0x63127bc259d64a59da1b4b9ad6778030338b3561,1,17689.9066
0xccc4809cf0543d9696a5feafa54550a2a4c464b4,1,10000.0
0x687b38eb6519c9cb24a0b63ed57457746be98137,2,110000.0
0x8e730ebac8fafcaa8e985f607d825a80325c3089,2,269037.68047705723
0x08ecd41d00e03b649f279d7f8393f056bdca609e,2,22000.0
0x362058e52b4e1b632b7b4dc5137c5acaef806e2d,4,105000.0
0xf0d58bc94bf26fb2d61bad7fe3aaffd9c1d3f522,23,727010.3723526424
0x2c2792afa144ce51d68dadd447fb3aea24876a5e,1,347336.3548772254
0xff3f1ef4a0166d63ec9223d5ac8a0f1e258285d0,2,76090.94370388097
0x4298a8ac25f8dc729336617f1f344f838bab6db4,22,2458300.7660506596
0xd93852f8c3f60406813bacd5fa8ddf66f18891f7,3,856628.0718318194
0x5cd7c15994c0efe026880917f3bfbc16336d34c1,1,25000.0
0x907dde617e5b94b4fce300af1de6d4d0187d80f7,2,112000.0
0x819e65fb40244124fd137fe919bc190f79fc9eb8,1,15000.0
0xe94dd269bf2ab3d67978e8a870b9dd99ab7fa9fc,2,25127.977788155615
0x037c5880a4679be67e5bae0eabed2a91b4a94b15,8,3167029.8161994205
0x67789d766a0e2d81bc205c93d948b83f4a5444f8,1,50000.0
0x61b03d6b6891944b35402bc461085f696ef00d36,2,36203.27016651996
0x38d5db66691b77b96630cf43885399cb13dfccb3,1,11388.307483679146
0xc73f14cc35dc55d6d53375ae1417f4f3159ad7b7,1,19000.0
0x86b4cc0c3768fd29c11610f22b8b84f7670d639e,2,28500.0
0xaef48ca3eda94d10a9c1de80b5efdd40b12aef10,1,3301804.993130774
0x472469d81320ca118e79a9d1d9116514cfa1bfaa,1,15547.321474021286
0xa0d8d16ec194b52c8756648a5a39cbbec519ad17,5,519508.1934969543
0x3358717717153f36c37e891cb2b56934ef8450a4,4,152684.23713705433
0xb2a67fc4cd2b594351e07d34325cda8236cd1e74,1,10550.81625743187
0x826567832fddc2c1014dc2f8afa8ec1aeba2b022,4,40500.60212413053
0xa1b28fd9ed24499f60207e649f887d8cc5550b11,1,70000.0
0xe3a69ec04ab001f215327e454fc58c6d710c9ebc,1,10000.0
0x848159139cf69bae6ef3a1608bc2ce5319447a3e,2,560000.0
0x239ea599f511e19ab13ea96cc4b4bb46530f56a8,3,75045.0
0xf46e6f1a8d54f96499feb26c1a5d708077db9d23,1,20000.0
0xecda9fa6bed473a70b9e7d5e7943b0fb4f162a5d,13,18387342.864528347
0x4acedb1a8c74948d5936da8946de014ca3d9b187,4,417321.5104485424
0x0495c2ab37145a817c6c9d7927e349d506d3b17d,1,220772.6852203333
0x1b9f2e157204283a836c3b7781ad0ac6f06882d6,1,10225.588058534537
0x98518b4b1b239800818bba8d7934f9adbef01255,1,11000.0
0xa2c21e13fcf4e46df8ae82c5b2418494cee0cee3,10,1178250.0
0x504274be80837b1899b468a80d77da09e926380c,1,11000.0
0x89ee742ab366ecfb3f4bf5a4436889032b3bb07b,1,50000.0
0xa68bae97a71575ba2e98bb0ae285136f494d28ed,5,200006.6954838903
0x23e17adc5cd12d08220d46354537eb57f67ee682,2,40001.33914443165
0x3daf67f8376a9f5b836c70214626919432d8cd6b,1,400000.0
0x9bd7d34406fc9bbe741af86900779a83f957d2b3,1,63291.121190484
0x31e69db4cc8af1a7ba88269a8fbfb4e00010704d,1,13000.0
0x7ccfc2ac86025b83df06795edecb67bcc3fd422b,1,50000.0
0x36207fe4eeec72702aeabefe3eb0bb8b282f6bee,1,29509.65056574229
0xe00bab45103b5574d2ff871430b350a54db7e25a,25,452258.47824632074
0xbf089ba679a0b012e2eaab01688c6b07ee3672a2,1,3422265.4794112933
0x4da2bdc2db728425fcfcef5fbc6cb3f5c6a2e51d,5,28297.95648646638
0x22c03863ea198766c6858a3c17b3c17cb37b7a08,2,80318.42012225167
0x5fb87d31b03017b27135c54c60dd90b7f97ac183,1,27689.12962977209
0x1d20a8c56941379dd4c4191d4cc175e4c972234f,12,267765.78649431845
0x1f36f3d5e07c5efb629d34655fdfae09a4330446,1,25000.0
0x4ffd98c096d7a2bd464e130e46ee8ac42ada9168,1,13829.847832138024
0x8538b2bbfd1bed11eb8a8fbdfdb8772f66377a1f,1,22657.611412258324
0xf58463e3764d67a1582f6237d36fb8571581a85e,3,44882.34812742984
0xd7aa22b85484afc4f034fabd2cb6ecd59daf2efe,1,1457662.225279541
0x469d51fd8cbc54be3a037a83dd9e8a6e326a5aad,1,375237.6967250069
0xc4dc11824a16abd5e61db9050daad9caf4df20b3,1,50000.0
0x66821be576ad0cdac67bb6f49d609bffbfb6dcf6,2,145716.36855580227
0xdd83827462e0051fa56a60e5b82ea17320524a36,3,295300.0
0x7ecfc6adabedc9f4a8f2c9b7b27220b93f85323c,1,1764783.0915622965
0x505fc83b18114f64afb94f3a4ebf29af37362461,2,405413.9464062246
0x9652342beb70ec90ec1ebc6955ba81603d5b8d84,1,1090756.9464169233
0x9b10bfad8c7f4b1cf2c5eb71f004ddcad91f6459,2,39000.0
0x0f1612d45bb0f2b473c2837731a244816af7cbc5,1,23000.0
0x05fa06089109c902c7d15cc1ba3ae174b1c695b2,12,248552.49193763666
0xefee15aab820acbed6ae90807593933308a32d84,3,49000.0
0x123d69f9e5baf6922c6e21d3c3d66611afe58a20,1,10150.45173562644
0x6dc0466037b586c34611c555e33f4de230604b7f,1,35000.0
0x539d6b6a516ce449550fd29444f37e6da743d7cf,1,10000.0
0xdad00e801d5181e06f2b75d53ea1ff6fcb0db7e5,1,31220.611232414965
0x0686e331fa6b9d4186c67380e5f57fbe11c9f1cb,1,26000.0
0xafde169fb6c69171008ee4b2db12eba0607485b1,3,75002.00578112896
0xc704ea8366e54d7f414838d4b21a254c2715e9e2,2,395391.0007160489
0x2c8bbc3420f4619df4478f6f64839a9240e13d59,2,15166.156046271333
0x5a13f286afeec5be15fbdca9a21e01b460cdd016,1,97000.0
0xbe4d8f84323e89afb8fec62f0313bb559f4a8572,2,500000.0
0x2156ea2f209bce18278778b208677c66975bc375,1,150000.0
0xdfc3b3fb11afafacddff5e54ee30afb1063d9d73,4,56084.05976578312
0x92c0d167c3cb68c3962e7e409781bf2f039fa19a,3,1300000.0
0x69712ce11acab94b6ef7b7b20ef65012085d51e9,3,114001.37542957347
0xa28795b7d22300694d7fb52eb518de332ede6d4a,25,367167.7609247789
0x6a1ca8e3bd27ae274c24a2c9c442e77ad3fc4583,1,35000.0
0x76de36b285ea6cc7c68e4610cd9f2f01ddf2803f,1,103318.18067753129
0x3de667200a2c56edd40d5cefdc786be994028103,3,37000.0
0x978de73d6589a384bf7e0a3b5c1eaecbae060b59,4,43000.0
0xcb29bb4805ec6d1a17ca3e7bebbfb673805116b0,1,2424599.379453516
0x3e487ce1c9326d876e423f1d215c5080d45ae8c9,6,182000.0
0xb3af61282f4a2db0a4e9020947d092f992345499,2,82504.52102998456
0x8e7565fe003f5aadd93e28af40d2f1f4766413ae,6,74700.0
0x994a1ef5579eaaa9b269e42132279b92bb77bec1,1,32000.0
0x792f540eec3379dae4f564d53b1b52cbbd863c6f,3,227000.0
0x84497645379746087681edc6135bae1f8a3ce892,1,40000.0
0xaadf6d6ceef3dfa5ecbb7b024824099963d963aa,1,15000.0
0xde973b3ca22aae67b5385b12295b321bf44c07ad,1,60000.0
0xb7a05a6b397f92f5a20c2ee81b06bc675eaf78f3,13,628007.556240309
0xd3b7dcef3bb43031725d4e28034e4c1ddf2ae05c,1,28000.0
0x0fc4d1812602a448f10c852511812cf856dcc3fa,3,28978.347188152766
0x3fea5abdc94e452abbce788880b9caa335c64fa4,1,70000.0
0x1e5c0503247c82714ac7aea93886ad4c28617b3d,13,171294.4960663883
0x69bcf3981777bfe27b0209f4be4b93da1d5bdff7,3,18000000.0
0xe1d0dc4aac5b983b4fe1d2b310ece5ef48191e73,3,34400.0
0x2fb46b463f8fb607963621a7f66acfa43fda6516,1,15271.495510159984
0x88e7bdf722fcd3059224e43f5ff3704a14072620,6,84001.00358114766
0x9dcc0c26b2484db0257091a49d3b367c7b32e4b6,1,25000.0
0x77f1c65f916ba28f2c21b0c82259db9609670e60,5,151855.285025843
0xd50e140d5ad9bf76a00cafc6515e5d3ea7d9f149,1,40000.0
0x0be43b66ac428ac635767861a93b34f9dad41552,3,462010.36638801516
0x3a1f31229df57d7740e8b50dba9fee3421586ffb,3,49000.93708587506
0xd0a12ec07484c3b92fc18ed21b5653b2a377dd70,1,23091.15411299972
0xfbdbaa96d0a5bc7a0133676051eeef7ec4e9416d,1,15000.0
0x2251497e22782b3ba6a01352aeefa912fee6b676,2,2245290.7479378143
0x6351495a18948ced3a14f17af39aa4f5e8da7b63,1,15635.614175515988
0xc96e5787638348bbd1209bb226239bc0342c0699,2,67532.30149392667
0xda7bc673836789fba5f195ed95f30ede3f369ed9,5,253500.0
0x3d0a4684caa281497168c0ba943ed37c19d9b742,2,24693.0561449179
0x20daa2cb89da7657dd8cef67a48710c6fde52e02,1,15000.0
0xa554dc2e6d08d80bb3afac774cd74a6dead3fd71,1,15141.201956800129
0xac2b5a41b7d1186b725ae4d79b0f3eed34802b84,1,415169.2693983083
0x47a9cf414bbd2f97c43655a0b793bb95bb4a41ae,1,36036.25623183463
0xecde689d522231cb7db38ad3dfbcf7320105eb52,1,117331.0
0x0e0a6d20c15d6f191049ea7d7f0dd06bd3b044d4,1,18000.0
0x356500c890d65c7185672bce5aa77cb193f4a9a7,97,1354690.321565601
0xc1ba048b7f893814f4d2b5c9621857038c01af09,4,79000.33420438482
0x7fec7f3b361ecbc7288cd01aec798f909f0c5aff,29,5352966.932671143
0xef4d625adfb1fd7e684b497b664f512e85042c33,1,99781.68991304142
0x5ecf645e867eea3d8a56d9be52639ff701a1b486,4,128252.31851348806
0x0748812bc0186f1a053b83c7663030992a87d7bf,1,94631.53868937131
0xfc81122957854f4852fb0d7c4e2119af7585041c,1,28409.868230519904
0x1f379074759500e25ff2216f7943ef9536cef7c1,24,494644.4454188308
0xda536a988fc85fc860e21b58d8b0d31dff9610a5,2,80005.35742580931
0xf4d12b84ef6eb0380708d22f99e53c52add6ea23,2,1550103.800166565
0xf2190bd039a25d4a7e1069e1d972a12f7dce2bc8,1,15001.004475138148
0x5b1e608cc6a61fec57ae76cd8fb06f5abd076048,1,98978.34101707285
0xe6d17661fddef7d14876bafd6efac4fc30cadb46,2,40915.642030513045
0xd1f8f2b00bfe3bdb5da93a517fd26324289fb947,2,25001.673020927596
0xaceee4d2cda1b357a461d30d2c1f43e654f71f92,1,93603.14950256037
0x7e3e7a4d64b6854265ede52a2a75527687cffabc,1,21484.48518265003
0xee884db7b0fa93cc8b2c424f2a6dd472b16ddd5d,6,110004.01620446649
0xa0323c0f9567bbff18277eafe77d97ce31c8ee0b,1,22518.432963047708
0x4041ac4d28b674e1c018aa7f730fd77da4623efa,2,117818.21288247406
0xb09b5cbc72f31c56cbfa368d1ae93cc528ec9957,3,35002.34180064725
0x1b31f60072d477431719aacb45b6e6fd6fbe90b4,1,2626557.668193041
0x26ff81a4407073a5c96f2e7a18b952ba8adc3c08,1,135009.03730599137
0xef54175a26336233f86108e5ef5c56b69d830b68,1,15478.758370932514
0x0e449472c82f0e3621884d767d05a130af0c80ab,4,115003.68180686624
0xe493e379b8561eca1542fe7018b09e4b99c4124e,1,15497.457902119644
0xd681d3ebeae44e12ad2584b99158a091eeb99857,1,15133.848059536607
0xbc69b89f795168cf5b94445e1a67d4b39c7dc290,1,15001.004061772335
0x74d12afa4ddef3b492c213dadf0853cc6e4d2a55,14,51725.3614983355
0x2a85f73cf12edbc51441ca25ef35d2a3f9ffe7e7,2,36001.338579897434
0xcb118c88be0c0fb237f3c31889067f1895e7ae38,2,77004.35036664706
0xd126eb5f9d88915c4f748e189daa956e350c4a8f,4,296019.79727754125
0xcf652b550c96afbaa03cb39d342236453939ae7c,1,40002.67707518816
0x06716d493c3559a22496509fa6c704abe22b1115,3,379485.2465560213
0xd49f1207cd2ff45b684c4e96f90e605331482d2d,33,1440475.2484404088
0xdf9c04a919f3ff385deaaea27c9c81a11f93e6c9,6,195008.6961936091
0x0ed88099a9d169ab496f55b920cc2548c96f042a,1,825055.2040590004
0x7ae3fd480b2eb60f8bc8bf2cc8de783ba034d9f8,1,15001.003698913137
0x4ffbd8f0e4a4d042bffa55d7b08c4830a37a16e4,5,97812.17358955335
0xe7c5a24d493a975bd00ffd25f1f563859537a29a,1,20427.159281505483
0xbf50c8b5d5e53386419aab482c0baaa68d968626,8,420020.06388218765
0x152fac7b89e3a56f25da94dc41237974285a2613,3,34201.33819471428
0xc3dc2d69f03503afc812985a5393d4891aae9a7d,1,15418.710525371243
0xb0fdffa14c3ef59f39407585b71227918ab35159,3,106507.12521247727
0x58bb9faaf80300e30576d8b9a51d52d694270370,1,70004.68261057195
0xb28c87ac58ae2a938ef8f6684480cf88f6ad8b0e,5,41001.070260128836
0x5d0bd2dfdabc2ebf3ac34779cac3763818f0c2b1,9,361015.3824764653
0x59d7dd394e8c9ec8599a23ff973c9bc373b25c18,1,15566.569170476334
0xdcc1f7e28be0955628a28b267af4003d3c3eeaa5,5,2435101.3319572853
0x1b77ee4c4e23298a16ea27fcba7808574703a268,2,57817.74326905664
0x9794844c098f691c0c39dafa852c14504471eb94,1,2220477.983862104
0x23f9d102cb91e1754334aab07c64e819be52f703,2,1290147.126768973
0x9b1f65aa5adff81840283cabebfd2387a8e228a9,1,6000401.264547833
0xbcca2b4c57ac039f14e2f125e3bfaffbcda63566,1,1500100.3158112762
0x1945c777f3d74486843335ce7facb4f26af5c179,1,100030.40740117096
0x7507b8b7841cfa357e1d07bf152ee4bbe6eecf28,4,1013500.6399162759
0x9d14eb32a8154bafdddbc2402a8f19d9ce939f9a,2,200006.68755582464
0x9f7b7a1995cb95467c31eed07e2011431bab5f47,1,242231.366116412
0x86fb41bfe3966505b03ceaa8e5609a2ee9fcd3ae,5,667033.9030852623
0xa08990b8f670739501e355dd0aed914a0db643bb,1,150010.03098219007
0xa6e86456d491163bae102d5e3a83018f33eeb84e,2,46001.73869361223
0x90615ba38198ae29a9927d6ef2c024b75cff8940,3,130004.01221212815
0x4837df304441c4d3223ff5897a5afdbb5c4fbac8,2,7000468.068827608
0x3f12a58828e87cf6635d39ae9bac0d1bc34a552c,2,25197.634927502484
0x4830f23ca6d38ab96f12a876a1a59d8cf7d5d3ae,18,210378.1609003368
0x88c4fbae57c51bd7e5bcabc106eac5f24c9d04b7,3,57503.34264906992
0x44d4cd8e4f1d54f451b076c45841e8977d02b00f,1,15001.002701970394
0x1927ce2e0d0d125e41a05cc08e939c6d54ad2ad5,1,300020.0540368798
0xfdbb57de5d7d6913425d0bfa4fd795dff4cdd1c7,27,6428314.389171076
0x944d82fc67803dbd38303cc8b7c11756cf25699e,1,15001.002651617637
0xc490196a3823c8b4887c88993bdbb2a232783579,1,43675.44106399195
0x9da503d54aacfaab6507561375fdf2149937d3fb,2,102000.0
0x859808043ef9f066a72bc54addd86bccd9f3ba31,4,78793.99355002028
0x909ef9894887fb73a2401803da0dbfee963bd75c,1,20000.0
0x179f5441d5ed0a80a61fb106374cc2dce299f7c8,1,23185.787727573563
0x1564392918ccb41a852a91cce883131242acafc4,2,6000000.0
0x8fc55c7bb32e3a9023a3404425ce84362c24fe4f,2,59387.493718238926
0x3f84b1a0f9826af6d04974435443bd73301d1433,2,21731.514896657685
0x14d684e6828af1f80a4c001a9a0fbe0218ad135a,6,76134.79983549786
0x563ef16019da13f77fb4dc6ecc58e235dc5eddff,1,15013.5
0x1a717d1f1f30c80328ecd00a0d79bb35fe999182,40,494509.0282518516
0x681d43dbcb9ed1a65eb6942b1ac7dd8dd8a40da2,2,115000.0
0x3ce812e4496109801122e0a1faff1ca2c752607b,2,46785.16378397443
0x3c95131a5fc880db0cd09ad85fd1613e29ffd373,20,514918.10843555
0x2aa0ffee9d97c7f1697d73019615223f2680c650,11,256621.07972648667
0x1776cfd2a7bb994fde9625af46e32fcdf215e2b9,2,96568.94896538035
0xef290f0d51fe1049898c7d066757c447cc509a58,6,495496.19981609273
0x25d62f68332eecf0434e58bd968959e893e418ea,1,16000405.0
0xd92bbb9bf5a7f8e8d82209f7aff5d267d913983d,3,109432.65859232584
0xcd6e81aefdbb1a085f3dc7922961c79337c226ce,2,45880.572577121435
0xca0c2b2629b4e3ff6fdc0fd6e8aa5a439772e641,2,3022186.357440519
0xe113c529b8360501a5e64304db6c2f633e3d9ca4,2,100000.0
0x29ba060ac960a9209b1bd69dbf3ac53c530f0508,8,237000.0
0xe189537b90f40af1b396f85c4d7b4c4044a5bc57,2,42000.0
0x89d47f4d61a9492a2b25348bd46d29bb1f971f5f,8,2050250.0
0x58d763433e3e47e69f2399768c087ae3ab8c3cd8,1,50000.0
0x7d5e8d17843cfc4063ae06cbf366f10485acc1a5,14,644400.4336450049
0xd6985b572e9822d481f7cb56bf328c334f8bcb62,1,15000.0
0xa681ccdc1181de59634031856e02f06d3cb6bb7a,2,50000.0
0x075980e35c5015a3e53505428d4a3e555650c08b,1,86189.43740255188
0xc28d7c09b5cb06b6e5823648de1a24be80938e74,2,66953.51601233387
0x81ee1c59c473f5edc4855203972f0a31f957ea68,1,18000.0
0xc2eaa6bd2a79ee66b4c6e2205ee64b0dd58e0d20,1,16625.282293602486
0xb57f41ab7873d4627743d09cd2db92c5e00fa03a,1,15000.0
0x7f8bbd1653359fb5d8680c925c02b1ba91842954,1,17945.54490008518
0x4032ee21404af045f6ba8022cf4607950c87a39a,1,120000.0
0x5c2af6f321223fb8b6d730bdfa48c2e6be239493,1,20000.0
0xb955c6acbeefd9f3f63feb4c1dc41ebf0fd565a7,3,152843.8686009856
0x77e68f6edd6474b33e21e59307f42f9e6f5f7d08,1,62525.34772335704
0x3fad6b951bc51da7c1214dee4fec21a8801aa862,2,79206.96641629585
0x8a742f1a7e4a3fa8eac4a7a5a6ce3a80d3ff892b,1,18488.60819639989
0x24228960b6a9ebd5b4e9832cc9c46aea8879aec4,13,3752598.9602868254
0xfdee428f206ed6a2a93d594695ee7f2a5ea42f94,2,523315.1047440712
0x675888259a76e9f1658b8f1e00d09160105e2d0b,1,15120.561886184068
0xc378a9f1429cb477dd4ca2cf5bad746c8dbc10c2,4,74513.72214352112
0x62f3d1c2b684197bf04af7703e5d16fb30271af0,1,24000.0
0xb9e14e7af948d9602171083cdf2ef4584a021cbb,1,100000.0
0x8dd65a7912cdf4eff7d0a49daf4c16f0e39df2c1,2,185000.0
0xf2e0e586f8eb8b2fecdb27a8474ec6c8ea88456b,6,57500.0
0xc3f02fc45b5d601eeebf3487acf3fdfe91b8254d,1,125000.0
0x9667c4647d4dffa9043e34e3fa04024d43c5b3d3,2,16000.0
0x95eb31ecc243638170c74d24874c762a9622d2af,3,20022.0
0x8a5ddc37c6c5305c204e4c7a3fd4ee6e2b17aef5,2,125181.93301385846
0x1762e32c230b9d6cc899ae759fa4e5186d09e614,2,200000.0
0x15946d7ec2625df2da4b026cdb5fbcbd1fda064c,1,16764.277370052503
0xfcd61c0b905753f7953d9cd59f69fda5b5b5ebd6,3,515000.0
0x520599bbba4541743329d6cd3393dc2e7d7663a2,2,15565.809421460212
0x2b4c7e7613c03d4f3d5ba412ba88fd895cfc9cee,1,400000.0
0xfca7e149ec4c4db589e5960e056a6ec564f5099d,1,15000.0
0x21873758bde995a8d8ff3c172a2040814927ca5b,1,25000.0
0xe283532397173208128e0b62509880dd5e633fd3,1,15000.0
0xe2e6de026f84e946455902c7ae78bdf74d1f44e7,1,45000.0
0xa43ab06bfdf2bee69032c01ba8748825a4a7d305,18,148500.0
0xddb19d3778dd3df0dbc67d6fe41bf25a7ba353ab,2,22000.0
0xe6c40c07541af608474dde2a5aa5fec1d6e14f2e,1,86203.8167225988
0x47236c67edf508a695222b1102bbc9d175849f89,1,18731.31319179976
0x49e15a2a5e9b571a379e09c270d1aaabe8ef3a4f,1,150000.0
0x8d83e489ea7b18c4439a07670d993e8efdaee471,1,30000.0
0x507b763c0d89ac3005d1e3ebd6f212906a9baf80,5,254500.0
0x0050cb930873348094f07656437cd66a8cb336ff,1,16500.0
0xdbe796e5e8029d2f91e5318ec31cca629fc44cb9,1,200000.0
0x689f73f7dea28d76bba1402fee6bcc063593e8d7,5,125000.0
0x08a2a934fe07b6882e3b01dc094eac1b34774d82,4,1600000.0
0xf5159c610f2986fa9ef293abd614c9fc03fe10a9,1,15000.0
0x453f80b32fffe8788f988385f8bffcf14ebf140f,1,50777.43225179723
0x690dda4d417a4fc021487ed26e08bdfbd1c72327,3,397941.0
0xac011c30cd0ab431283e20462a7b9f0725537edf,1,20000.0
0xa8ef1647d2e092922257092855767cce2c3b850f,2,60000.0
0x610c744c3aa78c014c54757fda808807d0b92666,5,642413.5981895552
0x83342728c56aa3fe779f8f51fd38d3e06110f159,2,15201.635415724986
0x81ec3094b01609e7b0af2a90de1bfb781169b3c5,2,65000.0
0xae883156772f485ac3fea32f26f8df16486ed4c4,68,901693.4959096562
0xfcbcc4d925458b14630f49ee0d9f8d02159ddf19,1,178275.0
0x57672bf0b5ad949ecb727f4873eb4dd4a802221a,2,3437052.8605189486
0xd932a194c193b33371256281dd07f0ab7e27566d,1,407301.548123092
0xa9fee8501d00927c9fd58f7c650c4d96a91eb2e2,4,63500.0
0x26a722ac6e4218aa1c0ed8fa370425c0a5924884,2,35493.04031016954
0xa5df66e05b88baf764dbb5ea64b89bb153e3ac59,2,44000.0
0x5b94ce83af41b17aa315252ed62802c80ef6b444,9,3238088.2568685757
0x1cb15d740bc68f3786e5647c1416768da5e0528f,3,35000.0
0x774c7223f591db210de78c3f393a75a3fd1bd234,1,40000.0
0xee9e021e38d05823b4feae8c4d4c2ee32140aca7,1,65021.573341993055
0x59da132d54335ee516dc394e3810f1a2c4ea31d8,1,30348.312043860344
0x0c70843bf7af1f9863da81035b370403dbc6cf8e,1,609381.7622474793
0x08254a4320724aa0c8b5f16b184f943a1e9350e3,1,15204.982708861617
0x169da22c98f7153309b96290cb49f88f8e3ee9cd,1,15271.38673828985
0x644e0266a32293371d762e289a1438063d4ec1ce,2,104500.0
0x957ef89dcf7dcc37e9b62585489a863619bb6bef,1,1250000.0
0x9c96310560c7b46781fd9111e37658480b61edf6,1,25597.464730889584
0x65455e85e7afc5925ca1a3be2f1bc8999d25866c,9,28080.0
0x2d61fa0d5b7d341052ea9c1bf46dee23d02e0b8d,1,15317.456720616425
0x8f404ea944dcd355368bfacaa50edd3955563e79,6,100000.0
0x2bce53570ee3fe5e5c19827ed62e5ae9e54a56a7,2,44000.0
0x93a1e2afdd8aaa47966eb626961991854ed2aaec,2,113668.66581239726
0xc5ace6d80c0ab708bf99312ff5180d922e9789c9,1,300000.0
0xd4939f3330d218f55215b1be5eae395f1ac3d239,3,163850.1142305561
0x355d3b077339f05b4f52d0c8d7a2f491d1689c79,2,21500.0
0x7cafe30fbab0d7b9e9ad60ff38f9a06ac1b27986,1,65399.40146147307
0x403f4f5ef7832499d26694d4d8bc99459d922049,1,40000.0
0x8e553d7ca64318eb9f4d8df3244677cba0bade68,1,25773.1869011246
0xbd1918cdc1c3ab858923567eb1f8b5a2ca2164f3,3,520000.0
0x0ffbc4b48d1cc9522e91c9c653df68b92e67c6c9,1,15000.0
0x4bdb974b344222abb59d0987b558f545ab7427ff,1,450000.0
0x9a9eabefa8789f151737f967a439779bdcc61e3f,2,31434.553080146485
0x2ac70fc823579f9432594e4e67f5bd7354df003d,5,70650.0
0x8b70ad7fc3fedd7f122c0c787031f02652b687a7,3,88856.08651431461
0x2f5da21023b2e76e19bc666c0035f9daad90076c,2,25000.0
0x31a307b55010eb5d4f9f799b2ce72b4895c43d3b,2,19000.0
0x792d4eb428a344ba81a8f8f5a7869828b28af239,2,200000.0
0x38d5fd38356f1c08d25688bbaa07543e03ddfcf3,3,76046.53421230882
0x2f5f9bc4588628d46a416b4ebe15c940568ccf98,1,15000.0
0xce0e11118b68f27cd7ddd9d1f155d0ae06d7f37e,2,750300.0
0x01a9292ea6081549f26b82511372812d93c7de10,1,80000.0
0xe1e905d290413688a485213f2078481b51fab63d,3,58694.99546906153
0xfc7711ff5d704c831c62b402eb9119e5ed7d0c76,5,286657.92134356
0x145e7d737e0881538402648bae1a19595c379484,1,15000.0
0x2116480371e92cc309819607f5ee8f572e299b75,2,223543.48307890998
0x196f7781f39f2ba2fca91008ecd024a761f10c54,5,259790.0
0x34b9e61850b3a6c25613edb1d791cb58fc77c32c,3,49972.149676962654
0x72da53295372c22d75f6a9fa2e3f8365be5de918,9,158500.0
0x8f397749a37fb608f40203c0aa3d191debbce47f,2,55000.0
0x11c6d3101a73fd420827a76393d9c5057e111677,1,50000.0
0x5f28ceb6f9bd615bc0e6b71e5c19674923922e7d,1,27136.18712945623
0x64fe1225c7160b199eb4c1178f52181e7bdb6d83,2,31300.0
0xf37d078e45b977a5243999d5e6bf61d527bed9c2,16,3441551.556316302
0xe6844a58d32986ff48799ee3c6b85755691b6eae,4,86491.85426256
0x0ba93118f95187add582031c4402206574ab9c8b,7,750000.0
0x7e5d1b26170b736563e4ffd6884be6e1a2c353f6,15,297800.4992719327
0x074d71d45e5f90535356172889bdf913d9fb7a39,14,91700.0
0x986a6b83c518571dac7b7a02d3fe6fe388bf0d6a,1,17078.55418796259
0x8c3dfa6a5695aec88cf5774134ce4a82df420e03,2,46000.0
0x505a3b512e4c3ceef600263aac3610db58209a9e,2,37112.21926166027
0xcbea851c372ae88040602a3c8c9e7ef02c290eeb,3,60000.0
0xacb55ee7cd603379eaa2100b16fffa39423d59b5,1,15000.0
0xc7bb4198325ccc6edd394143ad6fd03695b72fc6,4,43250.0
0xc58a75c59bf14f4b58accf66a12a720010bbeedc,2,38000.0
0x535ee8a3643275feee4358d248ab5245a4a41cb5,3,40000.0
0x4e9cec4966e462585999086c292ba1de161d4ac4,1,20000.0
0x7585fc64d6d10996644fc66e393e0ca9041101cb,5,158432.69656891836
0x3c601142ab0aa442aaedc7f0f8ec552fb80c65df,5,26086.424135001493
0x439ebae4ba6df1c3e5cfe363913c81c4c631d474,5,93265.01525116
0xd8811fb867c4ebca910fedd9bb83bcb7eda3b6f4,8,47300.0
0x8876ca28a245a260e6fc194da1fb213e339717b8,5,44200.0
0xdf5d7000298a563e20ef29069db983765bdc3730,2,44426.33598456178
0xf974906b21a2d4b749359adb175366e0d4d12b47,2,116000.0
0x058b3472f6e69aa4b907ea892ed522dbec2b473d,2,79645.96054743539
0x70c2c08926b4bdcfab0d738b74a37b7dc41aabe0,1,16118.518948906603
0x8ecc05cdaebf0630266a7c931dd4adc7d4ccb857,3,33456.98874765841
0x53321e1c7f0d6747668f67456998123384fa4501,1,28008.82044550056
0x6988f90fed5e8624151f276ba92ed5564ecef850,1,89994.63917135456
0x560ccce2ea9c0fcd4cb6be74d6f16aa6730b9f35,3,31010.0
0x358224d7d0ffafe69617cf1a3ae1059b140823b1,2,21000.0
0x1f2a3d82315f660e6e53170caa0ca145662c1c13,13,522124.0
0x0689a6dba8616c25fb63e0e8c3b7573508b9fe09,1,100000.0
0xf2ae223845bcaeea217c6c85ad80665bb08a620a,3,22784.977313012216
0x450afaa25e96ec99006636a6c401f39a12db5360,1,40000.0
0x184476676fab1a022a706972107b3604bf7e6020,1,100000.0
0x4fcdd6eaf16dd84cfc1a4c1e72e94120c5c2c2c7,1,26081.722404583576
0x918e909791f6018c884bfa087ccb2b09e717e8f1,1,94686.83657606776
0x99cc212805197e4ea360dab5a77eb553b8c9b4c1,1,83491.53858191117
0x291ad7bc729a78007da09233b695682aa0d1f2b6,2,31000.0
0x3b3b74a698d72e4ab46e9d849e1509ccd4220004,1,18229.890987045936
0xffa733d93784387766ebf08741364c8327634494,1,45000.0
0xa2ebada63f27468e9b4f71a0e23ec3074046755b,1,15000.0
0xdd5d8dfffdc4c422a02991dcdb4af4dcd70f738d,1,15000.0
0xf64bb1443bf2a2862ce3c73faa8e4190297d7ac1,3,25030.49128011153
0xd1efedc3da5dd4d5d7854ffc70ac10ac1b25b4e0,3,100013.0
0xd6c80d70bbebe51f7bf51e1c1fa0ba0365177213,1,37500.0
0x45ba3197ad271bf065128901a9efbf4287c605d4,1,15842.620714247692
0xb1ca53249f4691f18e655343819c993c1486eee9,1,50000.0
0xfd20a412c7105dac0c042b3450bf83ef108492b5,1,30000.0
0x6639eea9c26b6e7c1e4c91707c4d4fea6aaa2192,1,15121.95006998347
0x59af8847f678fdb7b156cf31f6f869fe965e384e,1,18900.0
0x7d2a07942ebb7ca3305160bf559a52e63729ba44,2,19842.811167811808
0xe1f23e368cd1c1fe72104f33f43b3c873fdcf847,56,90430000.0
0x5ec2ac8d74edb98046cca338c10b199095db7eac,2,22441.552161403313
0x06949b699c7ff4dd51ec457e8754f591f84c6fea,3,96942.29328986
0x049ad4abcb6e7c93208c9984374e3fc7a117fe3d,3,105768.81517157
0xc28f44c5c25b0cb8e8f31c71b6be638f66c9b01b,1,15275.025720536383
0xb56a07e55d7d2e7c715533ea8fb2720e5a0d8046,4,32000.89655172413
0x61d43b1b10eee4dc8812bf1c4f97ad4d571c2908,1,50496.771028701296
0x2545ceb62dd6e3818bc0348fa03365e66ebff48e,9,114828.10072105133
0x4537d1a1ffce5efc570ad4872fc0ab2f563f9ebf,4,41900.0
0x2e0edbb6ad2580048e8dba59e1e5e0eb17b12b8e,3,37630.0
0xaf0a5e36bd3ebd51daf41384a2e272be1b01274d,8,27950.0
0x5c60e3fe01f4573c0a94e9bae8ec50c4225fbf75,1,500000.0
0x8faf77697e29f76ce0c28383d74468a9ea025a69,1,15000.0
0x9a8b5f5d62f4f5e2f229676b3eec32fbf8c1fa89,6,158150.0
0xf73fa5deda06e034a3d0731bdefa90b20f35a328,9,185000.0
0x6701ab0352972bdb2c92af42e152265e4845b91a,2,2515000.0
0x873328e60274752d75af98e0bd8cf1c5512fa871,9,1524400.0
0xe10dd83a1fc163d7fca8d69a711553a4492dab93,1,75000.0
0x1bae962a8fea01e6a61ad052c4656ee9438d368e,2,43100.0
0x58e2b85abd1af3d993b1775d3cd085cbcf9348b6,31,92104.89309289289
0xea38153b5adf9f5ad2ed2b0762b4dc5fe7bf4ad2,1,15249.277602835858
0x1eeca056789c7c0b1489178adbae26a3aa5e9b61,4,101218.45480534
0x3af11755957dc173deebbf223cf00f7172c28aba,1,32727.21857963038
0x93e0910c12f0b90f9ef744af00cd1cb953bbbf77,1,15266.687101399875
0x9fe6e14684416b5e9dbd8240b33af9a7dc144ebd,1,30280.4
0x655e761c941cdbae43514f65e57865f9bc3f54ab,29,591920.2159502996
0xc049a7ced17862d3b1b90e512a6862078f82a666,3,50013.65517241379
0xdbc3f19babcc2c861f8fcd0cfeed63a61453c57e,3,88000.0
0xa58bd5e614317f14d88e0806d112fd454670b6ed,3,1603000.0
0x694ff62c33eeae82b7d7b3b793c007c207636a1b,6,34000.0
0x1a3b0d3138163d4f25603b33586b01257e619d64,1,15139.73351928387
0x29af0fe10d8e379835a5576d762d0a3df1e62b3a,3,22000.0
0xe12ee4041e659bc8cfb32f9262ca3e590342cb1c,1,804514.8556558321
0x16132c45a3acd13687e46963e535c22b9abd5b65,2,24969.0
0xfa1f844018a7d64a3b6d6afb74e479f4ccf585a1,21,351076.0
0x9f399f805795cfa6bbdfbaaeb2d1a48a1e01f629,2,24729.532268265008
0x47d97f3c25d6f96cf6f0f9664e6970ec1209c19f,1,15500.0
0xd6333cb33aab0931e3d63c4d9285284f1798b947,1,21419.23484941764
0x3b66455a1186b464ac3912933d6b88f9857e7fb7,4,245000.0
0xd362bf56c8be65c8a2f8b9fd9272b2ea3b7123f6,1,50350.0
0x973221e85cda6a75846ef1c22a4412be3a0aff9e,16,513819.6927308989
0x043a1005a8bc66a0217ee75fe2ecda18c14a809d,4,79907.37322113602
0xc2ca7cffca8ed929925ea248b3d8869862497b5f,6,436922.07858966116
0xb6abafe2c8febba56f3e102da8fbdaa5705d950c,3,99876.3425839862
0x851bf183e5a520589d22827e98f917b1158cd287,2,26053.200268653505
0x834f076a1707989e2da3979fd2181301968170b4,3,165000.0
0x51934b8c2977c1e5c38b435a42869b529d64bf8e,4,37500.0
0x4ed79000947cc00ae9b3c19cc1b87d43ca53f81a,9,677017.89569224
0x26080393150f2e9b3b61449c9345960380aa7340,5,155000.0
0xacb4364b23f6defc5718f6faa32d3eb5295bc1c5,6,507449.58468965517
0xd1c7b833232da3d4182cf3f17fe4bd26f0a912c5,5,4612806.927680291
0xdd805914a055a090892158f57dca419e8042746a,6,54500.0
0xce18595519cf99052be01e98030c4b22afc1b3d1,5,410357.671952456
0x6075dc018af7ad9dd7761bca936fbe2b0b9ddf19,2,40000.0
0x8e9308d2ad1bc6e351c752427db89a20d3158492,1,25000.0
0x8392b27780198f944cf4211dc6440562e1bcf319,1,80000.0
0xc96abb06705bf4a079ae03e3b40179d6ea5a4677,1,30000.0
0x569a13ea92c27373242d94856f730cbe7d84bfef,1,15000.0
0xbd307005020ae11bbfaab05aa7a1c61ae2e74e61,6,130000.0
0x5d00ed0371b4c6f683c29c5fd695350e42b60b39,1,20067.01534906554
0x0f4975116ec4f38b47f9bd270500d7e8f1b69d73,7,56483.989528363476
0xc0ac7c60b5480c3a3c6fb4f130fee228779faaec,1,15000.0
0x9b8b32fa9e446ad5cc511683bc95110c2ea43dc9,7,74500.0
0x641deb85b38f00b589232a3b42a7d475d3fa8e2a,1,14000.0
0xacddeed0d62715efffbd7b5a0656ab177558bab4,3,107000.0
0x95628675b78ee7b4504c311f34cac15163673152,3,85080000.0
0xb5894d0f67ebf2cda3638b6b889c0e2ff758c828,1,15000.0
0x1ce2c60ebec591d667168be8bfcd47fae42f9c93,5,813570.0
0x4266305fcbed1504afc6bd646f8973de7292fb1d,2,17000.0
0x5c396632f463e720a32f00b25a3e6e985f895fa2,3,32505.0
0x6ed05b1fcede99abec2792df25ef08cf954ad3ac,2,35356.686361843305
0x0fcab49c40a082e749295dc0fd04f70b061fa0f0,1,38535.02785886584
0xd2ced98cf80381b2f596dff4d3cb9519153fe7ff,3,171349.62167944477
0xd4e934d78bd09f931d9a01f1350bd61e79373f8a,1,16197.669395003655
0xe1a450530f1174f5e78f10bf6380b04fcdaa9214,2,46932.19450677984
0xc439970dfd53db34c7246566cf0cbbebd2a18c96,8,75650.0
0x987f6a33e7b829df6ef0c4f5d37094248b8b5258,3,12363.29784827111
0x14a106ce90037aa16d29c93a15463e7b69bb7e01,8,22550.0
0x7b6cf89dbb6669ea09c8596fdb14208b5ed82326,5,29500.0
0x2fd42520ceb6f1df5d4ffebee2fa236a00707698,1,30000.0
0x4222d1876e04f26727bfcd96e4e2bbf53f5b5afd,1,10000.0
0x7619bea4bf3522cafb0a1f4c1e8e10a579255702,4,27000.0
0x01f0515cc3d795b18a156a58a8c8fb2a9d8f0a13,2,425000.0
0x3cb96bd4f6d758220623320710b9f406bd68f58e,1,321000.0
0xef05c5e68072988105f007ad46bc1387f54e26ea,3,24811.0
0x36b4d57a861eb8d184811bef0c39841319654984,1,9376.873871552449
0xdde1873f11fd675385ec7348056289473558ee63,5,532000.0
0x23397ee0673330deda87ed741d19ca5182906c51,2,19826.109948600188
0x23f5d5c70ae239fc0636858c2430f50a2f3d3cda,1,12000.0
0x070f85eaf1be5a1f43a0b16b77907303b2542e89,1,11000.0
0xfc119f10e0b3dd66a0b49077c59b2f6f92ec1d92,1,148907.35488369066
0x0ea6038d92c4859060da3db5078b7cd81e9cfcd6,1,10000.0
0xcd2d3cc8936d249f3eef94bef61fbe1a6bfed705,1,150000.0
0x5036d491a28ae3352fc44b33b11ed23d6e0731ef,2,1650000.0
0x984e9ec0b25373eddb85dd0820993d6e28ef1685,1,9000.0
0x859c1c51db04d9cb528a6b17903f49b2ca0a0e17,2,28000.0
0x348293868e5f0ee914adec875ff50f8dc9994a74,1,15000.0
0xb8d98d378d58f2fdcf1766985412e6a4121ebccf,2,40827.189370637774
0xf33a480ee1885588a1c6f42c56adf9568b339748,1,20000.0
0xacca2bfe378c2e74cbb146a2cde7d387ece89d03,1,7690.490825365883
0x8c2e30a570d595eff6b318594311e774f5f430ed,1,14000.0
0x5d42ebb497f8ff9dc4c54ddd1a96faad802d1a9a,1,7500.0
0x60911e15d0b342bb3d06a00dc6708bc66a9936f1,2,138954.84675014543
0xc3e2b67a629ba8e21933d3b66f8d8eebc464817f,2,16994.31926896794
0x879f2b38a7686f35e8494881659271af274111ff,2,508000.0
0x2a0fd93b833d52cb20554eb98a1e0c4f0e7dce48,3,213127.30033336818
0xc9a13ae2c3149b3b0c6c2c7c22c33877bf2bee3a,1,10000.0
0x7a386a06efd8f360bc0f0008b46283c5db63d294,1,7748.560484765832
0xe3ded05f933d7d62752523b8557a4452feb51033,1,15000.0
0x66e312226ea0f001eaf1c068138638cc6d8a0e5e,1,12000.0
0x34e1ab2fce4f8e6a3b767e3b9d282650e435b91d,3,60017.5
0x5ad6499e0a07df5388a51bee32c56ae1698371f8,1,12750.0
0x9fcbcd4c03cdf022558582e9e7edd422ae88dcfb,1,167899.0
0x5050b3220dd51b3e1b724ffb1fe99b4d6629ff07,1,189103.42602426064
0x78cfc94d636be073b21f3a9ef3b91a1152c6c7e6,1,15897.0
0xdeb901660cabd0bd064671f906e1f47e080976eb,1,8250.0
0x846312a38d9b9c6c0064b7f4c855f0823799a6df,1,274317.54041946714
0xcb7ab18c30efe6e5554089af8520d4109ef460b2,1,7500.0
